dataset,seed,repeat,method,metric,k,primary_f1,macro_f1,macro_f1_percent,cv_macro_f1,best_params,elapsed_seconds,status,error,source_classifier,source_dataset,n_train,n_test,n_features,n_classes,primary_metric,primary_value,secondary_metric,secondary_value,tertiary_metric,tertiary_value,avg_rrc_size,max_rrc_size,rrc_rc_ratio
breast_cancer,1998,1,decision_tree,imported_baseline,,0.8968325791855204,0.8968325791855204,89.68325791855204,0.9411912806247976,"{""max_depth"": 10, ""max_features"": null, ""min_impurity_decrease"": 0.0, ""min_samples_leaf"": 1, ""min_samples_split"": 2}",0.104,ok,,decision_tree,breast_cancer,455,114,30,2,configured_max_depth,10.0,max_path_features,5.0,avg_path_features,4.105263157894737,,,
breast_cancer,1999,2,decision_tree,imported_baseline,,0.922972972972973,0.922972972972973,92.29729729729728,0.9502402559958238,"{""max_depth"": 5, ""max_features"": ""sqrt"", ""min_impurity_decrease"": 0.0, ""min_samples_leaf"": 1, ""min_samples_split"": 5}",0.117,ok,,decision_tree,breast_cancer,455,114,30,2,configured_max_depth,5.0,max_path_features,5.0,avg_path_features,4.350877192982456,,,
breast_cancer,2000,3,decision_tree,imported_baseline,,0.8921475875118259,0.8921475875118259,89.21475875118259,0.9096103733672916,"{""max_depth"": 5, ""max_features"": ""sqrt"", ""min_impurity_decrease"": 0.0, ""min_samples_leaf"": 2, ""min_samples_split"": 2}",0.127,ok,,decision_tree,breast_cancer,455,114,30,2,configured_max_depth,5.0,max_path_features,5.0,avg_path_features,4.43859649122807,,,
breast_cancer,2001,4,decision_tree,imported_baseline,,0.9105882352941176,0.9105882352941176,91.05882352941175,0.9310168237631444,"{""max_depth"": 5, ""max_features"": ""sqrt"", ""min_impurity_decrease"": 0.0, ""min_samples_leaf"": 2, ""min_samples_split"": 5}",0.089,ok,,decision_tree,breast_cancer,455,114,30,2,configured_max_depth,5.0,max_path_features,5.0,avg_path_features,4.614035087719298,,,
breast_cancer,2002,5,decision_tree,imported_baseline,,0.9712773998488284,0.9712773998488284,97.12773998488284,0.9220693570043684,"{""max_depth"": 10, ""max_features"": ""sqrt"", ""min_impurity_decrease"": 0.0, ""min_samples_leaf"": 2, ""min_samples_split"": 2}",0.103,ok,,decision_tree,breast_cancer,455,114,30,2,configured_max_depth,10.0,max_path_features,8.0,avg_path_features,5.807017543859649,,,
breast_cancer,2003,6,decision_tree,imported_baseline,,0.9238222519211494,0.9238222519211494,92.38222519211494,0.9321110737674658,"{""max_depth"": 10, ""max_features"": ""sqrt"", ""min_impurity_decrease"": 0.0, ""min_samples_leaf"": 1, ""min_samples_split"": 2}",0.098,ok,,decision_tree,breast_cancer,455,114,30,2,configured_max_depth,10.0,max_path_features,6.0,avg_path_features,4.342105263157895,,,
breast_cancer,2004,7,decision_tree,imported_baseline,,0.9170641015277664,0.9170641015277664,91.70641015277666,0.9291474220441078,"{""max_depth"": 10, ""max_features"": null, ""min_impurity_decrease"": 0.0, ""min_samples_leaf"": 2, ""min_samples_split"": 2}",0.103,ok,,decision_tree,breast_cancer,455,114,30,2,configured_max_depth,10.0,max_path_features,5.0,avg_path_features,3.982456140350877,,,
breast_cancer,2005,8,decision_tree,imported_baseline,,0.9074675324675324,0.9074675324675324,90.74675324675326,0.9387467618920768,"{""max_depth"": 10, ""max_features"": ""sqrt"", ""min_impurity_decrease"": 0.0, ""min_samples_leaf"": 1, ""min_samples_split"": 2}",0.121,ok,,decision_tree,breast_cancer,455,114,30,2,configured_max_depth,10.0,max_path_features,9.0,avg_path_features,5.684210526315789,,,
breast_cancer,2006,9,decision_tree,imported_baseline,,0.87995787995788,0.87995787995788,87.99578799578799,0.9434289519697918,"{""max_depth"": 5, ""max_features"": ""sqrt"", ""min_impurity_decrease"": 0.0, ""min_samples_leaf"": 1, ""min_samples_split"": 5}",0.11,ok,,decision_tree,breast_cancer,455,114,30,2,configured_max_depth,5.0,max_path_features,5.0,avg_path_features,3.1052631578947367,,,
breast_cancer,2007,10,decision_tree,imported_baseline,,0.8635897435897436,0.8635897435897436,86.35897435897436,0.9337085292821762,"{""max_depth"": 10, ""max_features"": null, ""min_impurity_decrease"": 0.0, ""min_samples_leaf"": 1, ""min_samples_split"": 2}",0.104,ok,,decision_tree,breast_cancer,455,114,30,2,configured_max_depth,10.0,max_path_features,6.0,avg_path_features,3.701754385964912,,,
breast_cancer,1998,1,fcalc_deterministic,imported_baseline,,0.8999648999648999,0.8999648999648999,89.99648999649,0.9318544193814592,"{""cv_f1"": 0.9318544193814592, ""family"": ""proximity"", ""method"": ""proximity""}",29.782,ok,,fcalc,breast_cancer,455,114,30,2,size,13650.0,,,,,,,
breast_cancer,1999,2,fcalc_deterministic,imported_baseline,,0.922051282051282,0.922051282051282,92.2051282051282,0.9193483032241464,"{""cv_f1"": 0.9193483032241465, ""family"": ""proximity"", ""method"": ""proximity""}",29.922,ok,,fcalc,breast_cancer,455,114,30,2,size,13650.0,,,,,,,
breast_cancer,2000,3,fcalc_deterministic,imported_baseline,,0.9422297297297296,0.9422297297297296,94.22297297297295,0.916767522803234,"{""cv_f1"": 0.9167675228032339, ""family"": ""proximity"", ""method"": ""proximity""}",29.79,ok,,fcalc,breast_cancer,455,114,30,2,size,13650.0,,,,,,,
breast_cancer,2001,4,fcalc_deterministic,imported_baseline,,0.9313666465984348,0.9313666465984348,93.13666465984348,0.9244355444297244,"{""cv_f1"": 0.9244355444297243, ""family"": ""proximity"", ""method"": ""proximity""}",29.841,ok,,fcalc,breast_cancer,455,114,30,2,size,13650.0,,,,,,,
breast_cancer,2002,5,fcalc_deterministic,imported_baseline,,0.9313666465984348,0.9313666465984348,93.13666465984348,0.924616120620768,"{""cv_f1"": 0.9246161206207679, ""family"": ""proximity"", ""method"": ""proximity""}",29.786,ok,,fcalc,breast_cancer,455,114,30,2,size,13650.0,,,,,,,
breast_cancer,2003,6,fcalc_deterministic,imported_baseline,,0.9105882352941176,0.9105882352941176,91.05882352941175,0.9322877745916096,"{""cv_f1"": 0.9322877745916097, ""family"": ""proximity"", ""method"": ""proximity""}",29.859,ok,,fcalc,breast_cancer,455,114,30,2,size,13650.0,,,,,,,
breast_cancer,2004,7,fcalc_deterministic,imported_baseline,,0.9415384615384615,0.9415384615384615,94.15384615384616,0.9217692619246864,"{""cv_f1"": 0.9217692619246864, ""family"": ""proximity"", ""method"": ""proximity""}",29.916,ok,,fcalc,breast_cancer,455,114,30,2,size,13650.0,,,,,,,
breast_cancer,2005,8,fcalc_deterministic,imported_baseline,,0.8830769230769231,0.8830769230769231,88.3076923076923,0.9290226240284905,"{""cv_f1"": 0.9290226240284903, ""family"": ""proximity"", ""method"": ""proximity""}",29.9,ok,,fcalc,breast_cancer,455,114,30,2,size,13650.0,,,,,,,
breast_cancer,2006,9,fcalc_deterministic,imported_baseline,,0.87995787995788,0.87995787995788,87.99578799578799,0.9315440000527818,"{""cv_f1"": 0.9315440000527818, ""family"": ""proximity"", ""method"": ""proximity""}",29.93,ok,,fcalc,breast_cancer,455,114,30,2,size,13650.0,,,,,,,
breast_cancer,2007,10,fcalc_deterministic,imported_baseline,,0.846595496546156,0.846595496546156,84.6595496546156,0.9317588083677868,"{""cv_f1"": 0.9317588083677867, ""family"": ""proximity"", ""method"": ""proximity""}",29.78,ok,,fcalc,breast_cancer,455,114,30,2,size,13650.0,,,,,,,
breast_cancer,1998,1,fcalc_randomized,imported_baseline,,0.8670494303400018,0.8670494303400018,86.70494303400018,0.9556513909071288,"{""cv_f1"": 0.9556513909071287, ""family"": ""proximity"", ""method"": ""proximity-non-falsified"", ""num_iters"": 20, ""subsample_size"": 5}",31.639,ok,,fcalc_rand,breast_cancer,455,114,30,2,size,1200.0,num_iters,20.0,,,,,
breast_cancer,1999,2,fcalc_randomized,imported_baseline,,0.9614864864864864,0.9614864864864864,96.14864864864865,0.9536923448302094,"{""cv_f1"": 0.9536923448302094, ""family"": ""standard"", ""method"": ""ratio-support"", ""num_iters"": 40, ""subsample_size"": 9}",32.013,ok,,fcalc_rand,breast_cancer,455,114,30,2,size,2400.0,num_iters,40.0,,,,,
breast_cancer,2000,3,fcalc_randomized,imported_baseline,,0.9434523809523808,0.9434523809523808,94.34523809523807,0.9591858014197026,"{""cv_f1"": 0.9591858014197026, ""family"": ""proximity"", ""method"": ""proximity-non-falsified"", ""num_iters"": 30, ""subsample_size"": 6}",32.031,ok,,fcalc_rand,breast_cancer,455,114,30,2,size,1800.0,num_iters,30.0,,,,,
breast_cancer,2001,4,fcalc_randomized,imported_baseline,,0.9809555629802872,0.9809555629802872,98.09555629802873,0.9463220310871898,"{""cv_f1"": 0.9463220310871898, ""family"": ""proximity"", ""method"": ""proximity-non-falsified"", ""num_iters"": 50, ""subsample_size"": 6}",32.215,ok,,fcalc_rand,breast_cancer,455,114,30,2,size,3000.0,num_iters,50.0,,,,,
breast_cancer,2002,5,fcalc_randomized,imported_baseline,,0.9811507936507936,0.9811507936507936,98.11507936507935,0.9649579379553608,"{""cv_f1"": 0.9649579379553608, ""family"": ""standard"", ""method"": ""ratio-support"", ""num_iters"": 50, ""subsample_size"": 9}",32.141,ok,,fcalc_rand,breast_cancer,455,114,30,2,size,3000.0,num_iters,50.0,,,,,
breast_cancer,2003,6,fcalc_randomized,imported_baseline,,0.951575906889814,0.951575906889814,95.1575906889814,0.9599663906084784,"{""cv_f1"": 0.9599663906084785, ""family"": ""proximity"", ""method"": ""proximity-support"", ""num_iters"": 50, ""subsample_size"": 10}",32.258,ok,,fcalc_rand,breast_cancer,455,114,30,2,size,3000.0,num_iters,50.0,,,,,
breast_cancer,2004,7,fcalc_randomized,imported_baseline,,0.951575906889814,0.951575906889814,95.1575906889814,0.9618350227107032,"{""cv_f1"": 0.9618350227107033, ""family"": ""proximity"", ""method"": ""proximity-non-falsified"", ""num_iters"": 20, ""subsample_size"": 6}",31.821,ok,,fcalc_rand,breast_cancer,455,114,30,2,size,1200.0,num_iters,20.0,,,,,
breast_cancer,2005,8,fcalc_randomized,imported_baseline,,0.9526381387619444,0.9526381387619444,95.26381387619442,0.9573050823812064,"{""cv_f1"": 0.9573050823812064, ""family"": ""proximity"", ""method"": ""proximity-non-falsified"", ""num_iters"": 40, ""subsample_size"": 8}",31.976,ok,,fcalc_rand,breast_cancer,455,114,30,2,size,2400.0,num_iters,40.0,,,,,
breast_cancer,2006,9,fcalc_randomized,imported_baseline,,0.8891736632788334,0.8891736632788334,88.91736632788334,0.9524351238970769,"{""cv_f1"": 0.9524351238970767, ""family"": ""standard"", ""method"": ""ratio-support"", ""num_iters"": 30, ""subsample_size"": 5}",32.194,ok,,fcalc_rand,breast_cancer,455,114,30,2,size,1800.0,num_iters,30.0,,,,,
breast_cancer,2007,10,fcalc_randomized,imported_baseline,,0.8891736632788334,0.8891736632788334,88.91736632788334,0.9593402018727188,"{""cv_f1"": 0.9593402018727188, ""family"": ""proximity"", ""method"": ""proximity-non-falsified"", ""num_iters"": 20, ""subsample_size"": 8}",31.998,ok,,fcalc_rand,breast_cancer,455,114,30,2,size,1200.0,num_iters,20.0,,,,,
breast_cancer,1998,1,ips_knn,imported_baseline,,0.9415384615384615,0.9415384615384615,94.15384615384616,0.9692321952999076,"{""k"": 5}",30.476,ok,,ips_knn,breast_cancer,455,114,30,2,avg_rrc_size,4.956140350877193,max_rrc_size,11.0,,,4.956140350877193,11.0,0.165204678362573
breast_cancer,1999,2,ips_knn,imported_baseline,,0.9614864864864864,0.9614864864864864,96.14864864864865,0.9715528486676084,"{""k"": 8}",30.619,ok,,ips_knn,breast_cancer,455,114,30,2,avg_rrc_size,5.096491228070176,max_rrc_size,12.0,,,5.096491228070176,12.0,0.1698830409356725
breast_cancer,2000,3,ips_knn,imported_baseline,,0.9905276277523888,0.9905276277523888,99.05276277523888,0.9640983268540646,"{""k"": 10}",30.627,ok,,ips_knn,breast_cancer,455,114,30,2,avg_rrc_size,5.289473684210527,max_rrc_size,10.0,,,5.289473684210527,10.0,0.1763157894736842
breast_cancer,2001,4,ips_knn,imported_baseline,,0.9614864864864864,0.9614864864864864,96.14864864864865,0.9597952951842624,"{""k"": 6}",30.616,ok,,ips_knn,breast_cancer,455,114,30,2,avg_rrc_size,5.017543859649122,max_rrc_size,10.0,,,5.017543859649122,10.0,0.167251461988304
breast_cancer,2002,5,ips_knn,imported_baseline,,0.9715828832571668,0.9715828832571668,97.15828832571668,0.9618484476524684,"{""k"": 5}",30.591,ok,,ips_knn,breast_cancer,455,114,30,2,avg_rrc_size,4.991228070175438,max_rrc_size,11.0,,,4.991228070175438,11.0,0.1663742690058479
breast_cancer,2003,6,ips_knn,imported_baseline,,0.9619111259605748,0.9619111259605748,96.19111259605748,0.9645048036911764,"{""k"": 3}",30.577,ok,,ips_knn,breast_cancer,455,114,30,2,avg_rrc_size,4.885964912280702,max_rrc_size,10.0,,,4.885964912280702,10.0,0.1628654970760234
breast_cancer,2004,7,ips_knn,imported_baseline,,0.9619111259605748,0.9619111259605748,96.19111259605748,0.9692265368648776,"{""k"": 4}",30.615,ok,,ips_knn,breast_cancer,455,114,30,2,avg_rrc_size,4.789473684210527,max_rrc_size,9.0,,,4.789473684210527,9.0,0.1596491228070175
breast_cancer,2005,8,ips_knn,imported_baseline,,0.9715828832571668,0.9715828832571668,97.15828832571668,0.9597371711957134,"{""k"": 6}",30.617,ok,,ips_knn,breast_cancer,455,114,30,2,avg_rrc_size,4.885964912280702,max_rrc_size,10.0,,,4.885964912280702,10.0,0.1628654970760234
breast_cancer,2006,9,ips_knn,imported_baseline,,0.9210526315789472,0.9210526315789472,92.10526315789474,0.9762555592050546,"{""k"": 9}",30.548,ok,,ips_knn,breast_cancer,455,114,30,2,avg_rrc_size,5.508771929824562,max_rrc_size,18.0,,,5.508771929824562,18.0,0.183625730994152
breast_cancer,2007,10,ips_knn,imported_baseline,,0.8891736632788334,0.8891736632788334,88.91736632788334,0.9738959285621774,"{""k"": 5}",30.488,ok,,ips_knn,breast_cancer,455,114,30,2,avg_rrc_size,5.166666666666667,max_rrc_size,13.0,,,5.166666666666667,13.0,0.1722222222222222
breast_cancer,1998,1,knn,imported_baseline,,0.9322062696457396,0.9322062696457396,93.22062696457397,0.9669217195863492,"{""n_neighbors"": 4, ""weights"": ""distance""}",0.514,ok,,knn,breast_cancer,455,114,30,2,size,120.0,,,,,,,
breast_cancer,1999,2,knn,imported_baseline,,0.9614864864864864,0.9614864864864864,96.14864864864865,0.9713031020914762,"{""n_neighbors"": 5, ""weights"": ""uniform""}",0.53,ok,,knn,breast_cancer,455,114,30,2,size,150.0,,,,,,,
breast_cancer,2000,3,knn,imported_baseline,,0.9905276277523888,0.9905276277523888,99.05276277523888,0.9618008159358642,"{""n_neighbors"": 10, ""weights"": ""distance""}",0.496,ok,,knn,breast_cancer,455,114,30,2,size,300.0,,,,,,,
breast_cancer,2001,4,knn,imported_baseline,,0.9614864864864864,0.9614864864864864,96.14864864864865,0.9619630181570594,"{""n_neighbors"": 11, ""weights"": ""uniform""}",0.555,ok,,knn,breast_cancer,455,114,30,2,size,330.0,,,,,,,
breast_cancer,2002,5,knn,imported_baseline,,0.9715828832571668,0.9715828832571668,97.15828832571668,0.9641157773227362,"{""n_neighbors"": 7, ""weights"": ""uniform""}",0.534,ok,,knn,breast_cancer,455,114,30,2,size,210.0,,,,,,,
breast_cancer,2003,6,knn,imported_baseline,,0.9422297297297296,0.9422297297297296,94.22297297297295,0.9667164413826904,"{""n_neighbors"": 9, ""weights"": ""uniform""}",0.528,ok,,knn,breast_cancer,455,114,30,2,size,270.0,,,,,,,
breast_cancer,2004,7,knn,imported_baseline,,0.9619111259605748,0.9619111259605748,96.19111259605748,0.9690351164796998,"{""n_neighbors"": 6, ""weights"": ""distance""}",0.554,ok,,knn,breast_cancer,455,114,30,2,size,180.0,,,,,,,
breast_cancer,2005,8,knn,imported_baseline,,0.9715828832571668,0.9715828832571668,97.15828832571668,0.9620419884742422,"{""n_neighbors"": 5, ""weights"": ""uniform""}",0.539,ok,,knn,breast_cancer,455,114,30,2,size,150.0,,,,,,,
breast_cancer,2006,9,knn,imported_baseline,,0.9210526315789472,0.9210526315789472,92.10526315789474,0.973832984874852,"{""n_neighbors"": 9, ""weights"": ""distance""}",0.517,ok,,knn,breast_cancer,455,114,30,2,size,270.0,,,,,,,
breast_cancer,2007,10,knn,imported_baseline,,0.8999648999648999,0.8999648999648999,89.99648999649,0.9762580310930018,"{""n_neighbors"": 6, ""weights"": ""distance""}",0.531,ok,,knn,breast_cancer,455,114,30,2,size,180.0,,,,,,,
breast_cancer,1998,1,logistic_regression,imported_baseline,,0.951575906889814,0.951575906889814,95.1575906889814,0.9834334531110004,"{""C"": 1, ""penalty"": ""l2"", ""solver"": ""liblinear""}",0.166,ok,,logistic_regression,breast_cancer,455,114,30,2,size,31.0,,,,,,,
breast_cancer,1999,2,logistic_regression,imported_baseline,,0.9811507936507936,0.9811507936507936,98.11507936507935,0.9787983624748782,"{""C"": 1, ""penalty"": ""l2"", ""solver"": ""liblinear""}",55.335,ok,,logistic_regression,breast_cancer,455,114,30,2,size,31.0,,,,,,,
breast_cancer,2000,3,logistic_regression,imported_baseline,,0.9905276277523888,0.9905276277523888,99.05276277523888,0.981061112185494,"{""C"": 0.1, ""penalty"": ""l2"", ""solver"": ""liblinear""}",56.202,ok,,logistic_regression,breast_cancer,455,114,30,2,size,31.0,,,,,,,
breast_cancer,2001,4,logistic_regression,imported_baseline,,0.9809555629802872,0.9809555629802872,98.09555629802873,0.9718196336444714,"{""C"": 0.1, ""penalty"": ""l2"", ""solver"": ""liblinear""}",25.96,ok,,logistic_regression,breast_cancer,455,114,30,2,size,31.0,,,,,,,
breast_cancer,2002,5,logistic_regression,imported_baseline,,0.9905276277523888,0.9905276277523888,99.05276277523888,0.9716707112248708,"{""C"": 0.1, ""penalty"": ""l2"", ""solver"": ""liblinear""}",27.186,ok,,logistic_regression,breast_cancer,455,114,30,2,size,31.0,,,,,,,
breast_cancer,2003,6,logistic_regression,imported_baseline,,0.9623015873015872,0.9623015873015872,96.23015873015872,0.9784420438940742,"{""C"": 1, ""penalty"": ""l2"", ""solver"": ""lbfgs""}",27.455,ok,,logistic_regression,breast_cancer,455,114,30,2,size,31.0,,,,,,,
breast_cancer,2004,7,logistic_regression,imported_baseline,,0.9809555629802872,0.9809555629802872,98.09555629802873,0.9786765402617156,"{""C"": 0.1, ""penalty"": ""l2"", ""solver"": ""liblinear""}",27.216,ok,,logistic_regression,breast_cancer,455,114,30,2,size,31.0,,,,,,,
breast_cancer,2005,8,logistic_regression,imported_baseline,,0.9811507936507936,0.9811507936507936,98.11507936507935,0.9834048104848524,"{""C"": 0.1, ""penalty"": ""l2"", ""solver"": ""liblinear""}",54.367,ok,,logistic_regression,breast_cancer,455,114,30,2,size,31.0,,,,,,,
breast_cancer,2006,9,logistic_regression,imported_baseline,,0.9415384615384615,0.9415384615384615,94.15384615384616,0.981099993206324,"{""C"": 1, ""penalty"": ""l2"", ""solver"": ""liblinear""}",0.143,ok,,logistic_regression,breast_cancer,455,114,30,2,size,31.0,,,,,,,
breast_cancer,2007,10,logistic_regression,imported_baseline,,0.8999648999648999,0.8999648999648999,89.99648999649,0.9904862817059816,"{""C"": 1, ""penalty"": ""l1"", ""solver"": ""liblinear""}",0.14,ok,,logistic_regression,breast_cancer,455,114,30,2,size,31.0,,,,,,,
breast_cancer,1998,1,naive_bayes,imported_baseline,,0.8725380579685216,0.8725380579685216,87.25380579685216,0.9527158910668464,"{""var_smoothing"": 1e-09}",0.019,ok,,naive_bayes,breast_cancer,455,114,30,2,size,122.0,,,,,,,
breast_cancer,1999,2,naive_bayes,imported_baseline,,0.922972972972973,0.922972972972973,92.29729729729728,0.9363629834345832,"{""var_smoothing"": 1e-09}",0.021,ok,,naive_bayes,breast_cancer,455,114,30,2,size,122.0,,,,,,,
breast_cancer,2000,3,naive_bayes,imported_baseline,,0.962659679004258,0.962659679004258,96.2659679004258,0.9267671441847856,"{""var_smoothing"": 1e-09}",0.02,ok,,naive_bayes,breast_cancer,455,114,30,2,size,122.0,,,,,,,
breast_cancer,2001,4,naive_bayes,imported_baseline,,0.9322062696457396,0.9322062696457396,93.22062696457397,0.9382289455569413,"{""var_smoothing"": 1e-09}",0.019,ok,,naive_bayes,breast_cancer,455,114,30,2,size,122.0,,,,,,,
breast_cancer,2002,5,naive_bayes,imported_baseline,,0.9521289997480472,0.9521289997480472,95.21289997480471,0.9310985442462988,"{""var_smoothing"": 1e-09}",0.022,ok,,naive_bayes,breast_cancer,455,114,30,2,size,122.0,,,,,,,
breast_cancer,2003,6,naive_bayes,imported_baseline,,0.9117571170551304,0.9117571170551304,91.17571170551304,0.9455630193561227,"{""var_smoothing"": 1e-09}",0.02,ok,,naive_bayes,breast_cancer,455,114,30,2,size,122.0,,,,,,,
breast_cancer,2004,7,naive_bayes,imported_baseline,,0.9526381387619444,0.9526381387619444,95.26381387619442,0.9332708743172428,"{""var_smoothing"": 1e-09}",0.022,ok,,naive_bayes,breast_cancer,455,114,30,2,size,122.0,,,,,,,
breast_cancer,2005,8,naive_bayes,imported_baseline,,0.8977745169968208,0.8977745169968208,89.77745169968208,0.935878785964993,"{""var_smoothing"": 1e-09}",0.021,ok,,naive_bayes,breast_cancer,455,114,30,2,size,122.0,,,,,,,
breast_cancer,2006,9,naive_bayes,imported_baseline,,0.9128366324016652,0.9128366324016652,91.28366324016652,0.9408445881976196,"{""var_smoothing"": 1e-09}",0.021,ok,,naive_bayes,breast_cancer,455,114,30,2,size,122.0,,,,,,,
breast_cancer,2007,10,naive_bayes,imported_baseline,,0.8830769230769231,0.8830769230769231,88.3076923076923,0.9476438101013238,"{""var_smoothing"": 1e-09}",0.017,ok,,naive_bayes,breast_cancer,455,114,30,2,size,122.0,,,,,,,
breast_cancer,1998,1,random_forest,imported_baseline,,0.9147486497714998,0.9147486497714998,91.47486497714998,0.9670451350730532,"{""bootstrap"": true, ""max_depth"": 10, ""max_features"": ""sqrt"", ""min_impurity_decrease"": 0.0, ""min_samples_leaf"": 1, ""min_samples_split"": 5, ""n_estimators"": 100}",7.677,ok,,random_forest,breast_cancer,455,114,30,2,n_estimators,100.0,max_depth,10.0,,,,,
breast_cancer,1999,2,random_forest,imported_baseline,,0.9422297297297296,0.9422297297297296,94.22297297297295,0.9624083356952744,"{""bootstrap"": true, ""max_depth"": 5, ""max_features"": ""sqrt"", ""min_impurity_decrease"": 0.0, ""min_samples_leaf"": 1, ""min_samples_split"": 2, ""n_estimators"": 300}",8.114,ok,,random_forest,breast_cancer,455,114,30,2,n_estimators,300.0,max_depth,5.0,,,,,
breast_cancer,2000,3,random_forest,imported_baseline,,0.99062114356232,0.99062114356232,99.062114356232,0.9622786937501252,"{""bootstrap"": true, ""max_depth"": 10, ""max_features"": ""sqrt"", ""min_impurity_decrease"": 0.0, ""min_samples_leaf"": 1, ""min_samples_split"": 5, ""n_estimators"": 100}",7.703,ok,,random_forest,breast_cancer,455,114,30,2,n_estimators,100.0,max_depth,10.0,,,,,
breast_cancer,2001,4,random_forest,imported_baseline,,0.9614864864864864,0.9614864864864864,96.14864864864865,0.959725336956301,"{""bootstrap"": true, ""max_depth"": 10, ""max_features"": ""sqrt"", ""min_impurity_decrease"": 0.0, ""min_samples_leaf"": 1, ""min_samples_split"": 2, ""n_estimators"": 100}",6.9,ok,,random_forest,breast_cancer,455,114,30,2,n_estimators,100.0,max_depth,10.0,,,,,
breast_cancer,2002,5,random_forest,imported_baseline,,1.0,1.0,100.0,0.955280799913382,"{""bootstrap"": true, ""max_depth"": 10, ""max_features"": ""sqrt"", ""min_impurity_decrease"": 0.0, ""min_samples_leaf"": 1, ""min_samples_split"": 5, ""n_estimators"": 300}",8.182,ok,,random_forest,breast_cancer,455,114,30,2,n_estimators,300.0,max_depth,10.0,,,,,
breast_cancer,2003,6,random_forest,imported_baseline,,0.9521289997480472,0.9521289997480472,95.21289997480471,0.9597030283929182,"{""bootstrap"": true, ""max_depth"": 10, ""max_features"": ""sqrt"", ""min_impurity_decrease"": 0.0, ""min_samples_leaf"": 2, ""min_samples_split"": 2, ""n_estimators"": 100}",7.628,ok,,random_forest,breast_cancer,455,114,30,2,n_estimators,100.0,max_depth,10.0,,,,,
breast_cancer,2004,7,random_forest,imported_baseline,,0.9349474199070678,0.9349474199070678,93.49474199070676,0.9600385821258304,"{""bootstrap"": true, ""max_depth"": 10, ""max_features"": null, ""min_impurity_decrease"": 0.0, ""min_samples_leaf"": 1, ""min_samples_split"": 5, ""n_estimators"": 100}",8.047,ok,,random_forest,breast_cancer,455,114,30,2,n_estimators,100.0,max_depth,10.0,,,,,
breast_cancer,2005,8,random_forest,imported_baseline,,0.9444805194805196,0.9444805194805196,94.44805194805195,0.954945898567624,"{""bootstrap"": true, ""max_depth"": 10, ""max_features"": ""sqrt"", ""min_impurity_decrease"": 0.0, ""min_samples_leaf"": 2, ""min_samples_split"": 2, ""n_estimators"": 100}",6.751,ok,,random_forest,breast_cancer,455,114,30,2,n_estimators,100.0,max_depth,10.0,,,,,
breast_cancer,2006,9,random_forest,imported_baseline,,0.9521289997480472,0.9521289997480472,95.21289997480471,0.9597749401944984,"{""bootstrap"": true, ""max_depth"": 10, ""max_features"": ""sqrt"", ""min_impurity_decrease"": 0.0, ""min_samples_leaf"": 1, ""min_samples_split"": 2, ""n_estimators"": 300}",7.442,ok,,random_forest,breast_cancer,455,114,30,2,n_estimators,300.0,max_depth,10.0,,,,,
breast_cancer,2007,10,random_forest,imported_baseline,,0.9117571170551304,0.9117571170551304,91.17571170551304,0.964203431517346,"{""bootstrap"": true, ""max_depth"": 5, ""max_features"": ""sqrt"", ""min_impurity_decrease"": 0.0, ""min_samples_leaf"": 1, ""min_samples_split"": 2, ""n_estimators"": 300}",7.218,ok,,random_forest,breast_cancer,455,114,30,2,n_estimators,300.0,max_depth,5.0,,,,,
breast_cancer,1998,1,svm,imported_baseline,,0.922972972972973,0.922972972972973,92.29729729729728,0.9835186606334204,"{""C"": 1.0, ""gamma"": ""scale"", ""kernel"": ""linear""}",0.095,ok,,svm,breast_cancer,455,114,30,2,size,31.0,,,,,,,
breast_cancer,1999,2,svm,imported_baseline,,0.9715828832571668,0.9715828832571668,97.15828832571668,0.9834629178008348,"{""C"": 10.0, ""gamma"": ""scale"", ""kernel"": ""rbf""}",0.087,ok,,svm,breast_cancer,455,114,30,2,n_support_vectors,82.0,size,2544.0,,,,,
breast_cancer,2000,3,svm,imported_baseline,,0.9905276277523888,0.9905276277523888,99.05276277523888,0.973978613342819,"{""C"": 0.1, ""gamma"": ""scale"", ""kernel"": ""linear""}",0.076,ok,,svm,breast_cancer,455,114,30,2,size,31.0,,,,,,,
breast_cancer,2001,4,svm,imported_baseline,,0.9712773998488284,0.9712773998488284,97.12773998488284,0.9620992737265376,"{""C"": 0.1, ""gamma"": ""scale"", ""kernel"": ""linear""}",0.078,ok,,svm,breast_cancer,455,114,30,2,size,31.0,,,,,,,
breast_cancer,2002,5,svm,imported_baseline,,0.9905276277523888,0.9905276277523888,99.05276277523888,0.9693413164816828,"{""C"": 0.1, ""gamma"": ""scale"", ""kernel"": ""linear""}",0.075,ok,,svm,breast_cancer,455,114,30,2,size,31.0,,,,,,,
breast_cancer,2003,6,svm,imported_baseline,,0.9623015873015872,0.9623015873015872,96.23015873015872,0.9788525628877542,"{""C"": 1.0, ""gamma"": ""scale"", ""kernel"": ""rbf""}",0.157,ok,,svm,breast_cancer,455,114,30,2,n_support_vectors,100.0,size,3102.0,,,,,
breast_cancer,2004,7,svm,imported_baseline,,0.9809555629802872,0.9809555629802872,98.09555629802873,0.9762842018312023,"{""C"": 0.1, ""gamma"": ""scale"", ""kernel"": ""linear""}",0.077,ok,,svm,breast_cancer,455,114,30,2,size,31.0,,,,,,,
breast_cancer,2005,8,svm,imported_baseline,,0.9444805194805196,0.9444805194805196,94.44805194805195,0.9857669130156766,"{""C"": 1.0, ""gamma"": ""scale"", ""kernel"": ""linear""}",0.075,ok,,svm,breast_cancer,455,114,30,2,size,31.0,,,,,,,
breast_cancer,2006,9,svm,imported_baseline,,0.9329805996472664,0.9329805996472664,93.29805996472663,0.9810729438537176,"{""C"": 1.0, ""gamma"": ""scale"", ""kernel"": ""linear""}",0.086,ok,,svm,breast_cancer,455,114,30,2,size,31.0,,,,,,,
breast_cancer,2007,10,svm,imported_baseline,,0.9210526315789472,0.9210526315789472,92.10526315789474,0.9881520505914504,"{""C"": 0.1, ""gamma"": ""scale"", ""kernel"": ""linear""}",0.067,ok,,svm,breast_cancer,455,114,30,2,size,31.0,,,,,,,
breast_cancer,1998,1,xgboost,imported_baseline,,0.9526381387619444,0.9526381387619444,95.26381387619442,0.9693197164518924,"{""colsample_bytree"": 0.8, ""learning_rate"": 0.1, ""max_depth"": 5, ""n_estimators"": 100, ""reg_alpha"": 0, ""reg_lambda"": 1e-05, ""scale_pos_weight"": 1, ""subsample"": 0.8}",0.282,ok,,xgboost,breast_cancer,455,114,30,2,n_estimators,100.0,max_depth,5.0,,,,,
breast_cancer,1999,2,xgboost,imported_baseline,,0.9614864864864864,0.9614864864864864,96.14864864864865,0.9672852143765546,"{""colsample_bytree"": 0.8, ""learning_rate"": 0.05, ""max_depth"": 5, ""n_estimators"": 100, ""reg_alpha"": 0, ""reg_lambda"": 1e-05, ""scale_pos_weight"": 1, ""subsample"": 0.8}",0.308,ok,,xgboost,breast_cancer,455,114,30,2,n_estimators,100.0,max_depth,5.0,,,,,
breast_cancer,2000,3,xgboost,imported_baseline,,1.0,1.0,100.0,0.962248457850436,"{""colsample_bytree"": 0.8, ""learning_rate"": 0.1, ""max_depth"": 5, ""n_estimators"": 200, ""reg_alpha"": 0, ""reg_lambda"": 1e-05, ""scale_pos_weight"": 1, ""subsample"": 0.8}",0.312,ok,,xgboost,breast_cancer,455,114,30,2,n_estimators,200.0,max_depth,5.0,,,,,
breast_cancer,2001,4,xgboost,imported_baseline,,0.951575906889814,0.951575906889814,95.1575906889814,0.9693319474501644,"{""colsample_bytree"": 0.8, ""learning_rate"": 0.1, ""max_depth"": 5, ""n_estimators"": 200, ""reg_alpha"": 0, ""reg_lambda"": 1e-05, ""scale_pos_weight"": 1, ""subsample"": 0.8}",0.307,ok,,xgboost,breast_cancer,455,114,30,2,n_estimators,200.0,max_depth,5.0,,,,,
breast_cancer,2002,5,xgboost,imported_baseline,,1.0,1.0,100.0,0.955526791508297,"{""colsample_bytree"": 0.8, ""learning_rate"": 0.1, ""max_depth"": 3, ""n_estimators"": 200, ""reg_alpha"": 0, ""reg_lambda"": 1e-05, ""scale_pos_weight"": 1, ""subsample"": 0.8}",0.308,ok,,xgboost,breast_cancer,455,114,30,2,n_estimators,200.0,max_depth,3.0,,,,,
breast_cancer,2003,6,xgboost,imported_baseline,,0.9521289997480472,0.9521289997480472,95.21289997480471,0.9644459251653394,"{""colsample_bytree"": 0.8, ""learning_rate"": 0.1, ""max_depth"": 3, ""n_estimators"": 200, ""reg_alpha"": 0, ""reg_lambda"": 1e-05, ""scale_pos_weight"": 1, ""subsample"": 0.8}",0.3,ok,,xgboost,breast_cancer,455,114,30,2,n_estimators,200.0,max_depth,3.0,,,,,
breast_cancer,2004,7,xgboost,imported_baseline,,0.9715828832571668,0.9715828832571668,97.15828832571668,0.9645334463173242,"{""colsample_bytree"": 0.8, ""learning_rate"": 0.1, ""max_depth"": 3, ""n_estimators"": 200, ""reg_alpha"": 0, ""reg_lambda"": 1e-05, ""scale_pos_weight"": 1, ""subsample"": 0.8}",0.301,ok,,xgboost,breast_cancer,455,114,30,2,n_estimators,200.0,max_depth,3.0,,,,,
breast_cancer,2005,8,xgboost,imported_baseline,,0.99062114356232,0.99062114356232,99.062114356232,0.9670086277868616,"{""colsample_bytree"": 0.8, ""learning_rate"": 0.1, ""max_depth"": 3, ""n_estimators"": 200, ""reg_alpha"": 0, ""reg_lambda"": 1e-05, ""scale_pos_weight"": 1, ""subsample"": 0.8}",0.31,ok,,xgboost,breast_cancer,455,114,30,2,n_estimators,200.0,max_depth,3.0,,,,,
breast_cancer,2006,9,xgboost,imported_baseline,,0.9614864864864864,0.9614864864864864,96.14864864864865,0.9694273933672668,"{""colsample_bytree"": 0.8, ""learning_rate"": 0.05, ""max_depth"": 3, ""n_estimators"": 200, ""reg_alpha"": 0, ""reg_lambda"": 1e-05, ""scale_pos_weight"": 1, ""subsample"": 0.8}",0.3,ok,,xgboost,breast_cancer,455,114,30,2,n_estimators,200.0,max_depth,3.0,,,,,
breast_cancer,2007,10,xgboost,imported_baseline,,0.9117571170551304,0.9117571170551304,91.17571170551304,0.974096626806184,"{""colsample_bytree"": 0.8, ""learning_rate"": 0.05, ""max_depth"": 3, ""n_estimators"": 200, ""reg_alpha"": 0, ""reg_lambda"": 1e-05, ""scale_pos_weight"": 1, ""subsample"": 0.8}",0.29,ok,,xgboost,breast_cancer,455,114,30,2,n_estimators,200.0,max_depth,3.0,,,,,
ionosphere,1998,1,decision_tree,imported_baseline,,0.9220978714066272,0.9220978714066272,92.20978714066273,0.899938277391836,"{""max_depth"": 10, ""max_features"": ""sqrt"", ""min_impurity_decrease"": 0.0, ""min_samples_leaf"": 2, ""min_samples_split"": 2}",0.134,ok,,decision_tree,ionosphere,280,71,34,2,configured_max_depth,10.0,max_path_features,8.0,avg_path_features,5.253521126760563,,,
ionosphere,1999,2,decision_tree,imported_baseline,,0.8645325418698324,0.8645325418698324,86.45325418698324,0.8737859937615493,"{""max_depth"": null, ""max_features"": ""sqrt"", ""min_impurity_decrease"": 0.0, ""min_samples_leaf"": 1, ""min_samples_split"": 5}",0.108,ok,,decision_tree,ionosphere,280,71,34,2,configured_max_depth,,max_path_features,16.0,avg_path_features,9.352112676056338,,,
ionosphere,2000,3,decision_tree,imported_baseline,,0.8886898096304592,0.8886898096304592,88.86898096304591,0.8805275644000561,"{""max_depth"": null, ""max_features"": ""sqrt"", ""min_impurity_decrease"": 0.0, ""min_samples_leaf"": 1, ""min_samples_split"": 2}",0.108,ok,,decision_tree,ionosphere,280,71,34,2,configured_max_depth,,max_path_features,11.0,avg_path_features,6.690140845070423,,,
ionosphere,2001,4,decision_tree,imported_baseline,,0.8309523809523811,0.8309523809523811,83.09523809523812,0.8871398323693924,"{""max_depth"": 10, ""max_features"": null, ""min_impurity_decrease"": 0.0, ""min_samples_leaf"": 1, ""min_samples_split"": 5}",0.111,ok,,decision_tree,ionosphere,280,71,34,2,configured_max_depth,10.0,max_path_features,6.0,avg_path_features,4.816901408450704,,,
ionosphere,2002,5,decision_tree,imported_baseline,,0.7572649572649572,0.7572649572649572,75.72649572649573,0.8956563014915417,"{""max_depth"": 5, ""max_features"": null, ""min_impurity_decrease"": 0.0, ""min_samples_leaf"": 1, ""min_samples_split"": 2}",0.122,ok,,decision_tree,ionosphere,280,71,34,2,configured_max_depth,5.0,max_path_features,5.0,avg_path_features,3.971830985915493,,,
ionosphere,2003,6,decision_tree,imported_baseline,,0.8568868980963047,0.8568868980963047,85.68868980963047,0.8959244468469334,"{""max_depth"": 5, ""max_features"": null, ""min_impurity_decrease"": 0.0, ""min_samples_leaf"": 2, ""min_samples_split"": 5}",0.093,ok,,decision_tree,ionosphere,280,71,34,2,configured_max_depth,5.0,max_path_features,5.0,avg_path_features,4.380281690140845,,,
ionosphere,2004,7,decision_tree,imported_baseline,,0.8623141564318035,0.8623141564318035,86.23141564318036,0.8648787324788874,"{""max_depth"": 10, ""max_features"": null, ""min_impurity_decrease"": 0.0, ""min_samples_leaf"": 1, ""min_samples_split"": 5}",0.127,ok,,decision_tree,ionosphere,280,71,34,2,configured_max_depth,10.0,max_path_features,7.0,avg_path_features,4.915492957746479,,,
ionosphere,2005,8,decision_tree,imported_baseline,,0.9370567375886524,0.9370567375886524,93.70567375886525,0.8900622291625142,"{""max_depth"": null, ""max_features"": ""sqrt"", ""min_impurity_decrease"": 0.0, ""min_samples_leaf"": 1, ""min_samples_split"": 2}",0.12,ok,,decision_tree,ionosphere,280,71,34,2,configured_max_depth,,max_path_features,7.0,avg_path_features,4.394366197183099,,,
ionosphere,2006,9,decision_tree,imported_baseline,,0.907391304347826,0.907391304347826,90.7391304347826,0.895041246654721,"{""max_depth"": 5, ""max_features"": null, ""min_impurity_decrease"": 0.0, ""min_samples_leaf"": 2, ""min_samples_split"": 2}",0.114,ok,,decision_tree,ionosphere,280,71,34,2,configured_max_depth,5.0,max_path_features,5.0,avg_path_features,3.633802816901409,,,
ionosphere,2007,10,decision_tree,imported_baseline,,0.8179487179487179,0.8179487179487179,81.7948717948718,0.8996135621315972,"{""max_depth"": 10, ""max_features"": ""sqrt"", ""min_impurity_decrease"": 0.0, ""min_samples_leaf"": 2, ""min_samples_split"": 5}",0.118,ok,,decision_tree,ionosphere,280,71,34,2,configured_max_depth,10.0,max_path_features,10.0,avg_path_features,7.746478873239437,,,
ionosphere,1998,1,fcalc_deterministic,imported_baseline,,0.5450106805004578,0.5450106805004578,54.501068050045774,0.7142622556904612,"{""cv_f1"": 0.7142622556904612, ""family"": ""proximity"", ""method"": ""proximity-support""}",9.121,ok,,fcalc,ionosphere,280,71,34,2,size,9520.0,,,,,,,
ionosphere,1999,2,fcalc_deterministic,imported_baseline,,0.5450106805004578,0.5450106805004578,54.501068050045774,0.5597186772467424,"{""cv_f1"": 0.5597186772467424, ""family"": ""proximity"", ""method"": ""proximity-support""}",9.17,ok,,fcalc,ionosphere,280,71,34,2,size,9520.0,,,,,,,
ionosphere,2000,3,fcalc_deterministic,imported_baseline,,0.4740740740740741,0.4740740740740741,47.40740740740741,0.5774966927132814,"{""cv_f1"": 0.5774966927132814, ""family"": ""proximity"", ""method"": ""proximity-support""}",9.215,ok,,fcalc,ionosphere,280,71,34,2,size,9520.0,,,,,,,
ionosphere,2001,4,fcalc_deterministic,imported_baseline,,0.5773809523809524,0.5773809523809524,57.73809523809524,0.6447333671413876,"{""cv_f1"": 0.6447333671413876, ""family"": ""proximity"", ""method"": ""proximity-support""}",9.187,ok,,fcalc,ionosphere,280,71,34,2,size,9520.0,,,,,,,
ionosphere,2002,5,fcalc_deterministic,imported_baseline,,0.6079628015111886,0.6079628015111886,60.796280151118864,0.6195455960161842,"{""cv_f1"": 0.6195455960161842, ""family"": ""proximity"", ""method"": ""proximity-support""}",9.238,ok,,fcalc,ionosphere,280,71,34,2,size,9520.0,,,,,,,
ionosphere,2003,6,fcalc_deterministic,imported_baseline,,0.8055763007219319,0.8055763007219319,80.55763007219319,0.7224924656326673,"{""cv_f1"": 0.7224924656326673, ""family"": ""proximity"", ""method"": ""proximity-support""}",9.198,ok,,fcalc,ionosphere,280,71,34,2,size,9520.0,,,,,,,
ionosphere,2004,7,fcalc_deterministic,imported_baseline,,0.5773809523809524,0.5773809523809524,57.73809523809524,0.6005186042461906,"{""cv_f1"": 0.6005186042461906, ""family"": ""proximity"", ""method"": ""proximity-support""}",9.196,ok,,fcalc,ionosphere,280,71,34,2,size,9520.0,,,,,,,
ionosphere,2005,8,fcalc_deterministic,imported_baseline,,0.6644425910480956,0.6644425910480956,66.44425910480956,0.6362453040849214,"{""cv_f1"": 0.6362453040849214, ""family"": ""proximity"", ""method"": ""proximity-support""}",9.159,ok,,fcalc,ionosphere,280,71,34,2,size,9520.0,,,,,,,
ionosphere,2006,9,fcalc_deterministic,imported_baseline,,0.784412955465587,0.784412955465587,78.44129554655869,0.6872427541228965,"{""cv_f1"": 0.6872427541228965, ""family"": ""proximity"", ""method"": ""proximity-support""}",9.156,ok,,fcalc,ionosphere,280,71,34,2,size,9520.0,,,,,,,
ionosphere,2007,10,fcalc_deterministic,imported_baseline,,0.4925464570144986,0.4925464570144986,49.25464570144986,0.4885524384277124,"{""cv_f1"": 0.4885524384277124, ""family"": ""standard"", ""method"": ""ratio-support""}",8.984,ok,,fcalc,ionosphere,280,71,34,2,size,9520.0,,,,,,,
ionosphere,1998,1,fcalc_randomized,imported_baseline,,0.6079628015111886,0.6079628015111886,60.796280151118864,0.731407808538225,"{""cv_f1"": 0.731407808538225, ""family"": ""proximity"", ""method"": ""proximity-support"", ""num_iters"": 40, ""subsample_size"": 4}",16.942,ok,,fcalc_rand,ionosphere,280,71,34,2,size,2720.0,num_iters,40.0,,,,,
ionosphere,1999,2,fcalc_randomized,imported_baseline,,0.7039904705181655,0.7039904705181655,70.39904705181655,0.7579328257219016,"{""cv_f1"": 0.7579328257219016, ""family"": ""standard"", ""method"": ""standard-support"", ""num_iters"": 40, ""subsample_size"": 3}",16.895,ok,,fcalc_rand,ionosphere,280,71,34,2,size,2720.0,num_iters,40.0,,,,,
ionosphere,2000,3,fcalc_randomized,imported_baseline,,0.7974544656572307,0.7974544656572307,79.74544656572307,0.7598253590892581,"{""cv_f1"": 0.7598253590892581, ""family"": ""proximity"", ""method"": ""proximity-support"", ""num_iters"": 50, ""subsample_size"": 3}",16.874,ok,,fcalc_rand,ionosphere,280,71,34,2,size,3400.0,num_iters,50.0,,,,,
ionosphere,2001,4,fcalc_randomized,imported_baseline,,0.7932810750279956,0.7932810750279956,79.32810750279955,0.7727392105069042,"{""cv_f1"": 0.7727392105069042, ""family"": ""proximity"", ""method"": ""proximity-support"", ""num_iters"": 50, ""subsample_size"": 3}",15.748,ok,,fcalc_rand,ionosphere,280,71,34,2,size,3400.0,num_iters,50.0,,,,,
ionosphere,2002,5,fcalc_randomized,imported_baseline,,0.7796985815602837,0.7796985815602837,77.96985815602837,0.8139531199283521,"{""cv_f1"": 0.8139531199283521, ""family"": ""proximity"", ""method"": ""proximity-support"", ""num_iters"": 40, ""subsample_size"": 3}",17.008,ok,,fcalc_rand,ionosphere,280,71,34,2,size,2720.0,num_iters,40.0,,,,,
ionosphere,2003,6,fcalc_randomized,imported_baseline,,0.784412955465587,0.784412955465587,78.44129554655869,0.786650210262567,"{""cv_f1"": 0.786650210262567, ""family"": ""proximity"", ""method"": ""proximity-support"", ""num_iters"": 40, ""subsample_size"": 3}",17.033,ok,,fcalc_rand,ionosphere,280,71,34,2,size,2720.0,num_iters,40.0,,,,,
ionosphere,2004,7,fcalc_randomized,imported_baseline,,0.874113475177305,0.874113475177305,87.41134751773049,0.760789288312812,"{""cv_f1"": 0.760789288312812, ""family"": ""proximity"", ""method"": ""proximity-support"", ""num_iters"": 40, ""subsample_size"": 3}",16.981,ok,,fcalc_rand,ionosphere,280,71,34,2,size,2720.0,num_iters,40.0,,,,,
ionosphere,2005,8,fcalc_randomized,imported_baseline,,0.7908249158249159,0.7908249158249159,79.08249158249158,0.7676797305713277,"{""cv_f1"": 0.7676797305713277, ""family"": ""proximity"", ""method"": ""proximity-support"", ""num_iters"": 30, ""subsample_size"": 3}",16.708,ok,,fcalc_rand,ionosphere,280,71,34,2,size,2040.0,num_iters,30.0,,,,,
ionosphere,2006,9,fcalc_randomized,imported_baseline,,0.6337301587301587,0.6337301587301587,63.37301587301587,0.6939665667485215,"{""cv_f1"": 0.6939665667485215, ""family"": ""proximity"", ""method"": ""proximity-support"", ""num_iters"": 30, ""subsample_size"": 3}",16.905,ok,,fcalc_rand,ionosphere,280,71,34,2,size,2040.0,num_iters,30.0,,,,,
ionosphere,2007,10,fcalc_randomized,imported_baseline,,0.7694805194805195,0.7694805194805195,76.94805194805195,0.7721398899146403,"{""cv_f1"": 0.7721398899146403, ""family"": ""proximity"", ""method"": ""proximity-support"", ""num_iters"": 40, ""subsample_size"": 3}",16.212,ok,,fcalc_rand,ionosphere,280,71,34,2,size,2720.0,num_iters,40.0,,,,,
ionosphere,1998,1,ips_knn,imported_baseline,,0.7258687258687258,0.7258687258687258,72.58687258687257,0.8285439423948112,"{""k"": 1}",21.179,ok,,ips_knn,ionosphere,280,71,34,2,avg_rrc_size,6.422535211267606,max_rrc_size,28.0,,,6.422535211267606,28.0,0.1888980944490472
ionosphere,1999,2,ips_knn,imported_baseline,,0.8682745825602969,0.8682745825602969,86.82745825602969,0.8313457075184024,"{""k"": 2}",21.097,ok,,ips_knn,ionosphere,280,71,34,2,avg_rrc_size,6.788732394366197,max_rrc_size,15.0,,,6.788732394366197,15.0,0.1996685998342999
ionosphere,2000,3,ips_knn,imported_baseline,,0.9055851063829786,0.9055851063829786,90.55851063829786,0.8342848720829542,"{""k"": 1}",21.236,ok,,ips_knn,ionosphere,280,71,34,2,avg_rrc_size,6.830985915492958,max_rrc_size,28.0,,,6.830985915492958,28.0,0.2009113504556752
ionosphere,2001,4,ips_knn,imported_baseline,,0.7484817813765182,0.7484817813765182,74.84817813765183,0.8401483417057347,"{""k"": 1}",21.117,ok,,ips_knn,ionosphere,280,71,34,2,avg_rrc_size,6.154929577464789,max_rrc_size,15.0,,,6.154929577464789,15.0,0.1810273405136702
ionosphere,2002,5,ips_knn,imported_baseline,,0.8647619047619048,0.8647619047619048,86.47619047619048,0.8254261037055155,"{""k"": 3}",21.142,ok,,ips_knn,ionosphere,280,71,34,2,avg_rrc_size,7.845070422535211,max_rrc_size,29.0,,,7.845070422535211,29.0,0.2307373653686826
ionosphere,2003,6,ips_knn,imported_baseline,,0.7971428571428572,0.7971428571428572,79.71428571428572,0.838449892939057,"{""k"": 4}",21.28,ok,,ips_knn,ionosphere,280,71,34,2,avg_rrc_size,8.366197183098592,max_rrc_size,29.0,,,8.366197183098592,29.0,0.2460646230323115
ionosphere,2004,7,ips_knn,imported_baseline,,0.8682745825602969,0.8682745825602969,86.82745825602969,0.8246281299006932,"{""k"": 1}",21.196,ok,,ips_knn,ionosphere,280,71,34,2,avg_rrc_size,7.788732394366197,max_rrc_size,29.0,,,7.788732394366197,29.0,0.2290803645401822
ionosphere,2005,8,ips_knn,imported_baseline,,0.8353432282003711,0.8353432282003711,83.5343228200371,0.8437318198657209,"{""k"": 1}",21.157,ok,,ips_knn,ionosphere,280,71,34,2,avg_rrc_size,7.323943661971831,max_rrc_size,29.0,,,7.323943661971831,29.0,0.2154101077050538
ionosphere,2006,9,ips_knn,imported_baseline,,0.8309523809523811,0.8309523809523811,83.09523809523812,0.831020646450213,"{""k"": 2}",21.164,ok,,ips_knn,ionosphere,280,71,34,2,avg_rrc_size,7.873239436619718,max_rrc_size,29.0,,,7.873239436619718,29.0,0.2315658657829329
ionosphere,2007,10,ips_knn,imported_baseline,,0.7831806436457599,0.7831806436457599,78.31806436457599,0.8452117117117117,"{""k"": 4}",21.145,ok,,ips_knn,ionosphere,280,71,34,2,avg_rrc_size,8.591549295774648,max_rrc_size,29.0,,,8.591549295774648,29.0,0.2526926263463132
ionosphere,1998,1,knn,imported_baseline,,0.7702265372168284,0.7702265372168284,77.02265372168284,0.8701431050300809,"{""n_neighbors"": 2, ""weights"": ""uniform""}",0.519,ok,,knn,ionosphere,280,71,34,2,size,68.0,,,,,,,
ionosphere,1999,2,knn,imported_baseline,,0.907391304347826,0.907391304347826,90.7391304347826,0.8730119560004361,"{""n_neighbors"": 2, ""weights"": ""uniform""}",0.488,ok,,knn,ionosphere,280,71,34,2,size,68.0,,,,,,,
ionosphere,2000,3,knn,imported_baseline,,0.907391304347826,0.907391304347826,90.7391304347826,0.8779060673797516,"{""n_neighbors"": 2, ""weights"": ""uniform""}",0.501,ok,,knn,ionosphere,280,71,34,2,size,68.0,,,,,,,
ionosphere,2001,4,knn,imported_baseline,,0.811398212992031,0.811398212992031,81.13982129920309,0.8696136208371671,"{""n_neighbors"": 2, ""weights"": ""uniform""}",0.515,ok,,knn,ionosphere,280,71,34,2,size,68.0,,,,,,,
ionosphere,2002,5,knn,imported_baseline,,0.9220978714066272,0.9220978714066272,92.20978714066273,0.8806056660938795,"{""n_neighbors"": 2, ""weights"": ""uniform""}",0.48,ok,,knn,ionosphere,280,71,34,2,size,68.0,,,,,,,
ionosphere,2003,6,knn,imported_baseline,,0.874113475177305,0.874113475177305,87.41134751773049,0.8837695635549663,"{""n_neighbors"": 2, ""weights"": ""uniform""}",0.51,ok,,knn,ionosphere,280,71,34,2,size,68.0,,,,,,,
ionosphere,2004,7,knn,imported_baseline,,0.903532608695652,0.903532608695652,90.3532608695652,0.8536898511635354,"{""n_neighbors"": 2, ""weights"": ""uniform""}",0.482,ok,,knn,ionosphere,280,71,34,2,size,68.0,,,,,,,
ionosphere,2005,8,knn,imported_baseline,,0.8713768115942029,0.8713768115942029,87.13768115942028,0.8782188742102225,"{""n_neighbors"": 2, ""weights"": ""uniform""}",0.522,ok,,knn,ionosphere,280,71,34,2,size,68.0,,,,,,,
ionosphere,2006,9,knn,imported_baseline,,0.8886898096304592,0.8886898096304592,88.86898096304591,0.8702517327693966,"{""n_neighbors"": 2, ""weights"": ""uniform""}",0.49,ok,,knn,ionosphere,280,71,34,2,size,68.0,,,,,,,
ionosphere,2007,10,knn,imported_baseline,,0.8909370199692781,0.8909370199692781,89.0937019969278,0.8669708598015216,"{""n_neighbors"": 2, ""weights"": ""uniform""}",0.483,ok,,knn,ionosphere,280,71,34,2,size,68.0,,,,,,,
ionosphere,1998,1,logistic_regression,imported_baseline,,0.8259803921568627,0.8259803921568627,82.59803921568627,0.8756687526637059,"{""C"": 1, ""penalty"": ""l1"", ""solver"": ""liblinear""}",0.179,ok,,logistic_regression,ionosphere,280,71,34,2,size,35.0,,,,,,,
ionosphere,1999,2,logistic_regression,imported_baseline,,0.9055851063829786,0.9055851063829786,90.55851063829786,0.8593406037616564,"{""C"": 10, ""penalty"": ""l1"", ""solver"": ""liblinear""}",0.289,ok,,logistic_regression,ionosphere,280,71,34,2,size,35.0,,,,,,,
ionosphere,2000,3,logistic_regression,imported_baseline,,0.907391304347826,0.907391304347826,90.7391304347826,0.854876372989519,"{""C"": 0.01, ""penalty"": ""l2"", ""solver"": ""liblinear""}",0.332,ok,,logistic_regression,ionosphere,280,71,34,2,size,35.0,,,,,,,
ionosphere,2001,4,logistic_regression,imported_baseline,,0.8353432282003711,0.8353432282003711,83.5343228200371,0.8811458268114615,"{""C"": 10, ""penalty"": ""l2"", ""solver"": ""liblinear""}",30.277,ok,,logistic_regression,ionosphere,280,71,34,2,size,35.0,,,,,,,
ionosphere,2002,5,logistic_regression,imported_baseline,,0.859776168531929,0.859776168531929,85.9776168531929,0.8731835436293206,"{""C"": 10, ""penalty"": ""l2"", ""solver"": ""liblinear""}",0.36,ok,,logistic_regression,ionosphere,280,71,34,2,size,35.0,,,,,,,
ionosphere,2003,6,logistic_regression,imported_baseline,,0.7885452462772051,0.7885452462772051,78.85452462772051,0.8811856511443557,"{""C"": 1, ""penalty"": ""l1"", ""solver"": ""liblinear""}",0.206,ok,,logistic_regression,ionosphere,280,71,34,2,size,35.0,,,,,,,
ionosphere,2004,7,logistic_regression,imported_baseline,,0.8309523809523811,0.8309523809523811,83.09523809523812,0.8636574361505869,"{""C"": 10, ""penalty"": ""l2"", ""solver"": ""liblinear""}",0.251,ok,,logistic_regression,ionosphere,280,71,34,2,size,35.0,,,,,,,
ionosphere,2005,8,logistic_regression,imported_baseline,,0.8309523809523811,0.8309523809523811,83.09523809523812,0.8891963614725394,"{""C"": 1, ""penalty"": ""l1"", ""solver"": ""liblinear""}",0.387,ok,,logistic_regression,ionosphere,280,71,34,2,size,35.0,,,,,,,
ionosphere,2006,9,logistic_regression,imported_baseline,,0.8682745825602969,0.8682745825602969,86.82745825602969,0.8828640111466355,"{""C"": 1, ""penalty"": ""l1"", ""solver"": ""liblinear""}",0.201,ok,,logistic_regression,ionosphere,280,71,34,2,size,35.0,,,,,,,
ionosphere,2007,10,logistic_regression,imported_baseline,,0.8536082474226804,0.8536082474226804,85.36082474226804,0.8730970702367478,"{""C"": 1, ""penalty"": ""l1"", ""solver"": ""liblinear""}",18.798,ok,,logistic_regression,ionosphere,280,71,34,2,size,35.0,,,,,,,
ionosphere,1998,1,naive_bayes,imported_baseline,,0.8682745825602969,0.8682745825602969,86.82745825602969,0.897567662166076,"{""var_smoothing"": 1e-07}",0.023,ok,,naive_bayes,ionosphere,280,71,34,2,size,138.0,,,,,,,
ionosphere,1999,2,naive_bayes,imported_baseline,,0.8886898096304592,0.8886898096304592,88.86898096304591,0.8909502148191748,"{""var_smoothing"": 1e-07}",0.018,ok,,naive_bayes,ionosphere,280,71,34,2,size,138.0,,,,,,,
ionosphere,2000,3,naive_bayes,imported_baseline,,0.8426418439716312,0.8426418439716312,84.26418439716312,0.859130918208274,"{""var_smoothing"": 1e-09}",0.018,ok,,naive_bayes,ionosphere,280,71,34,2,size,138.0,,,,,,,
ionosphere,2001,4,naive_bayes,imported_baseline,,0.8536082474226804,0.8536082474226804,85.36082474226804,0.8854941676567846,"{""var_smoothing"": 1e-07}",0.018,ok,,naive_bayes,ionosphere,280,71,34,2,size,138.0,,,,,,,
ionosphere,2002,5,naive_bayes,imported_baseline,,0.859776168531929,0.859776168531929,85.9776168531929,0.908790575438016,"{""var_smoothing"": 1e-07}",0.019,ok,,naive_bayes,ionosphere,280,71,34,2,size,138.0,,,,,,,
ionosphere,2003,6,naive_bayes,imported_baseline,,0.903532608695652,0.903532608695652,90.3532608695652,0.8925789923598142,"{""var_smoothing"": 1e-07}",0.018,ok,,naive_bayes,ionosphere,280,71,34,2,size,138.0,,,,,,,
ionosphere,2004,7,naive_bayes,imported_baseline,,0.903532608695652,0.903532608695652,90.3532608695652,0.8775054344514703,"{""var_smoothing"": 1e-07}",0.017,ok,,naive_bayes,ionosphere,280,71,34,2,size,138.0,,,,,,,
ionosphere,2005,8,naive_bayes,imported_baseline,,0.9204927211646136,0.9204927211646136,92.04927211646137,0.8774833418796268,"{""var_smoothing"": 1e-08}",0.016,ok,,naive_bayes,ionosphere,280,71,34,2,size,138.0,,,,,,,
ionosphere,2006,9,naive_bayes,imported_baseline,,0.9220978714066272,0.9220978714066272,92.20978714066273,0.8764049582831335,"{""var_smoothing"": 1e-07}",0.018,ok,,naive_bayes,ionosphere,280,71,34,2,size,138.0,,,,,,,
ionosphere,2007,10,naive_bayes,imported_baseline,,0.8426418439716312,0.8426418439716312,84.26418439716312,0.8964461064859458,"{""var_smoothing"": 1e-07}",0.018,ok,,naive_bayes,ionosphere,280,71,34,2,size,138.0,,,,,,,
ionosphere,1998,1,random_forest,imported_baseline,,0.9012059369202226,0.9012059369202226,90.12059369202224,0.9297525535753411,"{""bootstrap"": true, ""max_depth"": 5, ""max_features"": ""sqrt"", ""min_impurity_decrease"": 0.0, ""min_samples_leaf"": 1, ""min_samples_split"": 2, ""n_estimators"": 300}",6.402,ok,,random_forest,ionosphere,280,71,34,2,n_estimators,300.0,max_depth,5.0,,,,,
ionosphere,1999,2,random_forest,imported_baseline,,0.9220978714066272,0.9220978714066272,92.20978714066273,0.9236567334055988,"{""bootstrap"": true, ""max_depth"": 10, ""max_features"": ""sqrt"", ""min_impurity_decrease"": 0.0, ""min_samples_leaf"": 2, ""min_samples_split"": 2, ""n_estimators"": 100}",6.448,ok,,random_forest,ionosphere,280,71,34,2,n_estimators,100.0,max_depth,10.0,,,,,
ionosphere,2000,3,random_forest,imported_baseline,,0.9393162393162392,0.9393162393162392,93.93162393162392,0.912518571036235,"{""bootstrap"": true, ""max_depth"": 10, ""max_features"": ""sqrt"", ""min_impurity_decrease"": 0.0, ""min_samples_leaf"": 1, ""min_samples_split"": 2, ""n_estimators"": 300}",6.428,ok,,random_forest,ionosphere,280,71,34,2,n_estimators,300.0,max_depth,10.0,,,,,
ionosphere,2001,4,random_forest,imported_baseline,,0.9012059369202226,0.9012059369202226,90.12059369202224,0.937194919631834,"{""bootstrap"": true, ""max_depth"": 5, ""max_features"": ""sqrt"", ""min_impurity_decrease"": 0.0, ""min_samples_leaf"": 1, ""min_samples_split"": 2, ""n_estimators"": 100}",5.3,ok,,random_forest,ionosphere,280,71,34,2,n_estimators,100.0,max_depth,5.0,,,,,
ionosphere,2002,5,random_forest,imported_baseline,,0.9204927211646136,0.9204927211646136,92.04927211646137,0.9370844120802716,"{""bootstrap"": true, ""max_depth"": 5, ""max_features"": ""sqrt"", ""min_impurity_decrease"": 0.0, ""min_samples_leaf"": 2, ""min_samples_split"": 5, ""n_estimators"": 300}",6.52,ok,,random_forest,ionosphere,280,71,34,2,n_estimators,300.0,max_depth,5.0,,,,,
ionosphere,2003,6,random_forest,imported_baseline,,0.9220978714066272,0.9220978714066272,92.20978714066273,0.9289140577954738,"{""bootstrap"": true, ""max_depth"": 10, ""max_features"": ""sqrt"", ""min_impurity_decrease"": 0.0, ""min_samples_leaf"": 1, ""min_samples_split"": 2, ""n_estimators"": 100}",6.491,ok,,random_forest,ionosphere,280,71,34,2,n_estimators,100.0,max_depth,10.0,,,,,
ionosphere,2004,7,random_forest,imported_baseline,,0.9532587228439764,0.9532587228439764,95.32587228439763,0.9285346607769104,"{""bootstrap"": true, ""max_depth"": 5, ""max_features"": ""sqrt"", ""min_impurity_decrease"": 0.0, ""min_samples_leaf"": 1, ""min_samples_split"": 5, ""n_estimators"": 300}",6.591,ok,,random_forest,ionosphere,280,71,34,2,n_estimators,300.0,max_depth,5.0,,,,,
ionosphere,2005,8,random_forest,imported_baseline,,1.0,1.0,100.0,0.9204683735368666,"{""bootstrap"": true, ""max_depth"": 5, ""max_features"": ""sqrt"", ""min_impurity_decrease"": 0.0, ""min_samples_leaf"": 1, ""min_samples_split"": 2, ""n_estimators"": 300}",6.559,ok,,random_forest,ionosphere,280,71,34,2,n_estimators,300.0,max_depth,5.0,,,,,
ionosphere,2006,9,random_forest,imported_baseline,,0.9532587228439764,0.9532587228439764,95.32587228439763,0.9297858266438624,"{""bootstrap"": true, ""max_depth"": 10, ""max_features"": ""sqrt"", ""min_impurity_decrease"": 0.0, ""min_samples_leaf"": 1, ""min_samples_split"": 2, ""n_estimators"": 300}",6.475,ok,,random_forest,ionosphere,280,71,34,2,n_estimators,300.0,max_depth,10.0,,,,,
ionosphere,2007,10,random_forest,imported_baseline,,0.874113475177305,0.874113475177305,87.41134751773049,0.9414110795161094,"{""bootstrap"": true, ""max_depth"": 10, ""max_features"": ""sqrt"", ""min_impurity_decrease"": 0.0, ""min_samples_leaf"": 1, ""min_samples_split"": 5, ""n_estimators"": 100}",5.436,ok,,random_forest,ionosphere,280,71,34,2,n_estimators,100.0,max_depth,10.0,,,,,
ionosphere,1998,1,svm,imported_baseline,,0.918671248568156,0.918671248568156,91.86712485681558,0.944897490824253,"{""C"": 1.0, ""gamma"": ""auto"", ""kernel"": ""rbf""}",0.104,ok,,svm,ionosphere,280,71,34,2,n_support_vectors,107.0,size,3747.0,,,,,
ionosphere,1999,2,svm,imported_baseline,,1.0,1.0,100.0,0.947930000091802,"{""C"": 10.0, ""gamma"": ""scale"", ""kernel"": ""rbf""}",0.081,ok,,svm,ionosphere,280,71,34,2,n_support_vectors,77.0,size,2697.0,,,,,
ionosphere,2000,3,svm,imported_baseline,,0.9696581196581197,0.9696581196581197,96.96581196581197,0.927028288145018,"{""C"": 10.0, ""gamma"": ""scale"", ""kernel"": ""rbf""}",0.077,ok,,svm,ionosphere,280,71,34,2,n_support_vectors,72.0,size,2522.0,,,,,
ionosphere,2001,4,svm,imported_baseline,,0.918671248568156,0.918671248568156,91.86712485681558,0.9487585207421236,"{""C"": 1.0, ""gamma"": ""scale"", ""kernel"": ""rbf""}",0.089,ok,,svm,ionosphere,280,71,34,2,n_support_vectors,106.0,size,3712.0,,,,,
ionosphere,2002,5,svm,imported_baseline,,0.9356884057971016,0.9356884057971016,93.56884057971016,0.9361782519028374,"{""C"": 10.0, ""gamma"": ""scale"", ""kernel"": ""rbf""}",0.071,ok,,svm,ionosphere,280,71,34,2,n_support_vectors,66.0,size,2312.0,,,,,
ionosphere,2003,6,svm,imported_baseline,,0.9370567375886524,0.9370567375886524,93.70567375886525,0.9442687800582537,"{""C"": 10.0, ""gamma"": ""auto"", ""kernel"": ""rbf""}",0.093,ok,,svm,ionosphere,280,71,34,2,n_support_vectors,73.0,size,2557.0,,,,,
ionosphere,2004,7,svm,imported_baseline,,0.9522956326987682,0.9522956326987682,95.22956326987682,0.9483688002793988,"{""C"": 10.0, ""gamma"": ""auto"", ""kernel"": ""rbf""}",0.086,ok,,svm,ionosphere,280,71,34,2,n_support_vectors,77.0,size,2697.0,,,,,
ionosphere,2005,8,svm,imported_baseline,,0.9685283687943262,0.9685283687943262,96.85283687943264,0.936358412163212,"{""C"": 10.0, ""gamma"": ""scale"", ""kernel"": ""rbf""}",0.071,ok,,svm,ionosphere,280,71,34,2,n_support_vectors,74.0,size,2592.0,,,,,
ionosphere,2006,9,svm,imported_baseline,,0.9522956326987682,0.9522956326987682,95.22956326987682,0.9330249921584424,"{""C"": 10.0, ""gamma"": ""scale"", ""kernel"": ""rbf""}",0.073,ok,,svm,ionosphere,280,71,34,2,n_support_vectors,82.0,size,2872.0,,,,,
ionosphere,2007,10,svm,imported_baseline,,0.874113475177305,0.874113475177305,87.41134751773049,0.944414635588392,"{""C"": 1.0, ""gamma"": ""scale"", ""kernel"": ""rbf""}",0.078,ok,,svm,ionosphere,280,71,34,2,n_support_vectors,99.0,size,3467.0,,,,,
ionosphere,1998,1,xgboost,imported_baseline,,0.8832511158092553,0.8832511158092553,88.32511158092554,0.9364103679965252,"{""colsample_bytree"": 0.8, ""learning_rate"": 0.1, ""max_depth"": 5, ""n_estimators"": 50, ""reg_alpha"": 0, ""reg_lambda"": 1e-05, ""scale_pos_weight"": 1, ""subsample"": 0.8}",0.207,ok,,xgboost,ionosphere,280,71,34,2,n_estimators,50.0,max_depth,5.0,,,,,
ionosphere,1999,2,xgboost,imported_baseline,,0.9522956326987682,0.9522956326987682,95.22956326987682,0.9194843392899767,"{""colsample_bytree"": 0.8, ""learning_rate"": 0.1, ""max_depth"": 5, ""n_estimators"": 50, ""reg_alpha"": 0, ""reg_lambda"": 1e-05, ""scale_pos_weight"": 1, ""subsample"": 0.8}",0.225,ok,,xgboost,ionosphere,280,71,34,2,n_estimators,50.0,max_depth,5.0,,,,,
ionosphere,2000,3,xgboost,imported_baseline,,0.9532587228439764,0.9532587228439764,95.32587228439763,0.920894653801112,"{""colsample_bytree"": 0.8, ""learning_rate"": 0.05, ""max_depth"": 5, ""n_estimators"": 200, ""reg_alpha"": 0, ""reg_lambda"": 1e-05, ""scale_pos_weight"": 1, ""subsample"": 0.8}",0.258,ok,,xgboost,ionosphere,280,71,34,2,n_estimators,200.0,max_depth,5.0,,,,,
ionosphere,2001,4,xgboost,imported_baseline,,0.8647619047619048,0.8647619047619048,86.47619047619048,0.9372180927633396,"{""colsample_bytree"": 0.8, ""learning_rate"": 0.1, ""max_depth"": 3, ""n_estimators"": 200, ""reg_alpha"": 0, ""reg_lambda"": 1e-05, ""scale_pos_weight"": 1, ""subsample"": 0.8}",0.232,ok,,xgboost,ionosphere,280,71,34,2,n_estimators,200.0,max_depth,3.0,,,,,
ionosphere,2002,5,xgboost,imported_baseline,,0.9204927211646136,0.9204927211646136,92.04927211646137,0.9285320889935164,"{""colsample_bytree"": 0.8, ""learning_rate"": 0.05, ""max_depth"": 3, ""n_estimators"": 100, ""reg_alpha"": 0, ""reg_lambda"": 1e-05, ""scale_pos_weight"": 1, ""subsample"": 0.8}",0.221,ok,,xgboost,ionosphere,280,71,34,2,n_estimators,100.0,max_depth,3.0,,,,,
ionosphere,2003,6,xgboost,imported_baseline,,0.903532608695652,0.903532608695652,90.3532608695652,0.9316726640369446,"{""colsample_bytree"": 0.8, ""learning_rate"": 0.1, ""max_depth"": 5, ""n_estimators"": 200, ""reg_alpha"": 0, ""reg_lambda"": 1e-05, ""scale_pos_weight"": 1, ""subsample"": 0.8}",0.248,ok,,xgboost,ionosphere,280,71,34,2,n_estimators,200.0,max_depth,5.0,,,,,
ionosphere,2004,7,xgboost,imported_baseline,,0.9532587228439764,0.9532587228439764,95.32587228439763,0.9363948158685002,"{""colsample_bytree"": 0.8, ""learning_rate"": 0.1, ""max_depth"": 5, ""n_estimators"": 200, ""reg_alpha"": 0, ""reg_lambda"": 1e-05, ""scale_pos_weight"": 1, ""subsample"": 0.8}",0.249,ok,,xgboost,ionosphere,280,71,34,2,n_estimators,200.0,max_depth,5.0,,,,,
ionosphere,2005,8,xgboost,imported_baseline,,0.9844195742813254,0.9844195742813254,98.44195742813254,0.9286398094164908,"{""colsample_bytree"": 0.8, ""learning_rate"": 0.1, ""max_depth"": 5, ""n_estimators"": 200, ""reg_alpha"": 0, ""reg_lambda"": 1e-05, ""scale_pos_weight"": 1, ""subsample"": 0.8}",0.248,ok,,xgboost,ionosphere,280,71,34,2,n_estimators,200.0,max_depth,5.0,,,,,
ionosphere,2006,9,xgboost,imported_baseline,,0.9685283687943262,0.9685283687943262,96.85283687943264,0.9292554447853656,"{""colsample_bytree"": 0.8, ""learning_rate"": 0.1, ""max_depth"": 5, ""n_estimators"": 50, ""reg_alpha"": 0, ""reg_lambda"": 1e-05, ""scale_pos_weight"": 1, ""subsample"": 0.8}",0.225,ok,,xgboost,ionosphere,280,71,34,2,n_estimators,50.0,max_depth,5.0,,,,,
ionosphere,2007,10,xgboost,imported_baseline,,0.8765217391304347,0.8765217391304347,87.65217391304347,0.9249246084862524,"{""colsample_bytree"": 0.8, ""learning_rate"": 0.05, ""max_depth"": 3, ""n_estimators"": 100, ""reg_alpha"": 0, ""reg_lambda"": 1e-05, ""scale_pos_weight"": 1, ""subsample"": 0.8}",0.228,ok,,xgboost,ionosphere,280,71,34,2,n_estimators,100.0,max_depth,3.0,,,,,
parkinsons,1998,1,decision_tree,imported_baseline,,0.7367405978784957,0.7367405978784957,73.67405978784957,0.7924761295822677,"{""max_depth"": 10, ""max_features"": ""sqrt"", ""min_impurity_decrease"": 0.0, ""min_samples_leaf"": 1, ""min_samples_split"": 5}",0.096,ok,,decision_tree,parkinsons,156,39,22,2,configured_max_depth,10.0,max_path_features,6.0,avg_path_features,4.435897435897436,,,
parkinsons,1999,2,decision_tree,imported_baseline,,0.837092731829574,0.837092731829574,83.7092731829574,0.8420288721549227,"{""max_depth"": 10, ""max_features"": null, ""min_impurity_decrease"": 0.0, ""min_samples_leaf"": 1, ""min_samples_split"": 5}",0.069,ok,,decision_tree,parkinsons,156,39,22,2,configured_max_depth,10.0,max_path_features,4.0,avg_path_features,2.5128205128205128,,,
parkinsons,2000,3,decision_tree,imported_baseline,,0.6060606060606061,0.6060606060606061,60.60606060606061,0.8513685942604468,"{""max_depth"": 5, ""max_features"": null, ""min_impurity_decrease"": 0.0, ""min_samples_leaf"": 2, ""min_samples_split"": 2}",0.069,ok,,decision_tree,parkinsons,156,39,22,2,configured_max_depth,5.0,max_path_features,4.0,avg_path_features,2.3846153846153846,,,
parkinsons,2001,4,decision_tree,imported_baseline,,0.685483870967742,0.685483870967742,68.5483870967742,0.833796710173431,"{""max_depth"": 5, ""max_features"": ""sqrt"", ""min_impurity_decrease"": 0.0, ""min_samples_leaf"": 1, ""min_samples_split"": 2}",0.063,ok,,decision_tree,parkinsons,156,39,22,2,configured_max_depth,5.0,max_path_features,5.0,avg_path_features,4.0,,,
parkinsons,2002,5,decision_tree,imported_baseline,,0.9022556390977444,0.9022556390977444,90.22556390977444,0.844910827794123,"{""max_depth"": 5, ""max_features"": null, ""min_impurity_decrease"": 0.0, ""min_samples_leaf"": 1, ""min_samples_split"": 2}",0.092,ok,,decision_tree,parkinsons,156,39,22,2,configured_max_depth,5.0,max_path_features,4.0,avg_path_features,3.128205128205128,,,
parkinsons,2003,6,decision_tree,imported_baseline,,0.8733766233766234,0.8733766233766234,87.33766233766234,0.8337793453938636,"{""max_depth"": 10, ""max_features"": ""sqrt"", ""min_impurity_decrease"": 0.0, ""min_samples_leaf"": 1, ""min_samples_split"": 2}",0.068,ok,,decision_tree,parkinsons,156,39,22,2,configured_max_depth,10.0,max_path_features,6.0,avg_path_features,2.9743589743589745,,,
parkinsons,2004,7,decision_tree,imported_baseline,,0.810064935064935,0.810064935064935,81.0064935064935,0.826645704395065,"{""max_depth"": 10, ""max_features"": ""sqrt"", ""min_impurity_decrease"": 0.0, ""min_samples_leaf"": 2, ""min_samples_split"": 5}",0.073,ok,,decision_tree,parkinsons,156,39,22,2,configured_max_depth,10.0,max_path_features,7.0,avg_path_features,4.461538461538462,,,
parkinsons,2005,8,decision_tree,imported_baseline,,0.7310344827586206,0.7310344827586206,73.10344827586206,0.838939868478049,"{""max_depth"": 10, ""max_features"": ""sqrt"", ""min_impurity_decrease"": 0.0, ""min_samples_leaf"": 1, ""min_samples_split"": 2}",0.06,ok,,decision_tree,parkinsons,156,39,22,2,configured_max_depth,10.0,max_path_features,6.0,avg_path_features,3.6666666666666665,,,
parkinsons,2006,9,decision_tree,imported_baseline,,0.711111111111111,0.711111111111111,71.1111111111111,0.8080304067912764,"{""max_depth"": 10, ""max_features"": null, ""min_impurity_decrease"": 0.0, ""min_samples_leaf"": 1, ""min_samples_split"": 2}",0.083,ok,,decision_tree,parkinsons,156,39,22,2,configured_max_depth,10.0,max_path_features,5.0,avg_path_features,4.0256410256410255,,,
parkinsons,2007,10,decision_tree,imported_baseline,,0.8119575699132111,0.8119575699132111,81.1957569913211,0.7906200207284237,"{""max_depth"": 5, ""max_features"": ""sqrt"", ""min_impurity_decrease"": 0.0, ""min_samples_leaf"": 2, ""min_samples_split"": 2}",0.069,ok,,decision_tree,parkinsons,156,39,22,2,configured_max_depth,5.0,max_path_features,5.0,avg_path_features,3.5384615384615383,,,
parkinsons,1998,1,fcalc_deterministic,imported_baseline,,0.8017429193899781,0.8017429193899781,80.17429193899781,0.6953526136285527,"{""cv_f1"": 0.6953526136285527, ""family"": ""proximity"", ""method"": ""proximity""}",2.174,ok,,fcalc,parkinsons,156,39,22,2,size,3432.0,,,,,,,
parkinsons,1999,2,fcalc_deterministic,imported_baseline,,0.7450980392156863,0.7450980392156863,74.50980392156863,0.7510524999920547,"{""cv_f1"": 0.7510524999920547, ""family"": ""proximity"", ""method"": ""proximity-non-falsified""}",2.172,ok,,fcalc,parkinsons,156,39,22,2,size,3432.0,,,,,,,
parkinsons,2000,3,fcalc_deterministic,imported_baseline,,0.784189723320158,0.784189723320158,78.4189723320158,0.7393056678210443,"{""cv_f1"": 0.7393056678210443, ""family"": ""proximity"", ""method"": ""proximity-non-falsified""}",2.155,ok,,fcalc,parkinsons,156,39,22,2,size,3432.0,,,,,,,
parkinsons,2001,4,fcalc_deterministic,imported_baseline,,0.5828877005347595,0.5828877005347595,58.28877005347594,0.7423192624135863,"{""cv_f1"": 0.7423192624135863, ""family"": ""proximity"", ""method"": ""proximity""}",2.206,ok,,fcalc,parkinsons,156,39,22,2,size,3432.0,,,,,,,
parkinsons,2002,5,fcalc_deterministic,imported_baseline,,0.7055593685655457,0.7055593685655457,70.55593685655457,0.7305057645047534,"{""cv_f1"": 0.7305057645047534, ""family"": ""proximity"", ""method"": ""proximity-non-falsified""}",2.169,ok,,fcalc,parkinsons,156,39,22,2,size,3432.0,,,,,,,
parkinsons,2003,6,fcalc_deterministic,imported_baseline,,0.7291666666666666,0.7291666666666666,72.91666666666666,0.6681610613734795,"{""cv_f1"": 0.6681610613734795, ""family"": ""proximity"", ""method"": ""proximity-non-falsified""}",2.182,ok,,fcalc,parkinsons,156,39,22,2,size,3432.0,,,,,,,
parkinsons,2004,7,fcalc_deterministic,imported_baseline,,0.7291666666666666,0.7291666666666666,72.91666666666666,0.7215759335946219,"{""cv_f1"": 0.7215759335946219, ""family"": ""proximity"", ""method"": ""proximity-non-falsified""}",2.163,ok,,fcalc,parkinsons,156,39,22,2,size,3432.0,,,,,,,
parkinsons,2005,8,fcalc_deterministic,imported_baseline,,0.6820652173913043,0.6820652173913043,68.20652173913044,0.7097933896085372,"{""cv_f1"": 0.7097933896085372, ""family"": ""proximity"", ""method"": ""proximity-non-falsified""}",2.158,ok,,fcalc,parkinsons,156,39,22,2,size,3432.0,,,,,,,
parkinsons,2006,9,fcalc_deterministic,imported_baseline,,0.7214285714285714,0.7214285714285714,72.14285714285714,0.6968690023426867,"{""cv_f1"": 0.6968690023426867, ""family"": ""proximity"", ""method"": ""proximity-non-falsified""}",2.158,ok,,fcalc,parkinsons,156,39,22,2,size,3432.0,,,,,,,
parkinsons,2007,10,fcalc_deterministic,imported_baseline,,0.8194444444444444,0.8194444444444444,81.94444444444444,0.701768995867494,"{""cv_f1"": 0.701768995867494, ""family"": ""proximity"", ""method"": ""proximity-non-falsified""}",2.174,ok,,fcalc,parkinsons,156,39,22,2,size,3432.0,,,,,,,
parkinsons,1998,1,fcalc_randomized,imported_baseline,,0.7111111111111111,0.7111111111111111,71.11111111111111,0.7653526949241235,"{""cv_f1"": 0.7653526949241235, ""family"": ""proximity"", ""method"": ""proximity-non-falsified"", ""num_iters"": 30, ""subsample_size"": 5}",7.263,ok,,fcalc_rand,parkinsons,156,39,22,2,size,1320.0,num_iters,30.0,,,,,
parkinsons,1999,2,fcalc_randomized,imported_baseline,,0.8655172413793104,0.8655172413793104,86.55172413793105,0.7518775995246584,"{""cv_f1"": 0.7518775995246584, ""family"": ""proximity"", ""method"": ""proximity-non-falsified"", ""num_iters"": 10, ""subsample_size"": 3}",7.883,ok,,fcalc_rand,parkinsons,156,39,22,2,size,440.0,num_iters,10.0,,,,,
parkinsons,2000,3,fcalc_randomized,imported_baseline,,0.6285714285714286,0.6285714285714286,62.85714285714285,0.7955979102292584,"{""cv_f1"": 0.7955979102292584, ""family"": ""proximity"", ""method"": ""proximity-non-falsified"", ""num_iters"": 20, ""subsample_size"": 3}",7.872,ok,,fcalc_rand,parkinsons,156,39,22,2,size,880.0,num_iters,20.0,,,,,
parkinsons,2001,4,fcalc_randomized,imported_baseline,,0.6432090077410275,0.6432090077410275,64.32090077410275,0.80839302991312,"{""cv_f1"": 0.80839302991312, ""family"": ""proximity"", ""method"": ""proximity"", ""num_iters"": 50, ""subsample_size"": 7}",7.88,ok,,fcalc_rand,parkinsons,156,39,22,2,size,2200.0,num_iters,50.0,,,,,
parkinsons,2002,5,fcalc_randomized,imported_baseline,,0.561111111111111,0.561111111111111,56.1111111111111,0.7719638932496075,"{""cv_f1"": 0.7719638932496075, ""family"": ""proximity"", ""method"": ""proximity-non-falsified"", ""num_iters"": 10, ""subsample_size"": 7}",7.915,ok,,fcalc_rand,parkinsons,156,39,22,2,size,440.0,num_iters,10.0,,,,,
parkinsons,2003,6,fcalc_randomized,imported_baseline,,0.8194444444444444,0.8194444444444444,81.94444444444444,0.7630122346017215,"{""cv_f1"": 0.7630122346017215, ""family"": ""proximity"", ""method"": ""proximity-non-falsified"", ""num_iters"": 10, ""subsample_size"": 3}",7.637,ok,,fcalc_rand,parkinsons,156,39,22,2,size,440.0,num_iters,10.0,,,,,
parkinsons,2004,7,fcalc_randomized,imported_baseline,,0.7641129032258065,0.7641129032258065,76.41129032258065,0.8026726844583987,"{""cv_f1"": 0.8026726844583987, ""family"": ""proximity"", ""method"": ""proximity-non-falsified"", ""num_iters"": 30, ""subsample_size"": 6}",7.843,ok,,fcalc_rand,parkinsons,156,39,22,2,size,1320.0,num_iters,30.0,,,,,
parkinsons,2005,8,fcalc_randomized,imported_baseline,,0.8260481712756467,0.8260481712756467,82.60481712756467,0.7827918360114274,"{""cv_f1"": 0.7827918360114274, ""family"": ""proximity"", ""method"": ""proximity-support"", ""num_iters"": 40, ""subsample_size"": 6}",7.817,ok,,fcalc_rand,parkinsons,156,39,22,2,size,1760.0,num_iters,40.0,,,,,
parkinsons,2006,9,fcalc_randomized,imported_baseline,,0.6285714285714286,0.6285714285714286,62.85714285714285,0.8045399019598912,"{""cv_f1"": 0.8045399019598912, ""family"": ""proximity"", ""method"": ""proximity-non-falsified"", ""num_iters"": 10, ""subsample_size"": 4}",7.679,ok,,fcalc_rand,parkinsons,156,39,22,2,size,440.0,num_iters,10.0,,,,,
parkinsons,2007,10,fcalc_randomized,imported_baseline,,0.676923076923077,0.676923076923077,67.6923076923077,0.8285942583252612,"{""cv_f1"": 0.8285942583252612, ""family"": ""proximity"", ""method"": ""proximity-non-falsified"", ""num_iters"": 40, ""subsample_size"": 3}",7.877,ok,,fcalc_rand,parkinsons,156,39,22,2,size,1760.0,num_iters,40.0,,,,,
parkinsons,1998,1,ips_knn,imported_baseline,,0.9277777777777778,0.9277777777777778,92.7777777777778,0.8884100153973211,"{""k"": 4}",6.541,ok,,ips_knn,parkinsons,156,39,22,2,avg_rrc_size,3.4871794871794872,max_rrc_size,10.0,,,3.4871794871794872,10.0,0.1585081585081585
parkinsons,1999,2,ips_knn,imported_baseline,,0.8956289027653881,0.8956289027653881,89.56289027653881,0.8803085173463323,"{""k"": 1}",7.967,ok,,ips_knn,parkinsons,156,39,22,2,avg_rrc_size,3.4615384615384617,max_rrc_size,10.0,,,3.4615384615384617,10.0,0.1573426573426573
parkinsons,2000,3,ips_knn,imported_baseline,,0.8871745419479267,0.8871745419479267,88.71745419479267,0.9281050901586472,"{""k"": 1}",8.045,ok,,ips_knn,parkinsons,156,39,22,2,avg_rrc_size,3.2564102564102564,max_rrc_size,5.0,,,3.2564102564102564,5.0,0.148018648018648
parkinsons,2001,4,ips_knn,imported_baseline,,0.9022556390977444,0.9022556390977444,90.22556390977444,0.918097674967423,"{""k"": 1}",7.928,ok,,ips_knn,parkinsons,156,39,22,2,avg_rrc_size,3.051282051282051,max_rrc_size,5.0,,,3.051282051282051,5.0,0.1386946386946387
parkinsons,2002,5,ips_knn,imported_baseline,,0.9674185463659148,0.9674185463659148,96.74185463659148,0.9297319424223588,"{""k"": 4}",8.194,ok,,ips_knn,parkinsons,156,39,22,2,avg_rrc_size,3.102564102564102,max_rrc_size,5.0,,,3.102564102564102,5.0,0.141025641025641
parkinsons,2003,6,ips_knn,imported_baseline,,0.9674185463659148,0.9674185463659148,96.74185463659148,0.8417942302693856,"{""k"": 1}",8.198,ok,,ips_knn,parkinsons,156,39,22,2,avg_rrc_size,3.3076923076923075,max_rrc_size,6.0,,,3.3076923076923075,6.0,0.1503496503496503
parkinsons,2004,7,ips_knn,imported_baseline,,0.9327586206896552,0.9327586206896552,93.27586206896552,0.8958112375384936,"{""k"": 4}",7.998,ok,,ips_knn,parkinsons,156,39,22,2,avg_rrc_size,3.435897435897436,max_rrc_size,9.0,,,3.435897435897436,9.0,0.1561771561771561
parkinsons,2005,8,ips_knn,imported_baseline,,0.837092731829574,0.837092731829574,83.7092731829574,0.8845273597709677,"{""k"": 5}",7.923,ok,,ips_knn,parkinsons,156,39,22,2,avg_rrc_size,3.615384615384616,max_rrc_size,7.0,,,3.615384615384616,7.0,0.1643356643356643
parkinsons,2006,9,ips_knn,imported_baseline,,0.8871745419479267,0.8871745419479267,88.71745419479267,0.8740952177972637,"{""k"": 3}",7.916,ok,,ips_knn,parkinsons,156,39,22,2,avg_rrc_size,3.6666666666666665,max_rrc_size,7.0,,,3.6666666666666665,7.0,0.1666666666666666
parkinsons,2007,10,ips_knn,imported_baseline,,0.9652096342551292,0.9652096342551292,96.52096342551292,0.940043341693172,"{""k"": 1}",7.939,ok,,ips_knn,parkinsons,156,39,22,2,avg_rrc_size,3.743589743589744,max_rrc_size,16.0,,,3.743589743589744,16.0,0.1701631701631701
parkinsons,1998,1,knn,imported_baseline,,0.9277777777777778,0.9277777777777778,92.7777777777778,0.8816434233267776,"{""n_neighbors"": 1, ""weights"": ""uniform""}",0.471,ok,,knn,parkinsons,156,39,22,2,size,22.0,,,,,,,
parkinsons,1999,2,knn,imported_baseline,,0.8956289027653881,0.8956289027653881,89.56289027653881,0.8803085173463323,"{""n_neighbors"": 1, ""weights"": ""uniform""}",0.389,ok,,knn,parkinsons,156,39,22,2,size,22.0,,,,,,,
parkinsons,2000,3,knn,imported_baseline,,0.8871745419479267,0.8871745419479267,88.71745419479267,0.9107291790740824,"{""n_neighbors"": 1, ""weights"": ""uniform""}",0.389,ok,,knn,parkinsons,156,39,22,2,size,22.0,,,,,,,
parkinsons,2001,4,knn,imported_baseline,,0.9022556390977444,0.9022556390977444,90.22556390977444,0.9034360322605643,"{""n_neighbors"": 1, ""weights"": ""uniform""}",0.412,ok,,knn,parkinsons,156,39,22,2,size,22.0,,,,,,,
parkinsons,2002,5,knn,imported_baseline,,0.9674185463659148,0.9674185463659148,96.74185463659148,0.917108761671608,"{""n_neighbors"": 1, ""weights"": ""uniform""}",0.405,ok,,knn,parkinsons,156,39,22,2,size,22.0,,,,,,,
parkinsons,2003,6,knn,imported_baseline,,0.9674185463659148,0.9674185463659148,96.74185463659148,0.8484857530323369,"{""n_neighbors"": 1, ""weights"": ""uniform""}",0.403,ok,,knn,parkinsons,156,39,22,2,size,22.0,,,,,,,
parkinsons,2004,7,knn,imported_baseline,,0.9327586206896552,0.9327586206896552,93.27586206896552,0.8958112375384936,"{""n_neighbors"": 4, ""weights"": ""distance""}",0.385,ok,,knn,parkinsons,156,39,22,2,size,88.0,,,,,,,
parkinsons,2005,8,knn,imported_baseline,,0.9327586206896552,0.9327586206896552,93.27586206896552,0.8821650217124681,"{""n_neighbors"": 1, ""weights"": ""uniform""}",0.384,ok,,knn,parkinsons,156,39,22,2,size,22.0,,,,,,,
parkinsons,2006,9,knn,imported_baseline,,0.9277777777777778,0.9277777777777778,92.7777777777778,0.8697261263479751,"{""n_neighbors"": 1, ""weights"": ""uniform""}",0.383,ok,,knn,parkinsons,156,39,22,2,size,22.0,,,,,,,
parkinsons,2007,10,knn,imported_baseline,,0.9652096342551292,0.9652096342551292,96.52096342551292,0.9242144325459378,"{""n_neighbors"": 1, ""weights"": ""uniform""}",0.396,ok,,knn,parkinsons,156,39,22,2,size,22.0,,,,,,,
parkinsons,1998,1,logistic_regression,imported_baseline,,0.7641129032258065,0.7641129032258065,76.41129032258065,0.8263038899634644,"{""C"": 10, ""penalty"": ""l2"", ""solver"": ""liblinear""}",7.263,ok,,logistic_regression,parkinsons,156,39,22,2,size,23.0,,,,,,,
parkinsons,1999,2,logistic_regression,imported_baseline,,0.8655172413793104,0.8655172413793104,86.55172413793105,0.7847789115646258,"{""C"": 10, ""penalty"": ""l1"", ""solver"": ""liblinear""}",0.216,ok,,logistic_regression,parkinsons,156,39,22,2,size,23.0,,,,,,,
parkinsons,2000,3,logistic_regression,imported_baseline,,0.638888888888889,0.638888888888889,63.88888888888889,0.8185866162067665,"{""C"": 10, ""penalty"": ""l2"", ""solver"": ""liblinear""}",0.164,ok,,logistic_regression,parkinsons,156,39,22,2,size,23.0,,,,,,,
parkinsons,2001,4,logistic_regression,imported_baseline,,0.6834415584415585,0.6834415584415585,68.34415584415585,0.8525476190476191,"{""C"": 1, ""penalty"": ""l1"", ""solver"": ""liblinear""}",0.15,ok,,logistic_regression,parkinsons,156,39,22,2,size,23.0,,,,,,,
parkinsons,2002,5,logistic_regression,imported_baseline,,0.8555555555555555,0.8555555555555555,85.55555555555556,0.7799416535845107,"{""C"": 0.1, ""penalty"": ""l2"", ""solver"": ""lbfgs""}",0.158,ok,,logistic_regression,parkinsons,156,39,22,2,size,23.0,,,,,,,
parkinsons,2003,6,logistic_regression,imported_baseline,,0.810064935064935,0.810064935064935,81.0064935064935,0.7628321606154423,"{""C"": 100, ""penalty"": ""l1"", ""solver"": ""liblinear""}",7.426,ok,,logistic_regression,parkinsons,156,39,22,2,size,23.0,,,,,,,
parkinsons,2004,7,logistic_regression,imported_baseline,,0.7982758620689655,0.7982758620689655,79.82758620689656,0.8137461641598216,"{""C"": 1000, ""penalty"": ""l2"", ""solver"": ""liblinear""}",0.149,ok,,logistic_regression,parkinsons,156,39,22,2,size,23.0,,,,,,,
parkinsons,2005,8,logistic_regression,imported_baseline,,0.7467532467532468,0.7467532467532468,74.67532467532469,0.8509769600147752,"{""C"": 10, ""penalty"": ""l1"", ""solver"": ""liblinear""}",0.135,ok,,logistic_regression,parkinsons,156,39,22,2,size,23.0,,,,,,,
parkinsons,2006,9,logistic_regression,imported_baseline,,0.8260481712756467,0.8260481712756467,82.60481712756467,0.7894703977798335,"{""C"": 100, ""penalty"": ""l1"", ""solver"": ""liblinear""}",0.165,ok,,logistic_regression,parkinsons,156,39,22,2,size,23.0,,,,,,,
parkinsons,2007,10,logistic_regression,imported_baseline,,0.6517857142857143,0.6517857142857143,65.17857142857143,0.8217735971733982,"{""C"": 10, ""penalty"": ""l2"", ""solver"": ""liblinear""}",0.158,ok,,logistic_regression,parkinsons,156,39,22,2,size,23.0,,,,,,,
parkinsons,1998,1,naive_bayes,imported_baseline,,0.7467532467532468,0.7467532467532468,74.67532467532469,0.7474932239957596,"{""var_smoothing"": 1e-07}",0.705,ok,,naive_bayes,parkinsons,156,39,22,2,size,90.0,,,,,,,
parkinsons,1999,2,naive_bayes,imported_baseline,,0.7592592592592593,0.7592592592592593,75.92592592592592,0.7378589118768837,"{""var_smoothing"": 1e-07}",0.013,ok,,naive_bayes,parkinsons,156,39,22,2,size,90.0,,,,,,,
parkinsons,2000,3,naive_bayes,imported_baseline,,0.7310344827586206,0.7310344827586206,73.10344827586206,0.7494235344591834,"{""var_smoothing"": 1e-07}",0.016,ok,,naive_bayes,parkinsons,156,39,22,2,size,90.0,,,,,,,
parkinsons,2001,4,naive_bayes,imported_baseline,,0.5984900480439259,0.5984900480439259,59.84900480439259,0.7823418932016132,"{""var_smoothing"": 1e-07}",0.014,ok,,naive_bayes,parkinsons,156,39,22,2,size,90.0,,,,,,,
parkinsons,2002,5,naive_bayes,imported_baseline,,0.8017429193899781,0.8017429193899781,80.17429193899781,0.7141000420204529,"{""var_smoothing"": 1e-07}",0.014,ok,,naive_bayes,parkinsons,156,39,22,2,size,90.0,,,,,,,
parkinsons,2003,6,naive_bayes,imported_baseline,,0.8017429193899781,0.8017429193899781,80.17429193899781,0.7119385496864077,"{""var_smoothing"": 1e-07}",0.012,ok,,naive_bayes,parkinsons,156,39,22,2,size,90.0,,,,,,,
parkinsons,2004,7,naive_bayes,imported_baseline,,0.7450980392156863,0.7450980392156863,74.50980392156863,0.7042062974487651,"{""var_smoothing"": 1e-07}",0.013,ok,,naive_bayes,parkinsons,156,39,22,2,size,90.0,,,,,,,
parkinsons,2005,8,naive_bayes,imported_baseline,,0.7450980392156863,0.7450980392156863,74.50980392156863,0.726266611622552,"{""var_smoothing"": 1e-07}",0.012,ok,,naive_bayes,parkinsons,156,39,22,2,size,90.0,,,,,,,
parkinsons,2006,9,naive_bayes,imported_baseline,,0.7225296442687746,0.7225296442687746,72.25296442687747,0.7372554981250634,"{""var_smoothing"": 1e-07}",0.015,ok,,naive_bayes,parkinsons,156,39,22,2,size,90.0,,,,,,,
parkinsons,2007,10,naive_bayes,imported_baseline,,0.8458498023715415,0.8458498023715415,84.58498023715416,0.7112673657980528,"{""var_smoothing"": 1e-07}",0.014,ok,,naive_bayes,parkinsons,156,39,22,2,size,90.0,,,,,,,
parkinsons,1998,1,random_forest,imported_baseline,,0.8427419354838709,0.8427419354838709,84.27419354838709,0.8288458830780716,"{""bootstrap"": true, ""max_depth"": 5, ""max_features"": null, ""min_impurity_decrease"": 0.0, ""min_samples_leaf"": 1, ""min_samples_split"": 2, ""n_estimators"": 100}",3.583,ok,,random_forest,parkinsons,156,39,22,2,n_estimators,100.0,max_depth,5.0,,,,,
parkinsons,1999,2,random_forest,imported_baseline,,0.8119575699132111,0.8119575699132111,81.1957569913211,0.8548089304461556,"{""bootstrap"": true, ""max_depth"": 5, ""max_features"": ""sqrt"", ""min_impurity_decrease"": 0.0, ""min_samples_leaf"": 1, ""min_samples_split"": 5, ""n_estimators"": 100}",4.374,ok,,random_forest,parkinsons,156,39,22,2,n_estimators,100.0,max_depth,5.0,,,,,
parkinsons,2000,3,random_forest,imported_baseline,,0.6060606060606061,0.6060606060606061,60.60606060606061,0.8648156529387532,"{""bootstrap"": true, ""max_depth"": 5, ""max_features"": ""sqrt"", ""min_impurity_decrease"": 0.0, ""min_samples_leaf"": 1, ""min_samples_split"": 5, ""n_estimators"": 100}",4.355,ok,,random_forest,parkinsons,156,39,22,2,n_estimators,100.0,max_depth,5.0,,,,,
parkinsons,2001,4,random_forest,imported_baseline,,0.7833333333333332,0.7833333333333332,78.33333333333331,0.8637912775584866,"{""bootstrap"": true, ""max_depth"": 5, ""max_features"": ""sqrt"", ""min_impurity_decrease"": 0.0, ""min_samples_leaf"": 1, ""min_samples_split"": 2, ""n_estimators"": 100}",4.258,ok,,random_forest,parkinsons,156,39,22,2,n_estimators,100.0,max_depth,5.0,,,,,
parkinsons,2002,5,random_forest,imported_baseline,,0.8871745419479267,0.8871745419479267,88.71745419479267,0.8772598784194529,"{""bootstrap"": true, ""max_depth"": 5, ""max_features"": ""sqrt"", ""min_impurity_decrease"": 0.0, ""min_samples_leaf"": 1, ""min_samples_split"": 5, ""n_estimators"": 100}",4.401,ok,,random_forest,parkinsons,156,39,22,2,n_estimators,100.0,max_depth,5.0,,,,,
parkinsons,2003,6,random_forest,imported_baseline,,0.9652096342551292,0.9652096342551292,96.52096342551292,0.8292991175389787,"{""bootstrap"": true, ""max_depth"": 10, ""max_features"": ""sqrt"", ""min_impurity_decrease"": 0.0, ""min_samples_leaf"": 1, ""min_samples_split"": 5, ""n_estimators"": 300}",3.722,ok,,random_forest,parkinsons,156,39,22,2,n_estimators,300.0,max_depth,10.0,,,,,
parkinsons,2004,7,random_forest,imported_baseline,,0.8956289027653881,0.8956289027653881,89.56289027653881,0.8772828362114076,"{""bootstrap"": true, ""max_depth"": 10, ""max_features"": ""sqrt"", ""min_impurity_decrease"": 0.0, ""min_samples_leaf"": 1, ""min_samples_split"": 2, ""n_estimators"": 100}",4.24,ok,,random_forest,parkinsons,156,39,22,2,n_estimators,100.0,max_depth,10.0,,,,,
parkinsons,2005,8,random_forest,imported_baseline,,0.8956289027653881,0.8956289027653881,89.56289027653881,0.8659306645735217,"{""bootstrap"": true, ""max_depth"": 10, ""max_features"": ""sqrt"", ""min_impurity_decrease"": 0.0, ""min_samples_leaf"": 1, ""min_samples_split"": 2, ""n_estimators"": 300}",4.431,ok,,random_forest,parkinsons,156,39,22,2,n_estimators,300.0,max_depth,10.0,,,,,
parkinsons,2006,9,random_forest,imported_baseline,,0.7641129032258065,0.7641129032258065,76.41129032258065,0.8397902261137554,"{""bootstrap"": true, ""max_depth"": 5, ""max_features"": null, ""min_impurity_decrease"": 0.0, ""min_samples_leaf"": 1, ""min_samples_split"": 2, ""n_estimators"": 300}",4.483,ok,,random_forest,parkinsons,156,39,22,2,n_estimators,300.0,max_depth,5.0,,,,,
parkinsons,2007,10,random_forest,imported_baseline,,0.8871745419479267,0.8871745419479267,88.71745419479267,0.8665327615793454,"{""bootstrap"": true, ""max_depth"": 10, ""max_features"": null, ""min_impurity_decrease"": 0.0, ""min_samples_leaf"": 2, ""min_samples_split"": 2, ""n_estimators"": 100}",4.298,ok,,random_forest,parkinsons,156,39,22,2,n_estimators,100.0,max_depth,10.0,,,,,
parkinsons,1998,1,svm,imported_baseline,,0.8427419354838709,0.8427419354838709,84.27419354838709,0.8346588878915974,"{""C"": 10.0, ""gamma"": ""scale"", ""kernel"": ""rbf""}",0.07,ok,,svm,parkinsons,156,39,22,2,n_support_vectors,66.0,size,1520.0,,,,,
parkinsons,1999,2,svm,imported_baseline,,0.8871745419479267,0.8871745419479267,88.71745419479267,0.8397017460756061,"{""C"": 10.0, ""gamma"": ""scale"", ""kernel"": ""rbf""}",0.054,ok,,svm,parkinsons,156,39,22,2,n_support_vectors,66.0,size,1520.0,,,,,
parkinsons,2000,3,svm,imported_baseline,,0.7367405978784957,0.7367405978784957,73.67405978784957,0.9007580691851208,"{""C"": 10.0, ""gamma"": ""scale"", ""kernel"": ""rbf""}",0.068,ok,,svm,parkinsons,156,39,22,2,n_support_vectors,57.0,size,1313.0,,,,,
parkinsons,2001,4,svm,imported_baseline,,0.8260481712756467,0.8260481712756467,82.60481712756467,0.9111283643892338,"{""C"": 10.0, ""gamma"": ""scale"", ""kernel"": ""rbf""}",0.066,ok,,svm,parkinsons,156,39,22,2,n_support_vectors,61.0,size,1405.0,,,,,
parkinsons,2002,5,svm,imported_baseline,,0.9277777777777778,0.9277777777777778,92.7777777777778,0.8388352984401617,"{""C"": 10.0, ""gamma"": ""scale"", ""kernel"": ""rbf""}",0.07,ok,,svm,parkinsons,156,39,22,2,n_support_vectors,69.0,size,1589.0,,,,,
parkinsons,2003,6,svm,imported_baseline,,0.9327586206896552,0.9327586206896552,93.27586206896552,0.7965941248294189,"{""C"": 10.0, ""gamma"": ""scale"", ""kernel"": ""rbf""}",0.058,ok,,svm,parkinsons,156,39,22,2,n_support_vectors,68.0,size,1566.0,,,,,
parkinsons,2004,7,svm,imported_baseline,,0.9652096342551292,0.9652096342551292,96.52096342551292,0.8177258515019185,"{""C"": 10.0, ""gamma"": ""scale"", ""kernel"": ""rbf""}",0.066,ok,,svm,parkinsons,156,39,22,2,n_support_vectors,64.0,size,1474.0,,,,,
parkinsons,2005,8,svm,imported_baseline,,0.8871745419479267,0.8871745419479267,88.71745419479267,0.8684134406626807,"{""C"": 10.0, ""gamma"": ""scale"", ""kernel"": ""rbf""}",0.082,ok,,svm,parkinsons,156,39,22,2,n_support_vectors,58.0,size,1336.0,,,,,
parkinsons,2006,9,svm,imported_baseline,,0.9277777777777778,0.9277777777777778,92.7777777777778,0.8156678522224741,"{""C"": 10.0, ""gamma"": ""scale"", ""kernel"": ""rbf""}",0.063,ok,,svm,parkinsons,156,39,22,2,n_support_vectors,63.0,size,1451.0,,,,,
parkinsons,2007,10,svm,imported_baseline,,0.8427419354838709,0.8427419354838709,84.27419354838709,0.8405597214335815,"{""C"": 10.0, ""gamma"": ""scale"", ""kernel"": ""rbf""}",0.074,ok,,svm,parkinsons,156,39,22,2,n_support_vectors,63.0,size,1451.0,,,,,
parkinsons,1998,1,xgboost,imported_baseline,,0.8871745419479267,0.8871745419479267,88.71745419479267,0.8791291274208126,"{""colsample_bytree"": 0.8, ""learning_rate"": 0.1, ""max_depth"": 5, ""n_estimators"": 200, ""reg_alpha"": 0, ""reg_lambda"": 1e-05, ""scale_pos_weight"": 1, ""subsample"": 0.8}",0.411,ok,,xgboost,parkinsons,156,39,22,2,n_estimators,200.0,max_depth,5.0,,,,,
parkinsons,1999,2,xgboost,imported_baseline,,0.8956289027653881,0.8956289027653881,89.56289027653881,0.8782698332019067,"{""colsample_bytree"": 0.8, ""learning_rate"": 0.1, ""max_depth"": 3, ""n_estimators"": 200, ""reg_alpha"": 0, ""reg_lambda"": 1e-05, ""scale_pos_weight"": 1, ""subsample"": 0.8}",0.147,ok,,xgboost,parkinsons,156,39,22,2,n_estimators,200.0,max_depth,3.0,,,,,
parkinsons,2000,3,xgboost,imported_baseline,,0.8119575699132111,0.8119575699132111,81.1957569913211,0.9026592126212186,"{""colsample_bytree"": 0.8, ""learning_rate"": 0.1, ""max_depth"": 3, ""n_estimators"": 200, ""reg_alpha"": 0, ""reg_lambda"": 1e-05, ""scale_pos_weight"": 1, ""subsample"": 0.8}",0.146,ok,,xgboost,parkinsons,156,39,22,2,n_estimators,200.0,max_depth,3.0,,,,,
parkinsons,2001,4,xgboost,imported_baseline,,0.7564674397859055,0.7564674397859055,75.64674397859055,0.8842068316688378,"{""colsample_bytree"": 0.8, ""learning_rate"": 0.05, ""max_depth"": 5, ""n_estimators"": 100, ""reg_alpha"": 0, ""reg_lambda"": 1e-05, ""scale_pos_weight"": 1, ""subsample"": 0.8}",0.135,ok,,xgboost,parkinsons,156,39,22,2,n_estimators,100.0,max_depth,5.0,,,,,
parkinsons,2002,5,xgboost,imported_baseline,,0.8956289027653881,0.8956289027653881,89.56289027653881,0.9097260819221308,"{""colsample_bytree"": 0.8, ""learning_rate"": 0.1, ""max_depth"": 5, ""n_estimators"": 200, ""reg_alpha"": 0, ""reg_lambda"": 1e-05, ""scale_pos_weight"": 1, ""subsample"": 0.8}",0.145,ok,,xgboost,parkinsons,156,39,22,2,n_estimators,200.0,max_depth,5.0,,,,,
parkinsons,2003,6,xgboost,imported_baseline,,0.9327586206896552,0.9327586206896552,93.27586206896552,0.8100589140084937,"{""colsample_bytree"": 0.8, ""learning_rate"": 0.05, ""max_depth"": 5, ""n_estimators"": 50, ""reg_alpha"": 0, ""reg_lambda"": 1e-05, ""scale_pos_weight"": 1, ""subsample"": 0.8}",0.136,ok,,xgboost,parkinsons,156,39,22,2,n_estimators,50.0,max_depth,5.0,,,,,
parkinsons,2004,7,xgboost,imported_baseline,,0.9652096342551292,0.9652096342551292,96.52096342551292,0.9046964939822082,"{""colsample_bytree"": 0.8, ""learning_rate"": 0.1, ""max_depth"": 3, ""n_estimators"": 200, ""reg_alpha"": 0, ""reg_lambda"": 1e-05, ""scale_pos_weight"": 1, ""subsample"": 0.8}",0.142,ok,,xgboost,parkinsons,156,39,22,2,n_estimators,200.0,max_depth,3.0,,,,,
parkinsons,2005,8,xgboost,imported_baseline,,0.8655172413793104,0.8655172413793104,86.55172413793105,0.8942028555011747,"{""colsample_bytree"": 0.8, ""learning_rate"": 0.1, ""max_depth"": 5, ""n_estimators"": 100, ""reg_alpha"": 0, ""reg_lambda"": 1e-05, ""scale_pos_weight"": 1, ""subsample"": 0.8}",0.127,ok,,xgboost,parkinsons,156,39,22,2,n_estimators,100.0,max_depth,5.0,,,,,
parkinsons,2006,9,xgboost,imported_baseline,,0.8119575699132111,0.8119575699132111,81.1957569913211,0.8784075568431012,"{""colsample_bytree"": 0.8, ""learning_rate"": 0.1, ""max_depth"": 3, ""n_estimators"": 100, ""reg_alpha"": 0, ""reg_lambda"": 1e-05, ""scale_pos_weight"": 1, ""subsample"": 0.8}",0.132,ok,,xgboost,parkinsons,156,39,22,2,n_estimators,100.0,max_depth,3.0,,,,,
parkinsons,2007,10,xgboost,imported_baseline,,0.8427419354838709,0.8427419354838709,84.27419354838709,0.885115406882884,"{""colsample_bytree"": 0.8, ""learning_rate"": 0.05, ""max_depth"": 5, ""n_estimators"": 200, ""reg_alpha"": 0, ""reg_lambda"": 1e-05, ""scale_pos_weight"": 1, ""subsample"": 0.8}",0.153,ok,,xgboost,parkinsons,156,39,22,2,n_estimators,200.0,max_depth,5.0,,,,,
rice,1998,1,decision_tree,imported_baseline,,0.9355134452774037,0.9355134452774037,93.55134452774035,0.916313655409836,"{""max_depth"": 5, ""max_features"": ""sqrt"", ""min_impurity_decrease"": 0.0, ""min_samples_leaf"": 1, ""min_samples_split"": 2}",0.133,ok,,decision_tree,rice,3048,762,7,2,configured_max_depth,5.0,max_path_features,5.0,avg_path_features,3.779527559055118,,,
rice,1999,2,decision_tree,imported_baseline,,0.915722614589752,0.915722614589752,91.5722614589752,0.9185548519559252,"{""max_depth"": 5, ""max_features"": ""sqrt"", ""min_impurity_decrease"": 0.0, ""min_samples_leaf"": 1, ""min_samples_split"": 2}",0.135,ok,,decision_tree,rice,3048,762,7,2,configured_max_depth,5.0,max_path_features,4.0,avg_path_features,3.375328083989501,,,
rice,2000,3,decision_tree,imported_baseline,,0.9188993585741044,0.9188993585741044,91.88993585741044,0.9178949707402048,"{""max_depth"": 5, ""max_features"": ""sqrt"", ""min_impurity_decrease"": 0.0, ""min_samples_leaf"": 1, ""min_samples_split"": 2}",0.136,ok,,decision_tree,rice,3048,762,7,2,configured_max_depth,5.0,max_path_features,5.0,avg_path_features,4.103674540682415,,,
rice,2001,4,decision_tree,imported_baseline,,0.9342496147919876,0.9342496147919876,93.42496147919876,0.9213583247225424,"{""max_depth"": 5, ""max_features"": ""sqrt"", ""min_impurity_decrease"": 0.0, ""min_samples_leaf"": 1, ""min_samples_split"": 5}",0.144,ok,,decision_tree,rice,3048,762,7,2,configured_max_depth,5.0,max_path_features,5.0,avg_path_features,3.8674540682414698,,,
rice,2002,5,decision_tree,imported_baseline,,0.913293128047126,0.913293128047126,91.3293128047126,0.9167381122677736,"{""max_depth"": 5, ""max_features"": null, ""min_impurity_decrease"": 0.0, ""min_samples_leaf"": 1, ""min_samples_split"": 5}",0.139,ok,,decision_tree,rice,3048,762,7,2,configured_max_depth,5.0,max_path_features,3.0,avg_path_features,2.2034120734908136,,,
rice,2003,6,decision_tree,imported_baseline,,0.9365003377641608,0.9365003377641608,93.65003377641608,0.9168846405503588,"{""max_depth"": 5, ""max_features"": ""sqrt"", ""min_impurity_decrease"": 0.0, ""min_samples_leaf"": 1, ""min_samples_split"": 2}",0.14,ok,,decision_tree,rice,3048,762,7,2,configured_max_depth,5.0,max_path_features,5.0,avg_path_features,3.4973753280839897,,,
rice,2004,7,decision_tree,imported_baseline,,0.9263696975553194,0.9263696975553194,92.63696975553194,0.9204329154636296,"{""max_depth"": 5, ""max_features"": ""sqrt"", ""min_impurity_decrease"": 0.0, ""min_samples_leaf"": 1, ""min_samples_split"": 2}",0.135,ok,,decision_tree,rice,3048,762,7,2,configured_max_depth,5.0,max_path_features,5.0,avg_path_features,3.8451443569553807,,,
rice,2005,8,decision_tree,imported_baseline,,0.915722614589752,0.915722614589752,91.5722614589752,0.9201577241410428,"{""max_depth"": 5, ""max_features"": ""sqrt"", ""min_impurity_decrease"": 0.0, ""min_samples_leaf"": 1, ""min_samples_split"": 5}",0.147,ok,,decision_tree,rice,3048,762,7,2,configured_max_depth,5.0,max_path_features,5.0,avg_path_features,3.57742782152231,,,
rice,2006,9,decision_tree,imported_baseline,,0.9235751500467164,0.9235751500467164,92.35751500467164,0.919179345163087,"{""max_depth"": 5, ""max_features"": ""sqrt"", ""min_impurity_decrease"": 0.0, ""min_samples_leaf"": 2, ""min_samples_split"": 2}",0.136,ok,,decision_tree,rice,3048,762,7,2,configured_max_depth,5.0,max_path_features,4.0,avg_path_features,3.489501312335958,,,
rice,2007,10,decision_tree,imported_baseline,,0.935405938076165,0.935405938076165,93.5405938076165,0.9171074458871808,"{""max_depth"": 5, ""max_features"": null, ""min_impurity_decrease"": 0.0, ""min_samples_leaf"": 2, ""min_samples_split"": 5}",0.145,ok,,decision_tree,rice,3048,762,7,2,configured_max_depth,5.0,max_path_features,4.0,avg_path_features,2.414698162729658,,,
rice,1998,1,fcalc_deterministic,imported_baseline,,0.9356672482692632,0.9356672482692632,93.56672482692632,0.9173431564179486,"{""cv_f1"": 0.9173431564179486, ""family"": ""standard"", ""method"": ""standard-support""}",3236.523,ok,,fcalc,rice,3048,762,7,2,size,21336.0,,,,,,,
rice,1999,2,fcalc_deterministic,imported_baseline,,0.9144781144781146,0.9144781144781146,91.44781144781146,0.922245469427013,"{""cv_f1"": 0.922245469427013, ""family"": ""standard"", ""method"": ""standard-support""}",3178.35,ok,,fcalc,rice,3048,762,7,2,size,21336.0,,,,,,,
rice,2000,3,fcalc_deterministic,imported_baseline,,0.9261392374946908,0.9261392374946908,92.61392374946908,0.9242213989536486,"{""cv_f1"": 0.9242213989536486, ""family"": ""standard"", ""method"": ""standard-support""}",3127.993,ok,,fcalc,rice,3048,762,7,2,size,21336.0,,,,,,,
rice,2001,4,fcalc_deterministic,imported_baseline,,0.9289382974118592,0.9289382974118592,92.89382974118593,0.9199302497515962,"{""cv_f1"": 0.9199302497515962, ""family"": ""proximity"", ""method"": ""proximity-non-falsified""}",3164.486,ok,,fcalc,rice,3048,762,7,2,size,21336.0,,,,,,,
rice,2002,5,fcalc_deterministic,imported_baseline,,0.9211311586130676,0.9211311586130676,92.11311586130677,0.9239458001680304,"{""cv_f1"": 0.9239458001680305, ""family"": ""proximity"", ""method"": ""proximity-non-falsified""}",3179.772,ok,,fcalc,rice,3048,762,7,2,size,21336.0,,,,,,,
rice,2003,6,fcalc_deterministic,imported_baseline,,0.9477497657196408,0.9477497657196408,94.77497657196407,0.9161236151003678,"{""cv_f1"": 0.9161236151003678, ""family"": ""proximity"", ""method"": ""proximity-non-falsified""}",3214.032,ok,,fcalc,rice,3048,762,7,2,size,21336.0,,,,,,,
rice,2004,7,fcalc_deterministic,imported_baseline,,0.9289382974118592,0.9289382974118592,92.89382974118593,0.9214214968165588,"{""cv_f1"": 0.9214214968165588, ""family"": ""proximity"", ""method"": ""proximity""}",3211.96,ok,,fcalc,rice,3048,762,7,2,size,21336.0,,,,,,,
rice,2005,8,fcalc_deterministic,imported_baseline,,0.9224957912457912,0.9224957912457912,92.24957912457911,0.9230646793689056,"{""cv_f1"": 0.9230646793689056, ""family"": ""standard"", ""method"": ""ratio-support""}",3196.547,ok,,fcalc,rice,3048,762,7,2,size,21336.0,,,,,,,
rice,2006,9,fcalc_deterministic,imported_baseline,,0.9275114155251142,0.9275114155251142,92.7511415525114,0.9191946752216396,"{""cv_f1"": 0.9191946752216396, ""family"": ""proximity"", ""method"": ""proximity""}",3223.395,ok,,fcalc,rice,3048,762,7,2,size,21336.0,,,,,,,
rice,2007,10,fcalc_deterministic,imported_baseline,,0.9343522697503178,0.9343522697503178,93.43522697503178,0.9209668933306652,"{""cv_f1"": 0.9209668933306652, ""family"": ""standard"", ""method"": ""standard-support""}",3199.004,ok,,fcalc,rice,3048,762,7,2,size,21336.0,,,,,,,
rice,1998,1,fcalc_randomized,imported_baseline,,0.9437088422356054,0.9437088422356054,94.37088422356054,0.924655872775211,"{""cv_f1"": 0.924655872775211, ""family"": ""standard"", ""method"": ""ratio-support"", ""num_iters"": 40, ""subsample_size"": 7}",496.466,ok,,fcalc_rand,rice,3048,762,7,2,size,560.0,num_iters,40.0,,,,,
rice,1999,2,fcalc_randomized,imported_baseline,,0.9222645916586932,0.9222645916586932,92.22645916586931,0.9278248909530376,"{""cv_f1"": 0.9278248909530376, ""family"": ""standard"", ""method"": ""ratio-support"", ""num_iters"": 40, ""subsample_size"": 9}",493.375,ok,,fcalc_rand,rice,3048,762,7,2,size,560.0,num_iters,40.0,,,,,
rice,2000,3,fcalc_randomized,imported_baseline,,0.9262567237292878,0.9262567237292878,92.62567237292878,0.9254636460553526,"{""cv_f1"": 0.9254636460553526, ""family"": ""standard"", ""method"": ""ratio-support"", ""num_iters"": 40, ""subsample_size"": 9}",496.717,ok,,fcalc_rand,rice,3048,762,7,2,size,560.0,num_iters,40.0,,,,,
rice,2001,4,fcalc_randomized,imported_baseline,,0.9396169931763152,0.9396169931763152,93.96169931763151,0.9252298673244924,"{""cv_f1"": 0.9252298673244924, ""family"": ""standard"", ""method"": ""ratio-support"", ""num_iters"": 20, ""subsample_size"": 2}",493.593,ok,,fcalc_rand,rice,3048,762,7,2,size,280.0,num_iters,20.0,,,,,
rice,2002,5,fcalc_randomized,imported_baseline,,0.9249451229808072,0.9249451229808072,92.49451229808072,0.9291324985425956,"{""cv_f1"": 0.9291324985425957, ""family"": ""standard"", ""method"": ""ratio-support"", ""num_iters"": 50, ""subsample_size"": 5}",496.707,ok,,fcalc_rand,rice,3048,762,7,2,size,700.0,num_iters,50.0,,,,,
rice,2003,6,fcalc_randomized,imported_baseline,,0.9140335499995662,0.9140335499995662,91.40335499995662,0.9213988437765032,"{""cv_f1"": 0.9213988437765032, ""family"": ""standard"", ""method"": ""ratio-support"", ""num_iters"": 50, ""subsample_size"": 3}",496.777,ok,,fcalc_rand,rice,3048,762,7,2,size,700.0,num_iters,50.0,,,,,
rice,2004,7,fcalc_randomized,imported_baseline,,0.9304632275002284,0.9304632275002284,93.04632275002282,0.9272521668800158,"{""cv_f1"": 0.9272521668800158, ""family"": ""standard"", ""method"": ""ratio-support"", ""num_iters"": 40, ""subsample_size"": 5}",498.296,ok,,fcalc_rand,rice,3048,762,7,2,size,560.0,num_iters,40.0,,,,,
rice,2005,8,fcalc_randomized,imported_baseline,,0.9302517162471396,0.9302517162471396,93.02517162471396,0.927673684580848,"{""cv_f1"": 0.9276736845808481, ""family"": ""standard"", ""method"": ""ratio-support"", ""num_iters"": 40, ""subsample_size"": 3}",495.098,ok,,fcalc_rand,rice,3048,762,7,2,size,560.0,num_iters,40.0,,,,,
rice,2006,9,fcalc_randomized,imported_baseline,,0.9143048402788316,0.9143048402788316,91.43048402788315,0.9247920693327654,"{""cv_f1"": 0.9247920693327654, ""family"": ""standard"", ""method"": ""ratio-support"", ""num_iters"": 50, ""subsample_size"": 7}",494.727,ok,,fcalc_rand,rice,3048,762,7,2,size,700.0,num_iters,50.0,,,,,
rice,2007,10,fcalc_randomized,imported_baseline,,0.936034473109855,0.936034473109855,93.6034473109855,0.924315393896194,"{""cv_f1"": 0.9243153938961939, ""family"": ""standard"", ""method"": ""ratio-support"", ""num_iters"": 20, ""subsample_size"": 7}",494.377,ok,,fcalc_rand,rice,3048,762,7,2,size,280.0,num_iters,20.0,,,,,
rice,1998,1,ips_knn,imported_baseline,,0.936830965420536,0.936830965420536,93.6830965420536,0.9269054578120596,"{""k"": 24}",68.399,ok,,ips_knn,rice,3048,762,7,2,avg_rrc_size,3.893700787401575,max_rrc_size,7.0,,,3.893700787401575,7.0,0.5562429696287964
rice,1999,2,ips_knn,imported_baseline,,0.9211311586130676,0.9211311586130676,92.11311586130677,0.9258587683306904,"{""k"": 31}",66.329,ok,,ips_knn,rice,3048,762,7,2,avg_rrc_size,3.885826771653544,max_rrc_size,7.0,,,3.885826771653544,7.0,0.5551181102362205
rice,2000,3,ips_knn,imported_baseline,,0.927206210151645,0.927206210151645,92.7206210151645,0.9275555665278123,"{""k"": 72}",66.507,ok,,ips_knn,rice,3048,762,7,2,avg_rrc_size,4.330708661417323,max_rrc_size,7.0,,,4.330708661417323,7.0,0.6186726659167604
rice,2001,4,ips_knn,imported_baseline,,0.9369830184595732,0.9369830184595732,93.6983018459573,0.9245444158908828,"{""k"": 69}",66.284,ok,,ips_knn,rice,3048,762,7,2,avg_rrc_size,4.293963254593176,max_rrc_size,7.0,,,4.293963254593176,7.0,0.6134233220847394
rice,2002,5,ips_knn,imported_baseline,,0.91970608070136,0.91970608070136,91.970608070136,0.9278039479695932,"{""k"": 83}",66.429,ok,,ips_knn,rice,3048,762,7,2,avg_rrc_size,4.2952755905511815,max_rrc_size,7.0,,,4.2952755905511815,7.0,0.6136107986501688
rice,2003,6,ips_knn,imported_baseline,,0.9382003850575118,0.9382003850575118,93.8200385057512,0.9217834700224272,"{""k"": 14}",66.327,ok,,ips_knn,rice,3048,762,7,2,avg_rrc_size,3.744094488188976,max_rrc_size,7.0,,,3.744094488188976,7.0,0.5348706411698537
rice,2004,7,ips_knn,imported_baseline,,0.930196177913073,0.930196177913073,93.0196177913073,0.9269052866806412,"{""k"": 30}",66.347,ok,,ips_knn,rice,3048,762,7,2,avg_rrc_size,3.916010498687664,max_rrc_size,7.0,,,3.916010498687664,7.0,0.5594300712410949
rice,2005,8,ips_knn,imported_baseline,,0.9221418907491968,0.9221418907491968,92.21418907491967,0.927195321173332,"{""k"": 46}",66.042,ok,,ips_knn,rice,3048,762,7,2,avg_rrc_size,4.086614173228346,max_rrc_size,7.0,,,4.086614173228346,7.0,0.5838020247469066
rice,2006,9,ips_knn,imported_baseline,,0.9342496147919876,0.9342496147919876,93.42496147919876,0.9277492470626076,"{""k"": 45}",66.2,ok,,ips_knn,rice,3048,762,7,2,avg_rrc_size,4.10498687664042,max_rrc_size,7.0,,,4.10498687664042,7.0,0.5864266966629171
rice,2007,10,ips_knn,imported_baseline,,0.9340321517730472,0.9340321517730472,93.40321517730472,0.9242059263916558,"{""k"": 83}",66.171,ok,,ips_knn,rice,3048,762,7,2,avg_rrc_size,4.408136482939632,max_rrc_size,7.0,,,4.408136482939632,7.0,0.6297337832770903
rice,1998,1,knn,imported_baseline,,0.9382003850575118,0.9382003850575118,93.8200385057512,0.927583711212957,"{""n_neighbors"": 25, ""weights"": ""uniform""}",1.476,ok,,knn,rice,3048,762,7,2,size,175.0,,,,,,,
rice,1999,2,knn,imported_baseline,,0.9198799952334556,0.9198799952334556,91.98799952334556,0.9266118129688874,"{""n_neighbors"": 32, ""weights"": ""uniform""}",1.439,ok,,knn,rice,3048,762,7,2,size,224.0,,,,,,,
rice,2000,3,knn,imported_baseline,,0.927452625937079,0.927452625937079,92.7452625937079,0.928283539594184,"{""n_neighbors"": 56, ""weights"": ""uniform""}",1.421,ok,,knn,rice,3048,762,7,2,size,392.0,,,,,,,
rice,2001,4,knn,imported_baseline,,0.9382995951417004,0.9382995951417004,93.82995951417004,0.9249002497056786,"{""n_neighbors"": 93, ""weights"": ""distance""}",1.402,ok,,knn,rice,3048,762,7,2,size,651.0,,,,,,,
rice,2002,5,knn,imported_baseline,,0.91970608070136,0.91970608070136,91.970608070136,0.9295127447734144,"{""n_neighbors"": 96, ""weights"": ""uniform""}",1.414,ok,,knn,rice,3048,762,7,2,size,672.0,,,,,,,
rice,2003,6,knn,imported_baseline,,0.936830965420536,0.936830965420536,93.6830965420536,0.9224696441323464,"{""n_neighbors"": 14, ""weights"": ""distance""}",1.401,ok,,knn,rice,3048,762,7,2,size,98.0,,,,,,,
rice,2004,7,knn,imported_baseline,,0.9304119366078454,0.9304119366078454,93.04119366078454,0.9270047601282988,"{""n_neighbors"": 34, ""weights"": ""uniform""}",1.396,ok,,knn,rice,3048,762,7,2,size,238.0,,,,,,,
rice,2005,8,knn,imported_baseline,,0.9235148580233326,0.9235148580233326,92.35148580233326,0.9272257309062628,"{""n_neighbors"": 46, ""weights"": ""distance""}",1.419,ok,,knn,rice,3048,762,7,2,size,322.0,,,,,,,
rice,2006,9,knn,imported_baseline,,0.9328809403010316,0.9328809403010316,93.28809403010315,0.927460516557018,"{""n_neighbors"": 35, ""weights"": ""uniform""}",1.423,ok,,knn,rice,3048,762,7,2,size,245.0,,,,,,,
rice,2007,10,knn,imported_baseline,,0.934142921395878,0.934142921395878,93.4142921395878,0.9251988359359128,"{""n_neighbors"": 81, ""weights"": ""uniform""}",1.424,ok,,knn,rice,3048,762,7,2,size,567.0,,,,,,,
rice,1998,1,logistic_regression,imported_baseline,,0.943751977222398,0.943751977222398,94.3751977222398,0.9262829157525374,"{""C"": 1, ""penalty"": ""l1"", ""solver"": ""liblinear""}",0.282,ok,,logistic_regression,rice,3048,762,7,2,size,8.0,,,,,,,
rice,1999,2,logistic_regression,imported_baseline,,0.9196456817462828,0.9196456817462828,91.96456817462828,0.9318494061576168,"{""C"": 10000, ""penalty"": ""l2"", ""solver"": ""liblinear""}",0.256,ok,,logistic_regression,rice,3048,762,7,2,size,8.0,,,,,,,
rice,2000,3,logistic_regression,imported_baseline,,0.9287668333465618,0.9287668333465618,92.87668333465618,0.9303663760087236,"{""C"": 1, ""penalty"": ""l1"", ""solver"": ""liblinear""}",0.266,ok,,logistic_regression,rice,3048,762,7,2,size,8.0,,,,,,,
rice,2001,4,logistic_regression,imported_baseline,,0.9395684670411109,0.9395684670411109,93.95684670411109,0.926513718444447,"{""C"": 1000, ""penalty"": ""l1"", ""solver"": ""liblinear""}",0.288,ok,,logistic_regression,rice,3048,762,7,2,size,8.0,,,,,,,
rice,2002,5,logistic_regression,imported_baseline,,0.9238591761140026,0.9238591761140026,92.38591761140026,0.9301603249085608,"{""C"": 100, ""penalty"": ""l1"", ""solver"": ""liblinear""}",0.326,ok,,logistic_regression,rice,3048,762,7,2,size,8.0,,,,,,,
rice,2003,6,logistic_regression,imported_baseline,,0.9476680607528064,0.9476680607528064,94.76680607528066,0.9251046655742888,"{""C"": 1000, ""penalty"": ""l2"", ""solver"": ""lbfgs""}",0.307,ok,,logistic_regression,rice,3048,762,7,2,size,8.0,,,,,,,
rice,2004,7,logistic_regression,imported_baseline,,0.9263696975553194,0.9263696975553194,92.63696975553194,0.9260362032885624,"{""C"": 0.1, ""penalty"": ""l1"", ""solver"": ""liblinear""}",0.27,ok,,logistic_regression,rice,3048,762,7,2,size,8.0,,,,,,,
rice,2005,8,logistic_regression,imported_baseline,,0.9261392374946908,0.9261392374946908,92.61392374946908,0.9313007936389608,"{""C"": 10, ""penalty"": ""l2"", ""solver"": ""liblinear""}",0.257,ok,,logistic_regression,rice,3048,762,7,2,size,8.0,,,,,,,
rice,2006,9,logistic_regression,imported_baseline,,0.9289382974118592,0.9289382974118592,92.89382974118593,0.9291174213270574,"{""C"": 100, ""penalty"": ""l2"", ""solver"": ""liblinear""}",0.258,ok,,logistic_regression,rice,3048,762,7,2,size,8.0,,,,,,,
rice,2007,10,logistic_regression,imported_baseline,,0.943574264617728,0.943574264617728,94.3574264617728,0.9262946269874124,"{""C"": 10, ""penalty"": ""l2"", ""solver"": ""liblinear""}",0.272,ok,,logistic_regression,rice,3048,762,7,2,size,8.0,,,,,,,
rice,1998,1,naive_bayes,imported_baseline,,0.9182752745871304,0.9182752745871304,91.82752745871304,0.906245725416398,"{""var_smoothing"": 1e-09}",0.03,ok,,naive_bayes,rice,3048,762,7,2,size,30.0,,,,,,,
rice,1999,2,naive_bayes,imported_baseline,,0.9077635583779944,0.9077635583779944,90.77635583779944,0.907548603626369,"{""var_smoothing"": 1e-09}",0.03,ok,,naive_bayes,rice,3048,762,7,2,size,30.0,,,,,,,
rice,2000,3,naive_bayes,imported_baseline,,0.9193918065967546,0.9193918065967546,91.93918065967546,0.9063013884110758,"{""var_smoothing"": 1e-09}",0.031,ok,,naive_bayes,rice,3048,762,7,2,size,30.0,,,,,,,
rice,2001,4,naive_bayes,imported_baseline,,0.9008203410817808,0.9008203410817808,90.08203410817808,0.9093571062559216,"{""var_smoothing"": 1e-09}",0.033,ok,,naive_bayes,rice,3048,762,7,2,size,30.0,,,,,,,
rice,2002,5,naive_bayes,imported_baseline,,0.9100964120625136,0.9100964120625136,91.00964120625136,0.9074122393885132,"{""var_smoothing"": 1e-09}",0.031,ok,,naive_bayes,rice,3048,762,7,2,size,30.0,,,,,,,
rice,2003,6,naive_bayes,imported_baseline,,0.9316198710944305,0.9316198710944305,93.16198710944305,0.9035582924680648,"{""var_smoothing"": 1e-09}",0.032,ok,,naive_bayes,rice,3048,762,7,2,size,30.0,,,,,,,
rice,2004,7,naive_bayes,imported_baseline,,0.9273927159796724,0.9273927159796724,92.73927159796726,0.9042599711294677,"{""var_smoothing"": 1e-09}",0.028,ok,,naive_bayes,rice,3048,762,7,2,size,30.0,,,,,,,
rice,2005,8,naive_bayes,imported_baseline,,0.90741272287035,0.90741272287035,90.741272287035,0.9089982719921098,"{""var_smoothing"": 1e-09}",0.03,ok,,naive_bayes,rice,3048,762,7,2,size,30.0,,,,,,,
rice,2006,9,naive_bayes,imported_baseline,,0.9193918065967546,0.9193918065967546,91.93918065967546,0.906309294067306,"{""var_smoothing"": 1e-09}",0.03,ok,,naive_bayes,rice,3048,762,7,2,size,30.0,,,,,,,
rice,2007,10,naive_bayes,imported_baseline,,0.9111071832579186,0.9111071832579186,91.11071832579186,0.9080359248703528,"{""var_smoothing"": 1e-09}",0.03,ok,,naive_bayes,rice,3048,762,7,2,size,30.0,,,,,,,
rice,1998,1,random_forest,imported_baseline,,0.9328265054972956,0.9328265054972956,93.28265054972957,0.924070599023168,"{""bootstrap"": true, ""max_depth"": 5, ""max_features"": ""sqrt"", ""min_impurity_decrease"": 0.0, ""min_samples_leaf"": 1, ""min_samples_split"": 2, ""n_estimators"": 300}",18.898,ok,,random_forest,rice,3048,762,7,2,n_estimators,300.0,max_depth,5.0,,,,,
rice,1999,2,random_forest,imported_baseline,,0.9171506734006734,0.9171506734006734,91.71506734006734,0.9268572144305,"{""bootstrap"": true, ""max_depth"": 5, ""max_features"": ""sqrt"", ""min_impurity_decrease"": 0.0, ""min_samples_leaf"": 1, ""min_samples_split"": 2, ""n_estimators"": 300}",19.113,ok,,random_forest,rice,3048,762,7,2,n_estimators,300.0,max_depth,5.0,,,,,
rice,2000,3,random_forest,imported_baseline,,0.9285854486618392,0.9285854486618392,92.85854486618392,0.925435406685529,"{""bootstrap"": true, ""max_depth"": 10, ""max_features"": ""sqrt"", ""min_impurity_decrease"": 0.0, ""min_samples_leaf"": 1, ""min_samples_split"": 5, ""n_estimators"": 300}",18.639,ok,,random_forest,rice,3048,762,7,2,n_estimators,300.0,max_depth,10.0,,,,,
rice,2001,4,random_forest,imported_baseline,,0.9396169931763152,0.9396169931763152,93.96169931763151,0.9228233472834546,"{""bootstrap"": true, ""max_depth"": 5, ""max_features"": ""sqrt"", ""min_impurity_decrease"": 0.0, ""min_samples_leaf"": 1, ""min_samples_split"": 2, ""n_estimators"": 100}",18.556,ok,,random_forest,rice,3048,762,7,2,n_estimators,100.0,max_depth,5.0,,,,,
rice,2002,5,random_forest,imported_baseline,,0.9223241590214069,0.9223241590214069,92.23241590214069,0.9287847417556964,"{""bootstrap"": true, ""max_depth"": 5, ""max_features"": ""sqrt"", ""min_impurity_decrease"": 0.0, ""min_samples_leaf"": 1, ""min_samples_split"": 2, ""n_estimators"": 100}",18.473,ok,,random_forest,rice,3048,762,7,2,n_estimators,100.0,max_depth,5.0,,,,,
rice,2003,6,random_forest,imported_baseline,,0.942207053469852,0.942207053469852,94.2207053469852,0.918764993288766,"{""bootstrap"": true, ""max_depth"": 5, ""max_features"": ""sqrt"", ""min_impurity_decrease"": 0.0, ""min_samples_leaf"": 2, ""min_samples_split"": 2, ""n_estimators"": 100}",18.58,ok,,random_forest,rice,3048,762,7,2,n_estimators,100.0,max_depth,5.0,,,,,
rice,2004,7,random_forest,imported_baseline,,0.9273927159796724,0.9273927159796724,92.73927159796726,0.9271593604498132,"{""bootstrap"": true, ""max_depth"": 5, ""max_features"": ""sqrt"", ""min_impurity_decrease"": 0.0, ""min_samples_leaf"": 2, ""min_samples_split"": 5, ""n_estimators"": 100}",18.516,ok,,random_forest,rice,3048,762,7,2,n_estimators,100.0,max_depth,5.0,,,,,
rice,2005,8,random_forest,imported_baseline,,0.9247656861569707,0.9247656861569707,92.47656861569708,0.9244873107159924,"{""bootstrap"": true, ""max_depth"": 5, ""max_features"": ""sqrt"", ""min_impurity_decrease"": 0.0, ""min_samples_leaf"": 1, ""min_samples_split"": 2, ""n_estimators"": 300}",18.401,ok,,random_forest,rice,3048,762,7,2,n_estimators,300.0,max_depth,5.0,,,,,
rice,2006,9,random_forest,imported_baseline,,0.9261392374946908,0.9261392374946908,92.61392374946908,0.925746602680325,"{""bootstrap"": true, ""max_depth"": 5, ""max_features"": ""sqrt"", ""min_impurity_decrease"": 0.0, ""min_samples_leaf"": 1, ""min_samples_split"": 5, ""n_estimators"": 100}",18.432,ok,,random_forest,rice,3048,762,7,2,n_estimators,100.0,max_depth,5.0,,,,,
rice,2007,10,random_forest,imported_baseline,,0.935405938076165,0.935405938076165,93.5405938076165,0.9237953501877308,"{""bootstrap"": true, ""max_depth"": 5, ""max_features"": null, ""min_impurity_decrease"": 0.0, ""min_samples_leaf"": 2, ""min_samples_split"": 5, ""n_estimators"": 100}",19.167,ok,,random_forest,rice,3048,762,7,2,n_estimators,100.0,max_depth,5.0,,,,,
rice,1998,1,svm,imported_baseline,,0.9409822214398872,0.9409822214398872,94.09822214398874,0.9270232400839332,"{""C"": 10.0, ""gamma"": ""scale"", ""kernel"": ""linear""}",0.297,ok,,svm,rice,3048,762,7,2,size,8.0,,,,,,,
rice,1999,2,svm,imported_baseline,,0.9158443525470557,0.9158443525470557,91.58443525470555,0.9299354217123867,"{""C"": 10.0, ""gamma"": ""scale"", ""kernel"": ""linear""}",0.293,ok,,svm,rice,3048,762,7,2,size,8.0,,,,,,,
rice,2000,3,svm,imported_baseline,,0.9326569570135748,0.9326569570135748,93.26569570135749,0.9283866178505944,"{""C"": 10.0, ""gamma"": ""scale"", ""kernel"": ""linear""}",0.302,ok,,svm,rice,3048,762,7,2,size,8.0,,,,,,,
rice,2001,4,svm,imported_baseline,,0.9449401588596786,0.9449401588596786,94.49401588596788,0.9257014198669404,"{""C"": 1.0, ""gamma"": ""scale"", ""kernel"": ""linear""}",0.256,ok,,svm,rice,3048,762,7,2,size,8.0,,,,,,,
rice,2002,5,svm,imported_baseline,,0.9238591761140026,0.9238591761140026,92.38591761140026,0.9298959514504224,"{""C"": 10.0, ""gamma"": ""scale"", ""kernel"": ""linear""}",0.277,ok,,svm,rice,3048,762,7,2,size,8.0,,,,,,,
rice,2003,6,svm,imported_baseline,,0.9464304544975218,0.9464304544975218,94.64304544975218,0.9238024756058882,"{""C"": 1.0, ""gamma"": ""scale"", ""kernel"": ""linear""}",0.321,ok,,svm,rice,3048,762,7,2,size,8.0,,,,,,,
rice,2004,7,svm,imported_baseline,,0.9382995951417004,0.9382995951417004,93.82995951417004,0.927300889432815,"{""C"": 10.0, ""gamma"": ""scale"", ""kernel"": ""linear""}",0.305,ok,,svm,rice,3048,762,7,2,size,8.0,,,,,,,
rice,2005,8,svm,imported_baseline,,0.9234533915854068,0.9234533915854068,92.34533915854068,0.9300002341404096,"{""C"": 1.0, ""gamma"": ""scale"", ""kernel"": ""linear""}",0.26,ok,,svm,rice,3048,762,7,2,size,8.0,,,,,,,
rice,2006,9,svm,imported_baseline,,0.9250026362965308,0.9250026362965308,92.50026362965306,0.9292015121909978,"{""C"": 10.0, ""gamma"": ""scale"", ""kernel"": ""linear""}",0.302,ok,,svm,rice,3048,762,7,2,size,8.0,,,,,,,
rice,2007,10,svm,imported_baseline,,0.9449401588596786,0.9449401588596786,94.49401588596788,0.9262934837424954,"{""C"": 10.0, ""gamma"": ""scale"", ""kernel"": ""linear""}",0.312,ok,,svm,rice,3048,762,7,2,size,8.0,,,,,,,
rice,1998,1,xgboost,imported_baseline,,0.9315109293132589,0.9315109293132589,93.15109293132588,0.9231000759147724,"{""colsample_bytree"": 0.8, ""learning_rate"": 0.05, ""max_depth"": 3, ""n_estimators"": 200, ""reg_alpha"": 0, ""reg_lambda"": 1e-05, ""scale_pos_weight"": 1, ""subsample"": 0.8}",0.921,ok,,xgboost,rice,3048,762,7,2,n_estimators,200.0,max_depth,3.0,,,,,
rice,1999,2,xgboost,imported_baseline,,0.9171506734006734,0.9171506734006734,91.71506734006734,0.9254663401873986,"{""colsample_bytree"": 0.8, ""learning_rate"": 0.05, ""max_depth"": 3, ""n_estimators"": 200, ""reg_alpha"": 0, ""reg_lambda"": 1e-05, ""scale_pos_weight"": 1, ""subsample"": 0.8}",0.939,ok,,xgboost,rice,3048,762,7,2,n_estimators,200.0,max_depth,3.0,,,,,
rice,2000,3,xgboost,imported_baseline,,0.9233269136055274,0.9233269136055274,92.33269136055274,0.9286074336022058,"{""colsample_bytree"": 0.8, ""learning_rate"": 0.1, ""max_depth"": 3, ""n_estimators"": 50, ""reg_alpha"": 0, ""reg_lambda"": 1e-05, ""scale_pos_weight"": 1, ""subsample"": 0.8}",0.831,ok,,xgboost,rice,3048,762,7,2,n_estimators,50.0,max_depth,3.0,,,,,
rice,2001,4,xgboost,imported_baseline,,0.9275114155251142,0.9275114155251142,92.7511415525114,0.9228362123760192,"{""colsample_bytree"": 0.8, ""learning_rate"": 0.1, ""max_depth"": 5, ""n_estimators"": 50, ""reg_alpha"": 0, ""reg_lambda"": 1e-05, ""scale_pos_weight"": 1, ""subsample"": 0.8}",0.837,ok,,xgboost,rice,3048,762,7,2,n_estimators,50.0,max_depth,5.0,,,,,
rice,2002,5,xgboost,imported_baseline,,0.916903529014465,0.916903529014465,91.6903529014465,0.9274403569822602,"{""colsample_bytree"": 0.8, ""learning_rate"": 0.1, ""max_depth"": 3, ""n_estimators"": 100, ""reg_alpha"": 0, ""reg_lambda"": 1e-05, ""scale_pos_weight"": 1, ""subsample"": 0.8}",0.858,ok,,xgboost,rice,3048,762,7,2,n_estimators,100.0,max_depth,3.0,,,,,
rice,2003,6,xgboost,imported_baseline,,0.9434801958166444,0.9434801958166444,94.34801958166445,0.9187958365904676,"{""colsample_bytree"": 0.8, ""learning_rate"": 0.05, ""max_depth"": 3, ""n_estimators"": 50, ""reg_alpha"": 0, ""reg_lambda"": 1e-05, ""scale_pos_weight"": 1, ""subsample"": 0.8}",0.815,ok,,xgboost,rice,3048,762,7,2,n_estimators,50.0,max_depth,3.0,,,,,
rice,2004,7,xgboost,imported_baseline,,0.9235148580233326,0.9235148580233326,92.35148580233326,0.9258818142389398,"{""colsample_bytree"": 0.8, ""learning_rate"": 0.1, ""max_depth"": 3, ""n_estimators"": 50, ""reg_alpha"": 0, ""reg_lambda"": 1e-05, ""scale_pos_weight"": 1, ""subsample"": 0.8}",0.829,ok,,xgboost,rice,3048,762,7,2,n_estimators,50.0,max_depth,3.0,,,,,
rice,2005,8,xgboost,imported_baseline,,0.927452625937079,0.927452625937079,92.7452625937079,0.9242305944487824,"{""colsample_bytree"": 0.8, ""learning_rate"": 0.05, ""max_depth"": 3, ""n_estimators"": 50, ""reg_alpha"": 0, ""reg_lambda"": 1e-05, ""scale_pos_weight"": 1, ""subsample"": 0.8}",0.823,ok,,xgboost,rice,3048,762,7,2,n_estimators,50.0,max_depth,3.0,,,,,
rice,2006,9,xgboost,imported_baseline,,0.9247035573122528,0.9247035573122528,92.47035573122528,0.9244123659169176,"{""colsample_bytree"": 0.8, ""learning_rate"": 0.05, ""max_depth"": 3, ""n_estimators"": 50, ""reg_alpha"": 0, ""reg_lambda"": 1e-05, ""scale_pos_weight"": 1, ""subsample"": 0.8}",0.822,ok,,xgboost,rice,3048,762,7,2,n_estimators,50.0,max_depth,3.0,,,,,
rice,2007,10,xgboost,imported_baseline,,0.9382003850575118,0.9382003850575118,93.8200385057512,0.9228355296686852,"{""colsample_bytree"": 0.8, ""learning_rate"": 0.05, ""max_depth"": 3, ""n_estimators"": 50, ""reg_alpha"": 0, ""reg_lambda"": 1e-05, ""scale_pos_weight"": 1, ""subsample"": 0.8}",0.824,ok,,xgboost,rice,3048,762,7,2,n_estimators,50.0,max_depth,3.0,,,,,
sonar,1998,1,decision_tree,imported_baseline,,0.6636155606407322,0.6636155606407322,66.36155606407323,0.7874726421669145,"{""max_depth"": 5, ""max_features"": null, ""min_impurity_decrease"": 0.0, ""min_samples_leaf"": 2, ""min_samples_split"": 2}",0.099,ok,,decision_tree,sonar,166,42,60,2,configured_max_depth,5.0,max_path_features,5.0,avg_path_features,3.880952380952381,,,
sonar,1999,2,decision_tree,imported_baseline,,0.8090909090909091,0.8090909090909091,80.9090909090909,0.7412556508982362,"{""max_depth"": 5, ""max_features"": ""sqrt"", ""min_impurity_decrease"": 0.0, ""min_samples_leaf"": 2, ""min_samples_split"": 5}",0.119,ok,,decision_tree,sonar,166,42,60,2,configured_max_depth,5.0,max_path_features,5.0,avg_path_features,4.642857142857143,,,
sonar,2000,3,decision_tree,imported_baseline,,0.7569444444444444,0.7569444444444444,75.69444444444444,0.7439917607429448,"{""max_depth"": 5, ""max_features"": ""sqrt"", ""min_impurity_decrease"": 0.0, ""min_samples_leaf"": 2, ""min_samples_split"": 5}",0.088,ok,,decision_tree,sonar,166,42,60,2,configured_max_depth,5.0,max_path_features,5.0,avg_path_features,4.785714285714286,,,
sonar,2001,4,decision_tree,imported_baseline,,0.6888888888888889,0.6888888888888889,68.88888888888889,0.708351669709904,"{""max_depth"": 10, ""max_features"": ""sqrt"", ""min_impurity_decrease"": 0.0, ""min_samples_leaf"": 2, ""min_samples_split"": 5}",0.143,ok,,decision_tree,sonar,166,42,60,2,configured_max_depth,10.0,max_path_features,7.0,avg_path_features,4.714285714285714,,,
sonar,2002,5,decision_tree,imported_baseline,,0.6666666666666666,0.6666666666666666,66.66666666666666,0.7870199692780339,"{""max_depth"": 5, ""max_features"": null, ""min_impurity_decrease"": 0.0, ""min_samples_leaf"": 1, ""min_samples_split"": 5}",0.117,ok,,decision_tree,sonar,166,42,60,2,configured_max_depth,5.0,max_path_features,5.0,avg_path_features,4.214285714285714,,,
sonar,2003,6,decision_tree,imported_baseline,,0.7116704805491991,0.7116704805491991,71.16704805491992,0.709670307874098,"{""max_depth"": 5, ""max_features"": ""sqrt"", ""min_impurity_decrease"": 0.0, ""min_samples_leaf"": 2, ""min_samples_split"": 2}",0.12,ok,,decision_tree,sonar,166,42,60,2,configured_max_depth,5.0,max_path_features,5.0,avg_path_features,4.238095238095238,,,
sonar,2004,7,decision_tree,imported_baseline,,0.690300623936472,0.690300623936472,69.0300623936472,0.7537923330073145,"{""max_depth"": 10, ""max_features"": null, ""min_impurity_decrease"": 0.0, ""min_samples_leaf"": 2, ""min_samples_split"": 2}",0.091,ok,,decision_tree,sonar,166,42,60,2,configured_max_depth,10.0,max_path_features,7.0,avg_path_features,3.7857142857142856,,,
sonar,2005,8,decision_tree,imported_baseline,,0.6326530612244898,0.6326530612244898,63.26530612244898,0.7149068153788268,"{""max_depth"": 10, ""max_features"": ""sqrt"", ""min_impurity_decrease"": 0.0, ""min_samples_leaf"": 2, ""min_samples_split"": 2}",0.096,ok,,decision_tree,sonar,166,42,60,2,configured_max_depth,10.0,max_path_features,8.0,avg_path_features,5.261904761904762,,,
sonar,2006,9,decision_tree,imported_baseline,,0.8324786324786324,0.8324786324786324,83.24786324786324,0.7483578534297378,"{""max_depth"": 10, ""max_features"": ""sqrt"", ""min_impurity_decrease"": 0.0, ""min_samples_leaf"": 1, ""min_samples_split"": 2}",0.1,ok,,decision_tree,sonar,166,42,60,2,configured_max_depth,10.0,max_path_features,8.0,avg_path_features,3.928571428571429,,,
sonar,2007,10,decision_tree,imported_baseline,,0.8077803203661327,0.8077803203661327,80.77803203661327,0.7315116778441,"{""max_depth"": 10, ""max_features"": ""sqrt"", ""min_impurity_decrease"": 0.0, ""min_samples_leaf"": 2, ""min_samples_split"": 5}",0.094,ok,,decision_tree,sonar,166,42,60,2,configured_max_depth,10.0,max_path_features,8.0,avg_path_features,5.0,,,
sonar,1998,1,fcalc_deterministic,imported_baseline,,0.6181818181818182,0.6181818181818182,61.81818181818181,0.7213065900332454,"{""cv_f1"": 0.7213065900332454, ""family"": ""proximity"", ""method"": ""proximity""}",3.045,ok,,fcalc,sonar,166,42,60,2,size,9960.0,,,,,,,
sonar,1999,2,fcalc_deterministic,imported_baseline,,0.7367521367521368,0.7367521367521368,73.67521367521368,0.7106396922373008,"{""cv_f1"": 0.7106396922373008, ""family"": ""proximity"", ""method"": ""proximity""}",3.077,ok,,fcalc,sonar,166,42,60,2,size,9960.0,,,,,,,
sonar,2000,3,fcalc_deterministic,imported_baseline,,0.8090909090909091,0.8090909090909091,80.9090909090909,0.7154444552495527,"{""cv_f1"": 0.7154444552495527, ""family"": ""proximity"", ""method"": ""proximity""}",3.021,ok,,fcalc,sonar,166,42,60,2,size,9960.0,,,,,,,
sonar,2001,4,fcalc_deterministic,imported_baseline,,0.6541176470588236,0.6541176470588236,65.41176470588236,0.6844057744423598,"{""cv_f1"": 0.6844057744423598, ""family"": ""proximity"", ""method"": ""proximity""}",3.039,ok,,fcalc,sonar,166,42,60,2,size,9960.0,,,,,,,
sonar,2002,5,fcalc_deterministic,imported_baseline,,0.625668449197861,0.625668449197861,62.5668449197861,0.6597847577474806,"{""cv_f1"": 0.6597847577474806, ""family"": ""proximity"", ""method"": ""proximity""}",3.052,ok,,fcalc,sonar,166,42,60,2,size,9960.0,,,,,,,
sonar,2003,6,fcalc_deterministic,imported_baseline,,0.6326530612244898,0.6326530612244898,63.26530612244898,0.6983019493766128,"{""cv_f1"": 0.6983019493766128, ""family"": ""proximity"", ""method"": ""proximity""}",3.036,ok,,fcalc,sonar,166,42,60,2,size,9960.0,,,,,,,
sonar,2004,7,fcalc_deterministic,imported_baseline,,0.6597222222222222,0.6597222222222222,65.97222222222221,0.7180694936645994,"{""cv_f1"": 0.7180694936645994, ""family"": ""proximity"", ""method"": ""proximity""}",3.044,ok,,fcalc,sonar,166,42,60,2,size,9960.0,,,,,,,
sonar,2005,8,fcalc_deterministic,imported_baseline,,0.6888888888888889,0.6888888888888889,68.88888888888889,0.6987002003215925,"{""cv_f1"": 0.6987002003215925, ""family"": ""proximity"", ""method"": ""proximity""}",3.012,ok,,fcalc,sonar,166,42,60,2,size,9960.0,,,,,,,
sonar,2006,9,fcalc_deterministic,imported_baseline,,0.7035294117647058,0.7035294117647058,70.35294117647058,0.6664890669186335,"{""cv_f1"": 0.6664890669186335, ""family"": ""proximity"", ""method"": ""proximity""}",3.027,ok,,fcalc,sonar,166,42,60,2,size,9960.0,,,,,,,
sonar,2007,10,fcalc_deterministic,imported_baseline,,0.5894192064404831,0.5894192064404831,58.94192064404831,0.7627467285649356,"{""cv_f1"": 0.7627467285649356, ""family"": ""proximity"", ""method"": ""proximity""}",3.031,ok,,fcalc,sonar,166,42,60,2,size,9960.0,,,,,,,
sonar,1998,1,fcalc_randomized,imported_baseline,,0.5950085082246171,0.5950085082246171,59.50085082246172,0.7984203325664426,"{""cv_f1"": 0.7984203325664426, ""family"": ""proximity"", ""method"": ""proximity-non-falsified"", ""num_iters"": 10, ""subsample_size"": 10}",10.08,ok,,fcalc_rand,sonar,166,42,60,2,size,1200.0,num_iters,10.0,,,,,
sonar,1999,2,fcalc_randomized,imported_baseline,,0.7855927396483267,0.7855927396483267,78.55927396483267,0.7639110397694189,"{""cv_f1"": 0.7639110397694189, ""family"": ""proximity"", ""method"": ""proximity-non-falsified"", ""num_iters"": 50, ""subsample_size"": 8}",10.394,ok,,fcalc_rand,sonar,166,42,60,2,size,6000.0,num_iters,50.0,,,,,
sonar,2000,3,fcalc_randomized,imported_baseline,,0.71880706025563,0.71880706025563,71.880706025563,0.740204005355808,"{""cv_f1"": 0.740204005355808, ""family"": ""proximity"", ""method"": ""proximity-non-falsified"", ""num_iters"": 40, ""subsample_size"": 7}",10.085,ok,,fcalc_rand,sonar,166,42,60,2,size,4800.0,num_iters,40.0,,,,,
sonar,2001,4,fcalc_randomized,imported_baseline,,0.6860264519838988,0.6860264519838988,68.60264519838988,0.7446118191260712,"{""cv_f1"": 0.7446118191260712, ""family"": ""proximity"", ""method"": ""proximity-non-falsified"", ""num_iters"": 50, ""subsample_size"": 7}",10.016,ok,,fcalc_rand,sonar,166,42,60,2,size,6000.0,num_iters,50.0,,,,,
sonar,2002,5,fcalc_randomized,imported_baseline,,0.7613636363636362,0.7613636363636362,76.13636363636363,0.7514460264659834,"{""cv_f1"": 0.7514460264659834, ""family"": ""proximity"", ""method"": ""proximity-non-falsified"", ""num_iters"": 40, ""subsample_size"": 9}",9.986,ok,,fcalc_rand,sonar,166,42,60,2,size,4800.0,num_iters,40.0,,,,,
sonar,2003,6,fcalc_randomized,imported_baseline,,0.6155606407322655,0.6155606407322655,61.556064073226544,0.7727442018192793,"{""cv_f1"": 0.7727442018192793, ""family"": ""proximity"", ""method"": ""proximity-non-falsified"", ""num_iters"": 40, ""subsample_size"": 8}",10.166,ok,,fcalc_rand,sonar,166,42,60,2,size,4800.0,num_iters,40.0,,,,,
sonar,2004,7,fcalc_randomized,imported_baseline,,0.4020338983050847,0.4020338983050847,40.20338983050847,0.7622841722806596,"{""cv_f1"": 0.7622841722806596, ""family"": ""proximity"", ""method"": ""proximity"", ""num_iters"": 50, ""subsample_size"": 1}",9.907,ok,,fcalc_rand,sonar,166,42,60,2,size,6000.0,num_iters,50.0,,,,,
sonar,2005,8,fcalc_randomized,imported_baseline,,0.7379466817923993,0.7379466817923993,73.79466817923993,0.7749285509627066,"{""cv_f1"": 0.7749285509627066, ""family"": ""proximity"", ""method"": ""proximity-non-falsified"", ""num_iters"": 50, ""subsample_size"": 9}",9.976,ok,,fcalc_rand,sonar,166,42,60,2,size,6000.0,num_iters,50.0,,,,,
sonar,2006,9,fcalc_randomized,imported_baseline,,0.8090909090909092,0.8090909090909092,80.90909090909092,0.731714020571613,"{""cv_f1"": 0.731714020571613, ""family"": ""proximity"", ""method"": ""proximity-non-falsified"", ""num_iters"": 30, ""subsample_size"": 8}",9.798,ok,,fcalc_rand,sonar,166,42,60,2,size,3600.0,num_iters,30.0,,,,,
sonar,2007,10,fcalc_randomized,imported_baseline,,0.6666666666666666,0.6666666666666666,66.66666666666666,0.7870000993763508,"{""cv_f1"": 0.7870000993763508, ""family"": ""proximity"", ""method"": ""proximity-non-falsified"", ""num_iters"": 30, ""subsample_size"": 9}",9.948,ok,,fcalc_rand,sonar,166,42,60,2,size,3600.0,num_iters,30.0,,,,,
sonar,1998,1,ips_knn,imported_baseline,,0.7980769230769229,0.7980769230769229,79.80769230769229,0.8235142993822228,"{""k"": 1}",21.485,ok,,ips_knn,sonar,166,42,60,2,avg_rrc_size,4.476190476190476,max_rrc_size,7.0,,,4.476190476190476,7.0,0.0746031746031746
sonar,1999,2,ips_knn,imported_baseline,,0.8792409430707303,0.8792409430707303,87.92409430707303,0.8413509580402619,"{""k"": 1}",21.275,ok,,ips_knn,sonar,166,42,60,2,avg_rrc_size,4.261904761904762,max_rrc_size,7.0,,,4.261904761904762,7.0,0.071031746031746
sonar,2000,3,ips_knn,imported_baseline,,0.8568181818181818,0.8568181818181818,85.68181818181819,0.806388889864212,"{""k"": 1}",21.858,ok,,ips_knn,sonar,166,42,60,2,avg_rrc_size,4.261904761904762,max_rrc_size,8.0,,,4.261904761904762,8.0,0.071031746031746
sonar,2001,4,ips_knn,imported_baseline,,0.8077803203661327,0.8077803203661327,80.77803203661327,0.8597061826649053,"{""k"": 1}",21.346,ok,,ips_knn,sonar,166,42,60,2,avg_rrc_size,4.738095238095238,max_rrc_size,9.0,,,4.738095238095238,9.0,0.0789682539682539
sonar,2002,5,ips_knn,imported_baseline,,0.7795918367346939,0.7795918367346939,77.9591836734694,0.8595088191830745,"{""k"": 3}",21.214,ok,,ips_knn,sonar,166,42,60,2,avg_rrc_size,5.119047619047619,max_rrc_size,9.0,,,5.119047619047619,9.0,0.0853174603174603
sonar,2003,6,ips_knn,imported_baseline,,0.851764705882353,0.851764705882353,85.1764705882353,0.8527682979547624,"{""k"": 1}",21.141,ok,,ips_knn,sonar,166,42,60,2,avg_rrc_size,4.309523809523809,max_rrc_size,8.0,,,4.309523809523809,8.0,0.0718253968253968
sonar,2004,7,ips_knn,imported_baseline,,0.8568181818181818,0.8568181818181818,85.68181818181819,0.8230746254939802,"{""k"": 1}",21.238,ok,,ips_knn,sonar,166,42,60,2,avg_rrc_size,4.5,max_rrc_size,7.0,,,4.5,7.0,0.075
sonar,2005,8,ips_knn,imported_baseline,,0.9522727272727274,0.9522727272727274,95.22727272727272,0.888328093033321,"{""k"": 3}",21.139,ok,,ips_knn,sonar,166,42,60,2,avg_rrc_size,4.9523809523809526,max_rrc_size,9.0,,,4.9523809523809526,9.0,0.0825396825396825
sonar,2006,9,ips_knn,imported_baseline,,0.8077803203661327,0.8077803203661327,80.77803203661327,0.8713175627410441,"{""k"": 1}",21.091,ok,,ips_knn,sonar,166,42,60,2,avg_rrc_size,4.619047619047619,max_rrc_size,8.0,,,4.619047619047619,8.0,0.0769841269841269
sonar,2007,10,ips_knn,imported_baseline,,0.8558352402745996,0.8558352402745996,85.58352402745996,0.8719372728587645,"{""k"": 1}",21.343,ok,,ips_knn,sonar,166,42,60,2,avg_rrc_size,4.833333333333333,max_rrc_size,7.0,,,4.833333333333333,7.0,0.0805555555555555
sonar,1998,1,knn,imported_baseline,,0.7980769230769229,0.7980769230769229,79.80769230769229,0.8235142993822228,"{""n_neighbors"": 1, ""weights"": ""uniform""}",0.481,ok,,knn,sonar,166,42,60,2,size,60.0,,,,,,,
sonar,1999,2,knn,imported_baseline,,0.8792409430707303,0.8792409430707303,87.92409430707303,0.8409780516911247,"{""n_neighbors"": 1, ""weights"": ""uniform""}",0.456,ok,,knn,sonar,166,42,60,2,size,60.0,,,,,,,
sonar,2000,3,knn,imported_baseline,,0.8568181818181818,0.8568181818181818,85.68181818181819,0.8252240499971897,"{""n_neighbors"": 1, ""weights"": ""uniform""}",0.547,ok,,knn,sonar,166,42,60,2,size,60.0,,,,,,,
sonar,2001,4,knn,imported_baseline,,0.8077803203661327,0.8077803203661327,80.77803203661327,0.8597061826649053,"{""n_neighbors"": 1, ""weights"": ""uniform""}",0.465,ok,,knn,sonar,166,42,60,2,size,60.0,,,,,,,
sonar,2002,5,knn,imported_baseline,,0.7795918367346939,0.7795918367346939,77.9591836734694,0.8475387728336912,"{""n_neighbors"": 3, ""weights"": ""uniform""}",0.482,ok,,knn,sonar,166,42,60,2,size,180.0,,,,,,,
sonar,2003,6,knn,imported_baseline,,0.851764705882353,0.851764705882353,85.1764705882353,0.8522069243716104,"{""n_neighbors"": 1, ""weights"": ""uniform""}",0.421,ok,,knn,sonar,166,42,60,2,size,60.0,,,,,,,
sonar,2004,7,knn,imported_baseline,,0.8568181818181818,0.8568181818181818,85.68181818181819,0.8348638550418304,"{""n_neighbors"": 1, ""weights"": ""uniform""}",0.442,ok,,knn,sonar,166,42,60,2,size,60.0,,,,,,,
sonar,2005,8,knn,imported_baseline,,0.9282051282051282,0.9282051282051282,92.82051282051282,0.8884449207363556,"{""n_neighbors"": 4, ""weights"": ""distance""}",0.464,ok,,knn,sonar,166,42,60,2,size,240.0,,,,,,,
sonar,2006,9,knn,imported_baseline,,0.8077803203661327,0.8077803203661327,80.77803203661327,0.8653472606417096,"{""n_neighbors"": 1, ""weights"": ""uniform""}",0.443,ok,,knn,sonar,166,42,60,2,size,60.0,,,,,,,
sonar,2007,10,knn,imported_baseline,,0.8558352402745996,0.8558352402745996,85.58352402745996,0.8594245814713,"{""n_neighbors"": 1, ""weights"": ""uniform""}",0.455,ok,,knn,sonar,166,42,60,2,size,60.0,,,,,,,
sonar,1998,1,logistic_regression,imported_baseline,,0.6636155606407322,0.6636155606407322,66.36155606407323,0.8068905646325002,"{""C"": 0.1, ""penalty"": ""l2"", ""solver"": ""liblinear""}",0.128,ok,,logistic_regression,sonar,166,42,60,2,size,61.0,,,,,,,
sonar,1999,2,logistic_regression,imported_baseline,,0.7597254004576658,0.7597254004576658,75.97254004576658,0.7797492765422044,"{""C"": 0.1, ""penalty"": ""l2"", ""solver"": ""lbfgs""}",0.147,ok,,logistic_regression,sonar,166,42,60,2,size,61.0,,,,,,,
sonar,2000,3,logistic_regression,imported_baseline,,0.8568181818181818,0.8568181818181818,85.68181818181819,0.7632237436570555,"{""C"": 0.1, ""penalty"": ""l2"", ""solver"": ""liblinear""}",0.162,ok,,logistic_regression,sonar,166,42,60,2,size,61.0,,,,,,,
sonar,2001,4,logistic_regression,imported_baseline,,0.8077803203661327,0.8077803203661327,80.77803203661327,0.7696524311902768,"{""C"": 10, ""penalty"": ""l1"", ""solver"": ""liblinear""}",0.184,ok,,logistic_regression,sonar,166,42,60,2,size,61.0,,,,,,,
sonar,2002,5,logistic_regression,imported_baseline,,0.7142857142857143,0.7142857142857143,71.42857142857143,0.7993923369658665,"{""C"": 1, ""penalty"": ""l2"", ""solver"": ""liblinear""}",0.133,ok,,logistic_regression,sonar,166,42,60,2,size,61.0,,,,,,,
sonar,2003,6,logistic_regression,imported_baseline,,0.6597222222222222,0.6597222222222222,65.97222222222221,0.792281192803996,"{""C"": 10, ""penalty"": ""l2"", ""solver"": ""liblinear""}",0.134,ok,,logistic_regression,sonar,166,42,60,2,size,61.0,,,,,,,
sonar,2004,7,logistic_regression,imported_baseline,,0.7116704805491991,0.7116704805491991,71.16704805491992,0.7923012173012173,"{""C"": 0.01, ""penalty"": ""l2"", ""solver"": ""lbfgs""}",0.164,ok,,logistic_regression,sonar,166,42,60,2,size,61.0,,,,,,,
sonar,2005,8,logistic_regression,imported_baseline,,0.8077803203661327,0.8077803203661327,80.77803203661327,0.7865044121678945,"{""C"": 0.01, ""penalty"": ""l2"", ""solver"": ""lbfgs""}",0.142,ok,,logistic_regression,sonar,166,42,60,2,size,61.0,,,,,,,
sonar,2006,9,logistic_regression,imported_baseline,,0.761904761904762,0.761904761904762,76.1904761904762,0.7422053625768796,"{""C"": 1, ""penalty"": ""l2"", ""solver"": ""lbfgs""}",0.142,ok,,logistic_regression,sonar,166,42,60,2,size,61.0,,,,,,,
sonar,2007,10,logistic_regression,imported_baseline,,0.7613636363636364,0.7613636363636364,76.13636363636364,0.799222321598573,"{""C"": 0.1, ""penalty"": ""l2"", ""solver"": ""liblinear""}",0.156,ok,,logistic_regression,sonar,166,42,60,2,size,61.0,,,,,,,
sonar,1998,1,naive_bayes,imported_baseline,,0.5452991452991454,0.5452991452991454,54.529914529914535,0.7350371292211899,"{""var_smoothing"": 1e-09}",0.021,ok,,naive_bayes,sonar,166,42,60,2,size,242.0,,,,,,,
sonar,1999,2,naive_bayes,imported_baseline,,0.7136363636363636,0.7136363636363636,71.36363636363636,0.7039462629785211,"{""var_smoothing"": 1e-09}",0.017,ok,,naive_bayes,sonar,166,42,60,2,size,242.0,,,,,,,
sonar,2000,3,naive_bayes,imported_baseline,,0.7367521367521368,0.7367521367521368,73.67521367521368,0.6958605395830582,"{""var_smoothing"": 1e-09}",0.016,ok,,naive_bayes,sonar,166,42,60,2,size,242.0,,,,,,,
sonar,2001,4,naive_bayes,imported_baseline,,0.5931623931623933,0.5931623931623933,59.316239316239326,0.7011711095921622,"{""var_smoothing"": 1e-09}",0.017,ok,,naive_bayes,sonar,166,42,60,2,size,242.0,,,,,,,
sonar,2002,5,naive_bayes,imported_baseline,,0.641025641025641,0.641025641025641,64.1025641025641,0.6445173106463429,"{""var_smoothing"": 1e-09}",0.019,ok,,naive_bayes,sonar,166,42,60,2,size,242.0,,,,,,,
sonar,2003,6,naive_bayes,imported_baseline,,0.6111111111111112,0.6111111111111112,61.11111111111112,0.6934651029712795,"{""var_smoothing"": 1e-09}",0.017,ok,,naive_bayes,sonar,166,42,60,2,size,242.0,,,,,,,
sonar,2004,7,naive_bayes,imported_baseline,,0.690300623936472,0.690300623936472,69.0300623936472,0.6699917712726062,"{""var_smoothing"": 1e-09}",0.018,ok,,naive_bayes,sonar,166,42,60,2,size,242.0,,,,,,,
sonar,2005,8,naive_bayes,imported_baseline,,0.6377228292121908,0.6377228292121908,63.77228292121908,0.7038405393222839,"{""var_smoothing"": 1e-09}",0.017,ok,,naive_bayes,sonar,166,42,60,2,size,242.0,,,,,,,
sonar,2006,9,naive_bayes,imported_baseline,,0.616555082166768,0.616555082166768,61.6555082166768,0.6654750022661737,"{""var_smoothing"": 1e-09}",0.017,ok,,naive_bayes,sonar,166,42,60,2,size,242.0,,,,,,,
sonar,2007,10,naive_bayes,imported_baseline,,0.6377228292121908,0.6377228292121908,63.77228292121908,0.7023773632517265,"{""var_smoothing"": 1e-09}",0.015,ok,,naive_bayes,sonar,166,42,60,2,size,242.0,,,,,,,
sonar,1998,1,random_forest,imported_baseline,,0.7306122448979592,0.7306122448979592,73.06122448979592,0.8151867775914964,"{""bootstrap"": true, ""max_depth"": 10, ""max_features"": ""sqrt"", ""min_impurity_decrease"": 0.0, ""min_samples_leaf"": 2, ""min_samples_split"": 2, ""n_estimators"": 100}",6.233,ok,,random_forest,sonar,166,42,60,2,n_estimators,100.0,max_depth,10.0,,,,,
sonar,1999,2,random_forest,imported_baseline,,0.8541666666666667,0.8541666666666667,85.41666666666667,0.8104247296683337,"{""bootstrap"": true, ""max_depth"": 5, ""max_features"": ""sqrt"", ""min_impurity_decrease"": 0.0, ""min_samples_leaf"": 1, ""min_samples_split"": 5, ""n_estimators"": 300}",6.243,ok,,random_forest,sonar,166,42,60,2,n_estimators,300.0,max_depth,5.0,,,,,
sonar,2000,3,random_forest,imported_baseline,,0.8792409430707303,0.8792409430707303,87.92409430707303,0.8044767905833348,"{""bootstrap"": true, ""max_depth"": 10, ""max_features"": ""sqrt"", ""min_impurity_decrease"": 0.0, ""min_samples_leaf"": 1, ""min_samples_split"": 2, ""n_estimators"": 100}",6.458,ok,,random_forest,sonar,166,42,60,2,n_estimators,100.0,max_depth,10.0,,,,,
sonar,2001,4,random_forest,imported_baseline,,0.7795918367346939,0.7795918367346939,77.9591836734694,0.8209074281697717,"{""bootstrap"": true, ""max_depth"": 10, ""max_features"": ""sqrt"", ""min_impurity_decrease"": 0.0, ""min_samples_leaf"": 2, ""min_samples_split"": 5, ""n_estimators"": 300}",6.311,ok,,random_forest,sonar,166,42,60,2,n_estimators,300.0,max_depth,10.0,,,,,
sonar,2002,5,random_forest,imported_baseline,,0.7142857142857143,0.7142857142857143,71.42857142857143,0.8536855759072696,"{""bootstrap"": true, ""max_depth"": 10, ""max_features"": ""sqrt"", ""min_impurity_decrease"": 0.0, ""min_samples_leaf"": 1, ""min_samples_split"": 2, ""n_estimators"": 100}",6.276,ok,,random_forest,sonar,166,42,60,2,n_estimators,100.0,max_depth,10.0,,,,,
sonar,2003,6,random_forest,imported_baseline,,0.6636155606407322,0.6636155606407322,66.36155606407323,0.834633190883191,"{""bootstrap"": true, ""max_depth"": 5, ""max_features"": ""sqrt"", ""min_impurity_decrease"": 0.0, ""min_samples_leaf"": 1, ""min_samples_split"": 5, ""n_estimators"": 100}",6.055,ok,,random_forest,sonar,166,42,60,2,n_estimators,100.0,max_depth,5.0,,,,,
sonar,2004,7,random_forest,imported_baseline,,0.7613636363636364,0.7613636363636364,76.13636363636364,0.8438154079139627,"{""bootstrap"": true, ""max_depth"": 10, ""max_features"": ""sqrt"", ""min_impurity_decrease"": 0.0, ""min_samples_leaf"": 1, ""min_samples_split"": 2, ""n_estimators"": 300}",6.262,ok,,random_forest,sonar,166,42,60,2,n_estimators,300.0,max_depth,10.0,,,,,
sonar,2005,8,random_forest,imported_baseline,,0.7795918367346939,0.7795918367346939,77.9591836734694,0.8274230018836605,"{""bootstrap"": true, ""max_depth"": 10, ""max_features"": ""sqrt"", ""min_impurity_decrease"": 0.0, ""min_samples_leaf"": 2, ""min_samples_split"": 2, ""n_estimators"": 100}",6.227,ok,,random_forest,sonar,166,42,60,2,n_estimators,100.0,max_depth,10.0,,,,,
sonar,2006,9,random_forest,imported_baseline,,0.8803418803418803,0.8803418803418803,88.03418803418803,0.8162295095768602,"{""bootstrap"": true, ""max_depth"": 10, ""max_features"": ""sqrt"", ""min_impurity_decrease"": 0.0, ""min_samples_leaf"": 1, ""min_samples_split"": 2, ""n_estimators"": 300}",6.385,ok,,random_forest,sonar,166,42,60,2,n_estimators,300.0,max_depth,10.0,,,,,
sonar,2007,10,random_forest,imported_baseline,,0.7980769230769229,0.7980769230769229,79.80769230769229,0.8137104072398191,"{""bootstrap"": true, ""max_depth"": 5, ""max_features"": ""sqrt"", ""min_impurity_decrease"": 0.0, ""min_samples_leaf"": 2, ""min_samples_split"": 5, ""n_estimators"": 100}",6.161,ok,,random_forest,sonar,166,42,60,2,n_estimators,100.0,max_depth,5.0,,,,,
sonar,1998,1,svm,imported_baseline,,0.7475961538461537,0.7475961538461537,74.75961538461537,0.8474119405153889,"{""C"": 10.0, ""gamma"": ""scale"", ""kernel"": ""rbf""}",0.066,ok,,svm,sonar,166,42,60,2,n_support_vectors,115.0,size,7017.0,,,,,
sonar,1999,2,svm,imported_baseline,,0.8541666666666667,0.8541666666666667,85.41666666666667,0.8394346434900865,"{""C"": 10.0, ""gamma"": ""scale"", ""kernel"": ""rbf""}",0.15,ok,,svm,sonar,166,42,60,2,n_support_vectors,118.0,size,7200.0,,,,,
sonar,2000,3,svm,imported_baseline,,0.8568181818181818,0.8568181818181818,85.68181818181819,0.8777450424818845,"{""C"": 10.0, ""gamma"": ""scale"", ""kernel"": ""rbf""}",0.077,ok,,svm,sonar,166,42,60,2,n_support_vectors,117.0,size,7139.0,,,,,
sonar,2001,4,svm,imported_baseline,,0.9038901601830664,0.9038901601830664,90.38901601830663,0.8273299752610097,"{""C"": 10.0, ""gamma"": ""scale"", ""kernel"": ""rbf""}",0.094,ok,,svm,sonar,166,42,60,2,n_support_vectors,123.0,size,7505.0,,,,,
sonar,2002,5,svm,imported_baseline,,0.8803418803418803,0.8803418803418803,88.03418803418803,0.8719637309723517,"{""C"": 10.0, ""gamma"": ""scale"", ""kernel"": ""rbf""}",0.077,ok,,svm,sonar,166,42,60,2,n_support_vectors,115.0,size,7017.0,,,,,
sonar,2003,6,svm,imported_baseline,,0.851764705882353,0.851764705882353,85.1764705882353,0.8645338193215952,"{""C"": 10.0, ""gamma"": ""scale"", ""kernel"": ""rbf""}",0.078,ok,,svm,sonar,166,42,60,2,n_support_vectors,117.0,size,7139.0,,,,,
sonar,2004,7,svm,imported_baseline,,0.8541666666666667,0.8541666666666667,85.41666666666667,0.8543531226264491,"{""C"": 10.0, ""gamma"": ""scale"", ""kernel"": ""rbf""}",0.134,ok,,svm,sonar,166,42,60,2,n_support_vectors,115.0,size,7017.0,,,,,
sonar,2005,8,svm,imported_baseline,,0.9282051282051282,0.9282051282051282,92.82051282051282,0.8704982086987251,"{""C"": 10.0, ""gamma"": ""scale"", ""kernel"": ""rbf""}",0.137,ok,,svm,sonar,166,42,60,2,n_support_vectors,119.0,size,7261.0,,,,,
sonar,2006,9,svm,imported_baseline,,0.8324786324786324,0.8324786324786324,83.24786324786324,0.8585961462549484,"{""C"": 10.0, ""gamma"": ""scale"", ""kernel"": ""rbf""}",0.133,ok,,svm,sonar,166,42,60,2,n_support_vectors,122.0,size,7444.0,,,,,
sonar,2007,10,svm,imported_baseline,,0.8775510204081631,0.8775510204081631,87.75510204081631,0.8160111623269518,"{""C"": 10.0, ""gamma"": ""scale"", ""kernel"": ""rbf""}",0.085,ok,,svm,sonar,166,42,60,2,n_support_vectors,114.0,size,6956.0,,,,,
sonar,1998,1,xgboost,imported_baseline,,0.7343300747556067,0.7343300747556067,73.43300747556067,0.8464464382484405,"{""colsample_bytree"": 0.8, ""learning_rate"": 0.1, ""max_depth"": 3, ""n_estimators"": 100, ""reg_alpha"": 0, ""reg_lambda"": 1e-05, ""scale_pos_weight"": 1, ""subsample"": 0.8}",0.261,ok,,xgboost,sonar,166,42,60,2,n_estimators,100.0,max_depth,3.0,,,,,
sonar,1999,2,xgboost,imported_baseline,,0.8803418803418803,0.8803418803418803,88.03418803418803,0.8429127682353489,"{""colsample_bytree"": 0.8, ""learning_rate"": 0.05, ""max_depth"": 5, ""n_estimators"": 200, ""reg_alpha"": 0, ""reg_lambda"": 1e-05, ""scale_pos_weight"": 1, ""subsample"": 0.8}",0.304,ok,,xgboost,sonar,166,42,60,2,n_estimators,200.0,max_depth,5.0,,,,,
sonar,2000,3,xgboost,imported_baseline,,0.8803418803418803,0.8803418803418803,88.03418803418803,0.8169359598125479,"{""colsample_bytree"": 0.8, ""learning_rate"": 0.1, ""max_depth"": 5, ""n_estimators"": 100, ""reg_alpha"": 0, ""reg_lambda"": 1e-05, ""scale_pos_weight"": 1, ""subsample"": 0.8}",0.266,ok,,xgboost,sonar,166,42,60,2,n_estimators,100.0,max_depth,5.0,,,,,
sonar,2001,4,xgboost,imported_baseline,,0.7569444444444444,0.7569444444444444,75.69444444444444,0.828353182133608,"{""colsample_bytree"": 0.8, ""learning_rate"": 0.05, ""max_depth"": 3, ""n_estimators"": 200, ""reg_alpha"": 0, ""reg_lambda"": 1e-05, ""scale_pos_weight"": 1, ""subsample"": 0.8}",0.29,ok,,xgboost,sonar,166,42,60,2,n_estimators,200.0,max_depth,3.0,,,,,
sonar,2002,5,xgboost,imported_baseline,,0.761904761904762,0.761904761904762,76.1904761904762,0.8772966870183808,"{""colsample_bytree"": 0.8, ""learning_rate"": 0.1, ""max_depth"": 5, ""n_estimators"": 50, ""reg_alpha"": 0, ""reg_lambda"": 1e-05, ""scale_pos_weight"": 1, ""subsample"": 0.8}",0.243,ok,,xgboost,sonar,166,42,60,2,n_estimators,50.0,max_depth,5.0,,,,,
sonar,2003,6,xgboost,imported_baseline,,0.8077803203661327,0.8077803203661327,80.77803203661327,0.8388496895621206,"{""colsample_bytree"": 0.8, ""learning_rate"": 0.1, ""max_depth"": 3, ""n_estimators"": 50, ""reg_alpha"": 0, ""reg_lambda"": 1e-05, ""scale_pos_weight"": 1, ""subsample"": 0.8}",0.245,ok,,xgboost,sonar,166,42,60,2,n_estimators,50.0,max_depth,3.0,,,,,
sonar,2004,7,xgboost,imported_baseline,,0.7613636363636364,0.7613636363636364,76.13636363636364,0.8769479433260526,"{""colsample_bytree"": 0.8, ""learning_rate"": 0.1, ""max_depth"": 3, ""n_estimators"": 200, ""reg_alpha"": 0, ""reg_lambda"": 1e-05, ""scale_pos_weight"": 1, ""subsample"": 0.8}",0.254,ok,,xgboost,sonar,166,42,60,2,n_estimators,200.0,max_depth,3.0,,,,,
sonar,2005,8,xgboost,imported_baseline,,0.8558352402745996,0.8558352402745996,85.58352402745996,0.860346964004709,"{""colsample_bytree"": 0.8, ""learning_rate"": 0.1, ""max_depth"": 5, ""n_estimators"": 200, ""reg_alpha"": 0, ""reg_lambda"": 1e-05, ""scale_pos_weight"": 1, ""subsample"": 0.8}",0.258,ok,,xgboost,sonar,166,42,60,2,n_estimators,200.0,max_depth,5.0,,,,,
sonar,2006,9,xgboost,imported_baseline,,0.9047619047619048,0.9047619047619048,90.47619047619048,0.8545228403246299,"{""colsample_bytree"": 0.8, ""learning_rate"": 0.05, ""max_depth"": 5, ""n_estimators"": 200, ""reg_alpha"": 0, ""reg_lambda"": 1e-05, ""scale_pos_weight"": 1, ""subsample"": 0.8}",0.283,ok,,xgboost,sonar,166,42,60,2,n_estimators,200.0,max_depth,5.0,,,,,
sonar,2007,10,xgboost,imported_baseline,,0.8253119429590018,0.8253119429590018,82.53119429590018,0.8480746735792375,"{""colsample_bytree"": 0.8, ""learning_rate"": 0.1, ""max_depth"": 5, ""n_estimators"": 200, ""reg_alpha"": 0, ""reg_lambda"": 1e-05, ""scale_pos_weight"": 1, ""subsample"": 0.8}",0.278,ok,,xgboost,sonar,166,42,60,2,n_estimators,200.0,max_depth,5.0,,,,,
spambase,1998,1,decision_tree,imported_baseline,,0.9120818224081824,0.9120818224081824,91.20818224081825,0.9161696005873358,"{""max_depth"": 10, ""max_features"": null, ""min_impurity_decrease"": 0.0, ""min_samples_leaf"": 1, ""min_samples_split"": 5}",0.319,ok,,decision_tree,spam,3680,921,57,2,configured_max_depth,10.0,max_path_features,10.0,avg_path_features,9.298588490770902,,,
spambase,1999,2,decision_tree,imported_baseline,,0.9271072417886822,0.9271072417886822,92.71072417886822,0.9123076246770878,"{""max_depth"": 10, ""max_features"": null, ""min_impurity_decrease"": 0.0, ""min_samples_leaf"": 1, ""min_samples_split"": 2}",0.341,ok,,decision_tree,spam,3680,921,57,2,configured_max_depth,10.0,max_path_features,10.0,avg_path_features,8.769815418023887,,,
spambase,2000,3,decision_tree,imported_baseline,,0.9192623279299498,0.9192623279299498,91.92623279299498,0.915212924880317,"{""max_depth"": 10, ""max_features"": null, ""min_impurity_decrease"": 0.0, ""min_samples_leaf"": 1, ""min_samples_split"": 2}",0.329,ok,,decision_tree,spam,3680,921,57,2,configured_max_depth,10.0,max_path_features,10.0,avg_path_features,9.156351791530945,,,
spambase,2001,4,decision_tree,imported_baseline,,0.9170582466182666,0.9170582466182666,91.70582466182668,0.909580985028182,"{""max_depth"": 10, ""max_features"": null, ""min_impurity_decrease"": 0.0, ""min_samples_leaf"": 1, ""min_samples_split"": 2}",0.319,ok,,decision_tree,spam,3680,921,57,2,configured_max_depth,10.0,max_path_features,10.0,avg_path_features,8.812160694896852,,,
spambase,2002,5,decision_tree,imported_baseline,,0.92310127173825,0.92310127173825,92.310127173825,0.9185194188621736,"{""max_depth"": 10, ""max_features"": null, ""min_impurity_decrease"": 0.0, ""min_samples_leaf"": 1, ""min_samples_split"": 2}",0.33,ok,,decision_tree,spam,3680,921,57,2,configured_max_depth,10.0,max_path_features,10.0,avg_path_features,8.71444082519001,,,
spambase,2003,6,decision_tree,imported_baseline,,0.9223971292340328,0.9223971292340328,92.23971292340327,0.914473708641622,"{""max_depth"": 10, ""max_features"": null, ""min_impurity_decrease"": 0.0, ""min_samples_leaf"": 1, ""min_samples_split"": 2}",0.321,ok,,decision_tree,spam,3680,921,57,2,configured_max_depth,10.0,max_path_features,10.0,avg_path_features,9.33441910966341,,,
spambase,2004,7,decision_tree,imported_baseline,,0.9351748834624763,0.9351748834624763,93.51748834624765,0.9096630134845648,"{""max_depth"": 10, ""max_features"": null, ""min_impurity_decrease"": 0.0, ""min_samples_leaf"": 1, ""min_samples_split"": 2}",0.317,ok,,decision_tree,spam,3680,921,57,2,configured_max_depth,10.0,max_path_features,10.0,avg_path_features,9.122692725298588,,,
spambase,2005,8,decision_tree,imported_baseline,,0.9163915283513712,0.9163915283513712,91.63915283513712,0.916996209700548,"{""max_depth"": 10, ""max_features"": null, ""min_impurity_decrease"": 0.0, ""min_samples_leaf"": 1, ""min_samples_split"": 2}",0.316,ok,,decision_tree,spam,3680,921,57,2,configured_max_depth,10.0,max_path_features,10.0,avg_path_features,8.928338762214985,,,
spambase,2006,9,decision_tree,imported_baseline,,0.9359616186900293,0.9359616186900293,93.59616186900293,0.9069277104444036,"{""max_depth"": 10, ""max_features"": null, ""min_impurity_decrease"": 0.0, ""min_samples_leaf"": 1, ""min_samples_split"": 5}",0.335,ok,,decision_tree,spam,3680,921,57,2,configured_max_depth,10.0,max_path_features,10.0,avg_path_features,9.51900108577633,,,
spambase,2007,10,decision_tree,imported_baseline,,0.9233431514192332,0.9233431514192332,92.33431514192333,0.9081771851200552,"{""max_depth"": 10, ""max_features"": null, ""min_impurity_decrease"": 0.0, ""min_samples_leaf"": 1, ""min_samples_split"": 2}",0.312,ok,,decision_tree,spam,3680,921,57,2,configured_max_depth,10.0,max_path_features,10.0,avg_path_features,9.553745928338762,,,
spambase,1998,1,fcalc_deterministic,imported_baseline,,0.8332860413690535,0.8332860413690535,83.32860413690535,0.827252394590662,"{""cv_f1"": 0.827252394590662, ""family"": ""proximity"", ""method"": ""proximity""}",38336.9,ok,,fcalc,spam,3680,921,57,2,size,209760.0,,,,,,,
spambase,1999,2,fcalc_deterministic,imported_baseline,,0.8356645089661874,0.8356645089661874,83.56645089661873,0.831565739016885,"{""cv_f1"": 0.831565739016885, ""family"": ""proximity"", ""method"": ""proximity""}",38681.95,ok,,fcalc,spam,3680,921,57,2,size,209760.0,,,,,,,
spambase,2000,3,fcalc_deterministic,imported_baseline,,0.8095008273579702,0.8095008273579702,80.95008273579703,0.8339257142603428,"{""cv_f1"": 0.8339257142603428, ""family"": ""proximity"", ""method"": ""proximity""}",38723.405,ok,,fcalc,spam,3680,921,57,2,size,209760.0,,,,,,,
spambase,2001,4,fcalc_deterministic,imported_baseline,,0.830869004174385,0.830869004174385,83.0869004174385,0.8291096723138679,"{""cv_f1"": 0.8291096723138679, ""family"": ""proximity"", ""method"": ""proximity""}",38566.689,ok,,fcalc,spam,3680,921,57,2,size,209760.0,,,,,,,
spambase,2002,5,fcalc_deterministic,imported_baseline,,0.848250031969624,0.848250031969624,84.8250031969624,0.83260514646013,"{""cv_f1"": 0.83260514646013, ""family"": ""proximity"", ""method"": ""proximity""}",38433.163,ok,,fcalc,spam,3680,921,57,2,size,209760.0,,,,,,,
spambase,2003,6,fcalc_deterministic,imported_baseline,,0.8191720433426974,0.8191720433426974,81.91720433426974,0.8323876914068045,"{""cv_f1"": 0.8323876914068045, ""family"": ""proximity"", ""method"": ""proximity""}",38427.715,ok,,fcalc,spam,3680,921,57,2,size,209760.0,,,,,,,
spambase,2004,7,fcalc_deterministic,imported_baseline,,0.8413085216363905,0.8413085216363905,84.13085216363905,0.8400172849888072,"{""cv_f1"": 0.8400172849888072, ""family"": ""proximity"", ""method"": ""proximity""}",38392.885,ok,,fcalc,spam,3680,921,57,2,size,209760.0,,,,,,,
spambase,2005,8,fcalc_deterministic,imported_baseline,,0.8232234875575362,0.8232234875575362,82.32234875575361,0.8235088198892873,"{""cv_f1"": 0.8235088198892873, ""family"": ""proximity"", ""method"": ""proximity""}",38972.183,ok,,fcalc,spam,3680,921,57,2,size,209760.0,,,,,,,
spambase,2006,9,fcalc_deterministic,imported_baseline,,0.8260017897981505,0.8260017897981505,82.60017897981506,0.8306690479745764,"{""cv_f1"": 0.8306690479745764, ""family"": ""proximity"", ""method"": ""proximity""}",38280.209,ok,,fcalc,spam,3680,921,57,2,size,209760.0,,,,,,,
spambase,2007,10,fcalc_deterministic,imported_baseline,,0.8291057350905698,0.8291057350905698,82.91057350905699,0.8313769429278048,"{""cv_f1"": 0.8313769429278048, ""family"": ""proximity"", ""method"": ""proximity""}",38590.88,ok,,fcalc,spam,3680,921,57,2,size,209760.0,,,,,,,
spambase,1998,1,fcalc_randomized,imported_baseline,,0.8047612675080561,0.8047612675080561,80.4761267508056,0.8333106452736866,"{""cv_f1"": 0.8333106452736866, ""family"": ""standard"", ""method"": ""ratio-support"", ""num_iters"": 10, ""subsample_size"": 5}",1894.342,ok,,fcalc_rand,spam,3680,921,57,2,size,1140.0,num_iters,10.0,,,,,
spambase,1999,2,fcalc_randomized,imported_baseline,,0.7872709133234574,0.7872709133234574,78.72709133234575,0.8004168653465301,"{""cv_f1"": 0.8004168653465301, ""family"": ""proximity"", ""method"": ""proximity"", ""num_iters"": 40, ""subsample_size"": 3}",1897.337,ok,,fcalc_rand,spam,3680,921,57,2,size,4560.0,num_iters,40.0,,,,,
spambase,2000,3,fcalc_randomized,imported_baseline,,0.7088618389422193,0.7088618389422193,70.88618389422193,0.8042383165168483,"{""cv_f1"": 0.8042383165168483, ""family"": ""standard"", ""method"": ""ratio-support"", ""num_iters"": 50, ""subsample_size"": 7}",1959.693,ok,,fcalc_rand,spam,3680,921,57,2,size,5700.0,num_iters,50.0,,,,,
spambase,2001,4,fcalc_randomized,imported_baseline,,0.747388631117003,0.747388631117003,74.73886311170031,0.8827963948757048,"{""cv_f1"": 0.8827963948757048, ""family"": ""standard"", ""method"": ""ratio-support"", ""num_iters"": 40, ""subsample_size"": 10}",1929.419,ok,,fcalc_rand,spam,3680,921,57,2,size,4560.0,num_iters,40.0,,,,,
spambase,2002,5,fcalc_randomized,imported_baseline,,0.8920546702206091,0.8920546702206091,89.20546702206092,0.8511027540831932,"{""cv_f1"": 0.8511027540831932, ""family"": ""standard"", ""method"": ""ratio-support"", ""num_iters"": 50, ""subsample_size"": 7}",1912.059,ok,,fcalc_rand,spam,3680,921,57,2,size,5700.0,num_iters,50.0,,,,,
spambase,2003,6,fcalc_randomized,imported_baseline,,0.5621057275200353,0.5621057275200353,56.21057275200353,0.8744177341216487,"{""cv_f1"": 0.8744177341216487, ""family"": ""standard"", ""method"": ""ratio-support"", ""num_iters"": 10, ""subsample_size"": 9}",1901.128,ok,,fcalc_rand,spam,3680,921,57,2,size,1140.0,num_iters,10.0,,,,,
spambase,2004,7,fcalc_randomized,imported_baseline,,0.4944907172358906,0.4944907172358906,49.44907172358906,0.86549205497111,"{""cv_f1"": 0.86549205497111, ""family"": ""standard"", ""method"": ""ratio-support"", ""num_iters"": 30, ""subsample_size"": 6}",1907.985,ok,,fcalc_rand,spam,3680,921,57,2,size,3420.0,num_iters,30.0,,,,,
spambase,2005,8,fcalc_randomized,imported_baseline,,0.8219758206227596,0.8219758206227596,82.19758206227597,0.8084480336486461,"{""cv_f1"": 0.8084480336486461, ""family"": ""proximity"", ""method"": ""proximity"", ""num_iters"": 40, ""subsample_size"": 1}",1913.086,ok,,fcalc_rand,spam,3680,921,57,2,size,4560.0,num_iters,40.0,,,,,
spambase,2006,9,fcalc_randomized,imported_baseline,,0.8812131555462912,0.8812131555462912,88.12131555462912,0.8633859937547941,"{""cv_f1"": 0.8633859937547941, ""family"": ""standard"", ""method"": ""ratio-support"", ""num_iters"": 40, ""subsample_size"": 7}",1898.162,ok,,fcalc_rand,spam,3680,921,57,2,size,4560.0,num_iters,40.0,,,,,
spambase,2007,10,fcalc_randomized,imported_baseline,,0.8253949181325899,0.8253949181325899,82.53949181325899,0.8396761862634168,"{""cv_f1"": 0.8396761862634168, ""family"": ""standard"", ""method"": ""ratio-support"", ""num_iters"": 10, ""subsample_size"": 6}",1898.326,ok,,fcalc_rand,spam,3680,921,57,2,size,1140.0,num_iters,10.0,,,,,
spambase,1998,1,ips_knn,imported_baseline,,0.9172291899664482,0.9172291899664482,91.72291899664482,0.9130850233860583,"{""k"": 6}",489.016,ok,,ips_knn,spam,3680,921,57,2,avg_rrc_size,27.802388707926166,max_rrc_size,57.0,,,27.802388707926166,57.0,0.4877612054022134
spambase,1999,2,ips_knn,imported_baseline,,0.9198692453017798,0.9198692453017798,91.986924530178,0.9139667267308532,"{""k"": 9}",499.17,ok,,ips_knn,spam,3680,921,57,2,avg_rrc_size,28.53203040173724,max_rrc_size,57.0,,,28.53203040173724,57.0,0.5005619368725832
spambase,2000,3,ips_knn,imported_baseline,,0.915112247033151,0.915112247033151,91.5112247033151,0.9142187784508666,"{""k"": 8}",500.165,ok,,ips_knn,spam,3680,921,57,2,avg_rrc_size,27.735070575461457,max_rrc_size,57.0,,,27.735070575461457,57.0,0.4865801855344115
spambase,2001,4,ips_knn,imported_baseline,,0.918932589493259,0.918932589493259,91.8932589493259,0.9144653910574352,"{""k"": 8}",490.417,ok,,ips_knn,spam,3680,921,57,2,avg_rrc_size,27.830618892508145,max_rrc_size,57.0,,,27.830618892508145,57.0,0.4882564717983885
spambase,2002,5,ips_knn,imported_baseline,,0.9232634575279708,0.9232634575279708,92.3263457527971,0.9077054620775492,"{""k"": 7}",490.204,ok,,ips_knn,spam,3680,921,57,2,avg_rrc_size,27.552660152008688,max_rrc_size,57.0,,,27.552660152008688,57.0,0.4833800026668191
spambase,2003,6,ips_knn,imported_baseline,,0.9113361280554512,0.9113361280554512,91.13361280554513,0.915866655218684,"{""k"": 6}",488.017,ok,,ips_knn,spam,3680,921,57,2,avg_rrc_size,28.026058631921824,max_rrc_size,57.0,,,28.026058631921824,57.0,0.4916852391565232
spambase,2004,7,ips_knn,imported_baseline,,0.9323550318250908,0.9323550318250908,93.23550318250908,0.9093192881840116,"{""k"": 11}",489.883,ok,,ips_knn,spam,3680,921,57,2,avg_rrc_size,28.17155266015201,max_rrc_size,57.0,,,28.17155266015201,57.0,0.4942377659675791
spambase,2005,8,ips_knn,imported_baseline,,0.9069331387189132,0.9069331387189132,90.6933138718913,0.9110702784825292,"{""k"": 12}",487.703,ok,,ips_knn,spam,3680,921,57,2,avg_rrc_size,29.66232356134636,max_rrc_size,57.0,,,29.66232356134636,57.0,0.5203916414271291
spambase,2006,9,ips_knn,imported_baseline,,0.8954204804644688,0.8954204804644688,89.54204804644688,0.9092619517726044,"{""k"": 4}",487.79,ok,,ips_knn,spam,3680,921,57,2,avg_rrc_size,27.150922909880563,max_rrc_size,57.0,,,27.150922909880563,57.0,0.4763319808750976
spambase,2007,10,ips_knn,imported_baseline,,0.9247549019607844,0.9247549019607844,92.47549019607844,0.910867980209054,"{""k"": 10}",486.833,ok,,ips_knn,spam,3680,921,57,2,avg_rrc_size,27.889250814332247,max_rrc_size,57.0,,,27.889250814332247,57.0,0.4892851020058288
spambase,1998,1,knn,imported_baseline,,0.9219950378142469,0.9219950378142469,92.19950378142468,0.9167039963907988,"{""n_neighbors"": 10, ""weights"": ""distance""}",2.534,ok,,knn,spam,3680,921,57,2,size,570.0,,,,,,,
spambase,1999,2,knn,imported_baseline,,0.921216178521618,0.921216178521618,92.1216178521618,0.9153402746933308,"{""n_neighbors"": 10, ""weights"": ""distance""}",2.802,ok,,knn,spam,3680,921,57,2,size,570.0,,,,,,,
spambase,2000,3,knn,imported_baseline,,0.9133541295306,0.9133541295306,91.33541295306,0.9155246495119412,"{""n_neighbors"": 12, ""weights"": ""distance""}",2.597,ok,,knn,spam,3680,921,57,2,size,684.0,,,,,,,
spambase,2001,4,knn,imported_baseline,,0.9190946759691724,0.9190946759691724,91.90946759691724,0.9137896074199114,"{""n_neighbors"": 8, ""weights"": ""distance""}",2.419,ok,,knn,spam,3680,921,57,2,size,456.0,,,,,,,
spambase,2002,5,knn,imported_baseline,,0.9325655710748876,0.9325655710748876,93.25655710748876,0.912732464209084,"{""n_neighbors"": 18, ""weights"": ""distance""}",2.395,ok,,knn,spam,3680,921,57,2,size,1026.0,,,,,,,
spambase,2003,6,knn,imported_baseline,,0.9106181257154232,0.9106181257154232,91.06181257154232,0.9163756793059872,"{""n_neighbors"": 10, ""weights"": ""distance""}",2.382,ok,,knn,spam,3680,921,57,2,size,570.0,,,,,,,
spambase,2004,7,knn,imported_baseline,,0.9324962079661904,0.9324962079661904,93.24962079661904,0.9137568872698985,"{""n_neighbors"": 12, ""weights"": ""distance""}",2.402,ok,,knn,spam,3680,921,57,2,size,684.0,,,,,,,
spambase,2005,8,knn,imported_baseline,,0.909424534138681,0.909424534138681,90.9424534138681,0.917354614135383,"{""n_neighbors"": 14, ""weights"": ""distance""}",2.413,ok,,knn,spam,3680,921,57,2,size,798.0,,,,,,,
spambase,2006,9,knn,imported_baseline,,0.8968983770391575,0.8968983770391575,89.68983770391576,0.909658989862079,"{""n_neighbors"": 3, ""weights"": ""distance""}",2.379,ok,,knn,spam,3680,921,57,2,size,171.0,,,,,,,
spambase,2007,10,knn,imported_baseline,,0.9224747474747474,0.9224747474747474,92.24747474747474,0.9133886684914966,"{""n_neighbors"": 15, ""weights"": ""distance""}",2.401,ok,,knn,spam,3680,921,57,2,size,855.0,,,,,,,
spambase,1998,1,logistic_regression,imported_baseline,,0.9299877250154216,0.9299877250154216,92.99877250154216,0.9222886870242036,"{""C"": 1, ""penalty"": ""l1"", ""solver"": ""liblinear""}",2.779,ok,,logistic_regression,spam,3680,921,57,2,size,58.0,,,,,,,
spambase,1999,2,logistic_regression,imported_baseline,,0.9291003635496752,0.9291003635496752,92.91003635496752,0.9191973087800134,"{""C"": 1000, ""penalty"": ""l1"", ""solver"": ""liblinear""}",2.959,ok,,logistic_regression,spam,3680,921,57,2,size,58.0,,,,,,,
spambase,2000,3,logistic_regression,imported_baseline,,0.9174936545065446,0.9174936545065446,91.74936545065448,0.9202034733317492,"{""C"": 1, ""penalty"": ""l1"", ""solver"": ""liblinear""}",1.952,ok,,logistic_regression,spam,3680,921,57,2,size,58.0,,,,,,,
spambase,2001,4,logistic_regression,imported_baseline,,0.9253967561639738,0.9253967561639738,92.53967561639736,0.9235745652283632,"{""C"": 10, ""penalty"": ""l1"", ""solver"": ""liblinear""}",3.103,ok,,logistic_regression,spam,3680,921,57,2,size,58.0,,,,,,,
spambase,2002,5,logistic_regression,imported_baseline,,0.9197854974369184,0.9197854974369184,91.97854974369184,0.919123899946273,"{""C"": 1, ""penalty"": ""l1"", ""solver"": ""liblinear""}",1.868,ok,,logistic_regression,spam,3680,921,57,2,size,58.0,,,,,,,
spambase,2003,6,logistic_regression,imported_baseline,,0.9031415134842208,0.9031415134842208,90.31415134842209,0.9307157884432742,"{""C"": 10000, ""penalty"": ""l2"", ""solver"": ""liblinear""}",2.238,ok,,logistic_regression,spam,3680,921,57,2,size,58.0,,,,,,,
spambase,2004,7,logistic_regression,imported_baseline,,0.9265052068786658,0.9265052068786658,92.65052068786656,0.9220215448269864,"{""C"": 10, ""penalty"": ""l1"", ""solver"": ""liblinear""}",3.072,ok,,logistic_regression,spam,3680,921,57,2,size,58.0,,,,,,,
spambase,2005,8,logistic_regression,imported_baseline,,0.9194406957564852,0.9194406957564852,91.94406957564853,0.9210746051762572,"{""C"": 1, ""penalty"": ""l1"", ""solver"": ""liblinear""}",3.008,ok,,logistic_regression,spam,3680,921,57,2,size,58.0,,,,,,,
spambase,2006,9,logistic_regression,imported_baseline,,0.9311720921890414,0.9311720921890414,93.11720921890414,0.9203773047138272,"{""C"": 10, ""penalty"": ""l1"", ""solver"": ""liblinear""}",3.892,ok,,logistic_regression,spam,3680,921,57,2,size,58.0,,,,,,,
spambase,2007,10,logistic_regression,imported_baseline,,0.9260046203078476,0.9260046203078476,92.60046203078474,0.9253224012953184,"{""C"": 1, ""penalty"": ""l1"", ""solver"": ""liblinear""}",2.577,ok,,logistic_regression,spam,3680,921,57,2,size,58.0,,,,,,,
spambase,1998,1,naive_bayes,imported_baseline,,0.8326760924625694,0.8326760924625694,83.26760924625694,0.8167447822384648,"{""var_smoothing"": 1e-09}",0.139,ok,,naive_bayes,spam,3680,921,57,2,size,230.0,,,,,,,
spambase,1999,2,naive_bayes,imported_baseline,,0.8181814957851471,0.8181814957851471,81.8181495785147,0.8158018943027721,"{""var_smoothing"": 1e-09}",0.14,ok,,naive_bayes,spam,3680,921,57,2,size,230.0,,,,,,,
spambase,2000,3,naive_bayes,imported_baseline,,0.8159169853004659,0.8159169853004659,81.59169853004659,0.8211415743819132,"{""var_smoothing"": 1e-09}",0.133,ok,,naive_bayes,spam,3680,921,57,2,size,230.0,,,,,,,
spambase,2001,4,naive_bayes,imported_baseline,,0.822104907659219,0.822104907659219,82.21049076592189,0.8214074316018085,"{""var_smoothing"": 1e-09}",0.136,ok,,naive_bayes,spam,3680,921,57,2,size,230.0,,,,,,,
spambase,2002,5,naive_bayes,imported_baseline,,0.8178498976192479,0.8178498976192479,81.78498976192479,0.8149727352400842,"{""var_smoothing"": 1e-09}",0.146,ok,,naive_bayes,spam,3680,921,57,2,size,230.0,,,,,,,
spambase,2003,6,naive_bayes,imported_baseline,,0.8147574111233105,0.8147574111233105,81.47574111233105,0.8203431231729968,"{""var_smoothing"": 1e-09}",0.135,ok,,naive_bayes,spam,3680,921,57,2,size,230.0,,,,,,,
spambase,2004,7,naive_bayes,imported_baseline,,0.8146574174913584,0.8146574174913584,81.46574174913584,0.817873475416212,"{""var_smoothing"": 1e-09}",0.139,ok,,naive_bayes,spam,3680,921,57,2,size,230.0,,,,,,,
spambase,2005,8,naive_bayes,imported_baseline,,0.8123685257831599,0.8123685257831599,81.23685257831599,0.8279289704384987,"{""var_smoothing"": 1e-09}",0.136,ok,,naive_bayes,spam,3680,921,57,2,size,230.0,,,,,,,
spambase,2006,9,naive_bayes,imported_baseline,,0.8383980651586285,0.8383980651586285,83.83980651586285,0.8160092429045724,"{""var_smoothing"": 1e-09}",0.138,ok,,naive_bayes,spam,3680,921,57,2,size,230.0,,,,,,,
spambase,2007,10,naive_bayes,imported_baseline,,0.8040925721092487,0.8040925721092487,80.40925721092486,0.8215677748978883,"{""var_smoothing"": 1e-09}",0.136,ok,,naive_bayes,spam,3680,921,57,2,size,230.0,,,,,,,
spambase,1998,1,random_forest,imported_baseline,,0.941709222454564,0.941709222454564,94.1709222454564,0.9482495559402802,"{""bootstrap"": true, ""max_depth"": 20, ""max_features"": ""sqrt"", ""min_impurity_decrease"": 0.0, ""min_samples_leaf"": 1, ""min_samples_split"": 2, ""n_estimators"": 300}",47.221,ok,,random_forest,spam,3680,921,57,2,n_estimators,300.0,max_depth,20.0,,,,,
spambase,1999,2,random_forest,imported_baseline,,0.9577536029753604,0.9577536029753604,95.77536029753604,0.9476341852985776,"{""bootstrap"": true, ""max_depth"": null, ""max_features"": ""sqrt"", ""min_impurity_decrease"": 0.0, ""min_samples_leaf"": 1, ""min_samples_split"": 2, ""n_estimators"": 300}",48.299,ok,,random_forest,spam,3680,921,57,2,n_estimators,300.0,max_depth,49.0,,,,,
spambase,2000,3,random_forest,imported_baseline,,0.9462810481444022,0.9462810481444022,94.62810481444022,0.9527421110057076,"{""bootstrap"": true, ""max_depth"": null, ""max_features"": ""sqrt"", ""min_impurity_decrease"": 0.0, ""min_samples_leaf"": 1, ""min_samples_split"": 2, ""n_estimators"": 300}",46.711,ok,,random_forest,spam,3680,921,57,2,n_estimators,300.0,max_depth,46.0,,,,,
spambase,2001,4,random_forest,imported_baseline,,0.9577536029753604,0.9577536029753604,95.77536029753604,0.9470734421034278,"{""bootstrap"": true, ""max_depth"": null, ""max_features"": ""sqrt"", ""min_impurity_decrease"": 0.0, ""min_samples_leaf"": 1, ""min_samples_split"": 2, ""n_estimators"": 300}",47.013,ok,,random_forest,spam,3680,921,57,2,n_estimators,300.0,max_depth,49.0,,,,,
spambase,2002,5,random_forest,imported_baseline,,0.9462810481444022,0.9462810481444022,94.62810481444022,0.950744241247214,"{""bootstrap"": true, ""max_depth"": null, ""max_features"": ""sqrt"", ""min_impurity_decrease"": 0.0, ""min_samples_leaf"": 1, ""min_samples_split"": 2, ""n_estimators"": 300}",47.089,ok,,random_forest,spam,3680,921,57,2,n_estimators,300.0,max_depth,47.0,,,,,
spambase,2003,6,random_forest,imported_baseline,,0.9547015020804848,0.9547015020804848,95.47015020804848,0.9473323998361776,"{""bootstrap"": true, ""max_depth"": null, ""max_features"": ""sqrt"", ""min_impurity_decrease"": 0.0, ""min_samples_leaf"": 1, ""min_samples_split"": 2, ""n_estimators"": 300}",45.929,ok,,random_forest,spam,3680,921,57,2,n_estimators,300.0,max_depth,46.0,,,,,
spambase,2004,7,random_forest,imported_baseline,,0.9566336898660772,0.9566336898660772,95.66336898660772,0.948290497282904,"{""bootstrap"": true, ""max_depth"": null, ""max_features"": ""sqrt"", ""min_impurity_decrease"": 0.0, ""min_samples_leaf"": 1, ""min_samples_split"": 2, ""n_estimators"": 300}",46.312,ok,,random_forest,spam,3680,921,57,2,n_estimators,300.0,max_depth,46.0,,,,,
spambase,2005,8,random_forest,imported_baseline,,0.9519215471810678,0.9519215471810678,95.19215471810678,0.946549800775028,"{""bootstrap"": true, ""max_depth"": null, ""max_features"": ""sqrt"", ""min_impurity_decrease"": 0.0, ""min_samples_leaf"": 1, ""min_samples_split"": 2, ""n_estimators"": 100}",46.61,ok,,random_forest,spam,3680,921,57,2,n_estimators,100.0,max_depth,44.0,,,,,
spambase,2006,9,random_forest,imported_baseline,,0.9577536029753604,0.9577536029753604,95.77536029753604,0.9482074952550104,"{""bootstrap"": true, ""max_depth"": 20, ""max_features"": ""sqrt"", ""min_impurity_decrease"": 0.0, ""min_samples_leaf"": 1, ""min_samples_split"": 2, ""n_estimators"": 300}",46.809,ok,,random_forest,spam,3680,921,57,2,n_estimators,300.0,max_depth,20.0,,,,,
spambase,2007,10,random_forest,imported_baseline,,0.9498366013071896,0.9498366013071896,94.98366013071896,0.9485748445678042,"{""bootstrap"": true, ""max_depth"": null, ""max_features"": ""sqrt"", ""min_impurity_decrease"": 0.0, ""min_samples_leaf"": 1, ""min_samples_split"": 2, ""n_estimators"": 300}",46.171,ok,,random_forest,spam,3680,921,57,2,n_estimators,300.0,max_depth,50.0,,,,,
spambase,1998,1,svm,imported_baseline,,0.935895396241424,0.935895396241424,93.5895396241424,0.9263787950717932,"{""C"": 10.0, ""gamma"": ""scale"", ""kernel"": ""linear""}",2.564,ok,,svm,spam,3680,921,57,2,size,58.0,,,,,,,
spambase,1999,2,svm,imported_baseline,,0.9396058848783964,0.9396058848783964,93.96058848783964,0.9273723663198566,"{""C"": 10.0, ""gamma"": ""scale"", ""kernel"": ""rbf""}",2.261,ok,,svm,spam,3680,921,57,2,n_support_vectors,893.0,size,51796.0,,,,,
spambase,2000,3,svm,imported_baseline,,0.9359616186900293,0.9359616186900293,93.59616186900293,0.9289610777815642,"{""C"": 10.0, ""gamma"": ""scale"", ""kernel"": ""rbf""}",1.771,ok,,svm,spam,3680,921,57,2,n_support_vectors,892.0,size,51738.0,,,,,
spambase,2001,4,svm,imported_baseline,,0.9303505346350534,0.9303505346350534,93.03505346350534,0.9261700255639276,"{""C"": 10.0, ""gamma"": ""scale"", ""kernel"": ""rbf""}",2.059,ok,,svm,spam,3680,921,57,2,n_support_vectors,876.0,size,50810.0,,,,,
spambase,2002,5,svm,imported_baseline,,0.9219950378142469,0.9219950378142469,92.19950378142468,0.927882815592546,"{""C"": 10.0, ""gamma"": ""scale"", ""kernel"": ""rbf""}",1.582,ok,,svm,spam,3680,921,57,2,n_support_vectors,885.0,size,51332.0,,,,,
spambase,2003,6,svm,imported_baseline,,0.9134398496240602,0.9134398496240602,91.34398496240604,0.9310786107260534,"{""C"": 10.0, ""gamma"": ""scale"", ""kernel"": ""linear""}",2.74,ok,,svm,spam,3680,921,57,2,size,58.0,,,,,,,
spambase,2004,7,svm,imported_baseline,,0.93346635578274,0.93346635578274,93.346635578274,0.9260862560753724,"{""C"": 10.0, ""gamma"": ""scale"", ""kernel"": ""linear""}",2.918,ok,,svm,spam,3680,921,57,2,size,58.0,,,,,,,
spambase,2005,8,svm,imported_baseline,,0.9303505346350534,0.9303505346350534,93.03505346350534,0.9284838977423158,"{""C"": 10.0, ""gamma"": ""scale"", ""kernel"": ""rbf""}",1.493,ok,,svm,spam,3680,921,57,2,n_support_vectors,875.0,size,50752.0,,,,,
spambase,2006,9,svm,imported_baseline,,0.9282107688177166,0.9282107688177166,92.82107688177166,0.9278740188865428,"{""C"": 10.0, ""gamma"": ""scale"", ""kernel"": ""rbf""}",2.024,ok,,svm,spam,3680,921,57,2,n_support_vectors,898.0,size,52086.0,,,,,
spambase,2007,10,svm,imported_baseline,,0.926583565001644,0.926583565001644,92.6583565001644,0.9292321645558206,"{""C"": 10.0, ""gamma"": ""scale"", ""kernel"": ""rbf""}",1.564,ok,,svm,spam,3680,921,57,2,n_support_vectors,876.0,size,50810.0,,,,,
spambase,1998,1,xgboost,imported_baseline,,0.9441083329101838,0.9441083329101838,94.41083329101838,0.9487248741673644,"{""colsample_bytree"": 0.8, ""learning_rate"": 0.1, ""max_depth"": 5, ""n_estimators"": 200, ""reg_alpha"": 0, ""reg_lambda"": 1e-05, ""scale_pos_weight"": 1, ""subsample"": 0.8}",3.13,ok,,xgboost,spam,3680,921,57,2,n_estimators,200.0,max_depth,5.0,,,,,
spambase,1999,2,xgboost,imported_baseline,,0.9614245589829506,0.9614245589829506,96.14245589829508,0.9486000581252132,"{""colsample_bytree"": 0.8, ""learning_rate"": 0.1, ""max_depth"": 5, ""n_estimators"": 200, ""reg_alpha"": 0, ""reg_lambda"": 1e-05, ""scale_pos_weight"": 1, ""subsample"": 0.8}",3.211,ok,,xgboost,spam,3680,921,57,2,n_estimators,200.0,max_depth,5.0,,,,,
spambase,2000,3,xgboost,imported_baseline,,0.953371407402834,0.953371407402834,95.3371407402834,0.9555267108098924,"{""colsample_bytree"": 0.8, ""learning_rate"": 0.1, ""max_depth"": 5, ""n_estimators"": 200, ""reg_alpha"": 0, ""reg_lambda"": 1e-05, ""scale_pos_weight"": 1, ""subsample"": 0.8}",3.344,ok,,xgboost,spam,3680,921,57,2,n_estimators,200.0,max_depth,5.0,,,,,
spambase,2001,4,xgboost,imported_baseline,,0.9544866029512052,0.9544866029512052,95.44866029512052,0.9485590827137088,"{""colsample_bytree"": 0.8, ""learning_rate"": 0.1, ""max_depth"": 3, ""n_estimators"": 200, ""reg_alpha"": 0, ""reg_lambda"": 1e-05, ""scale_pos_weight"": 1, ""subsample"": 0.8}",2.613,ok,,xgboost,spam,3680,921,57,2,n_estimators,200.0,max_depth,3.0,,,,,
spambase,2002,5,xgboost,imported_baseline,,0.9498862287297192,0.9498862287297192,94.9886228729719,0.9543152112769276,"{""colsample_bytree"": 0.8, ""learning_rate"": 0.1, ""max_depth"": 5, ""n_estimators"": 200, ""reg_alpha"": 0, ""reg_lambda"": 1e-05, ""scale_pos_weight"": 1, ""subsample"": 0.8}",2.971,ok,,xgboost,spam,3680,921,57,2,n_estimators,200.0,max_depth,5.0,,,,,
spambase,2003,6,xgboost,imported_baseline,,0.9537558308850452,0.9537558308850452,95.37558308850453,0.9485924136200112,"{""colsample_bytree"": 0.8, ""learning_rate"": 0.1, ""max_depth"": 3, ""n_estimators"": 200, ""reg_alpha"": 0, ""reg_lambda"": 1e-05, ""scale_pos_weight"": 1, ""subsample"": 0.8}",2.565,ok,,xgboost,spam,3680,921,57,2,n_estimators,200.0,max_depth,3.0,,,,,
spambase,2004,7,xgboost,imported_baseline,,0.9498366013071896,0.9498366013071896,94.98366013071896,0.9494869882225516,"{""colsample_bytree"": 0.8, ""learning_rate"": 0.05, ""max_depth"": 5, ""n_estimators"": 200, ""reg_alpha"": 0, ""reg_lambda"": 1e-05, ""scale_pos_weight"": 1, ""subsample"": 0.8}",2.911,ok,,xgboost,spam,3680,921,57,2,n_estimators,200.0,max_depth,5.0,,,,,
spambase,2005,8,xgboost,imported_baseline,,0.9611985646170164,0.9611985646170164,96.11985646170164,0.9475973592342488,"{""colsample_bytree"": 0.8, ""learning_rate"": 0.1, ""max_depth"": 5, ""n_estimators"": 200, ""reg_alpha"": 0, ""reg_lambda"": 1e-05, ""scale_pos_weight"": 1, ""subsample"": 0.8}",2.896,ok,,xgboost,spam,3680,921,57,2,n_estimators,200.0,max_depth,5.0,,,,,
spambase,2006,9,xgboost,imported_baseline,,0.9590775793121836,0.9590775793121836,95.90775793121836,0.947787720098263,"{""colsample_bytree"": 0.8, ""learning_rate"": 0.1, ""max_depth"": 5, ""n_estimators"": 200, ""reg_alpha"": 0, ""reg_lambda"": 1e-05, ""scale_pos_weight"": 1, ""subsample"": 0.8}",2.926,ok,,xgboost,spam,3680,921,57,2,n_estimators,200.0,max_depth,5.0,,,,,
spambase,2007,10,xgboost,imported_baseline,,0.9500788410367598,0.9500788410367598,95.00788410367598,0.9469757241231272,"{""colsample_bytree"": 0.8, ""learning_rate"": 0.1, ""max_depth"": 5, ""n_estimators"": 200, ""reg_alpha"": 0, ""reg_lambda"": 1e-05, ""scale_pos_weight"": 1, ""subsample"": 0.8}",2.901,ok,,xgboost,spam,3680,921,57,2,n_estimators,200.0,max_depth,5.0,,,,,
waveform,1998,1,decision_tree,imported_baseline,,0.7539498778229133,0.7539498778229133,75.39498778229134,0.7628371925978688,"{""max_depth"": 5, ""max_features"": null, ""min_impurity_decrease"": 0.0, ""min_samples_leaf"": 1, ""min_samples_split"": 2}",0.25,ok,,decision_tree,waveform,4000,1000,21,3,configured_max_depth,5.0,max_path_features,5.0,avg_path_features,4.876,,,
waveform,1999,2,decision_tree,imported_baseline,,0.7740521809422765,0.7740521809422765,77.40521809422765,0.7577817255774006,"{""max_depth"": 10, ""max_features"": null, ""min_impurity_decrease"": 0.0, ""min_samples_leaf"": 1, ""min_samples_split"": 2}",0.26,ok,,decision_tree,waveform,4000,1000,21,3,configured_max_depth,10.0,max_path_features,10.0,avg_path_features,8.215,,,
waveform,2000,3,decision_tree,imported_baseline,,0.7648196422981557,0.7648196422981557,76.48196422981557,0.7699092110571979,"{""max_depth"": 10, ""max_features"": null, ""min_impurity_decrease"": 0.0, ""min_samples_leaf"": 2, ""min_samples_split"": 2}",0.263,ok,,decision_tree,waveform,4000,1000,21,3,configured_max_depth,10.0,max_path_features,10.0,avg_path_features,8.411,,,
waveform,2001,4,decision_tree,imported_baseline,,0.7477422603384984,0.7477422603384984,74.77422603384984,0.7631413010524417,"{""max_depth"": 10, ""max_features"": null, ""min_impurity_decrease"": 0.0, ""min_samples_leaf"": 1, ""min_samples_split"": 2}",0.262,ok,,decision_tree,waveform,4000,1000,21,3,configured_max_depth,10.0,max_path_features,10.0,avg_path_features,8.437,,,
waveform,2002,5,decision_tree,imported_baseline,,0.7646322123158281,0.7646322123158281,76.4632212315828,0.7616724358721122,"{""max_depth"": 10, ""max_features"": null, ""min_impurity_decrease"": 0.0, ""min_samples_leaf"": 2, ""min_samples_split"": 5}",0.263,ok,,decision_tree,waveform,4000,1000,21,3,configured_max_depth,10.0,max_path_features,10.0,avg_path_features,8.189,,,
waveform,2003,6,decision_tree,imported_baseline,,0.7572724313699465,0.7572724313699465,75.72724313699464,0.7618682921649644,"{""max_depth"": 5, ""max_features"": null, ""min_impurity_decrease"": 0.0, ""min_samples_leaf"": 1, ""min_samples_split"": 2}",0.248,ok,,decision_tree,waveform,4000,1000,21,3,configured_max_depth,5.0,max_path_features,5.0,avg_path_features,5.0,,,
waveform,2004,7,decision_tree,imported_baseline,,0.7679238488757884,0.7679238488757884,76.79238488757883,0.7554370852150878,"{""max_depth"": null, ""max_features"": null, ""min_impurity_decrease"": 0.0, ""min_samples_leaf"": 1, ""min_samples_split"": 2}",0.258,ok,,decision_tree,waveform,4000,1000,21,3,configured_max_depth,,max_path_features,13.0,avg_path_features,9.054,,,
waveform,2005,8,decision_tree,imported_baseline,,0.7586271351463312,0.7586271351463312,75.86271351463311,0.7553589209226723,"{""max_depth"": 5, ""max_features"": null, ""min_impurity_decrease"": 0.0, ""min_samples_leaf"": 2, ""min_samples_split"": 2}",0.25,ok,,decision_tree,waveform,4000,1000,21,3,configured_max_depth,5.0,max_path_features,5.0,avg_path_features,4.666,,,
waveform,2006,9,decision_tree,imported_baseline,,0.7759349366943898,0.7759349366943898,77.59349366943898,0.7581299379880926,"{""max_depth"": 10, ""max_features"": null, ""min_impurity_decrease"": 0.0, ""min_samples_leaf"": 1, ""min_samples_split"": 2}",0.261,ok,,decision_tree,waveform,4000,1000,21,3,configured_max_depth,10.0,max_path_features,10.0,avg_path_features,8.31,,,
waveform,2007,10,decision_tree,imported_baseline,,0.728639520012111,0.728639520012111,72.86395200121109,0.7677969696787417,"{""max_depth"": 10, ""max_features"": null, ""min_impurity_decrease"": 0.0, ""min_samples_leaf"": 2, ""min_samples_split"": 5}",0.275,ok,,decision_tree,waveform,4000,1000,21,3,configured_max_depth,10.0,max_path_features,10.0,avg_path_features,8.215,,,
waveform,1998,1,fcalc_deterministic,imported_baseline,,0.7288166744472674,0.7288166744472674,72.88166744472674,0.756841393935322,"{""cv_f1"": 0.756841393935322, ""family"": ""proximity"", ""method"": ""proximity-support""}",26291.601,ok,,fcalc,waveform,4000,1000,21,3,size,84000.0,,,,,,,
waveform,1999,2,fcalc_deterministic,imported_baseline,,0.7714312217368903,0.7714312217368903,77.14312217368902,0.7416742592074463,"{""cv_f1"": 0.7416742592074463, ""family"": ""proximity"", ""method"": ""proximity-support""}",26734.492,ok,,fcalc,waveform,4000,1000,21,3,size,84000.0,,,,,,,
waveform,2000,3,fcalc_deterministic,imported_baseline,,0.7578234456680507,0.7578234456680507,75.78234456680507,0.7401358832537849,"{""cv_f1"": 0.7401358832537849, ""family"": ""proximity"", ""method"": ""proximity""}",26521.672,ok,,fcalc,waveform,4000,1000,21,3,size,84000.0,,,,,,,
waveform,2001,4,fcalc_deterministic,imported_baseline,,0.7505292303494849,0.7505292303494849,75.05292303494849,0.7414455185184842,"{""cv_f1"": 0.7414455185184842, ""family"": ""proximity"", ""method"": ""proximity-support""}",26527.369,ok,,fcalc,waveform,4000,1000,21,3,size,84000.0,,,,,,,
waveform,2002,5,fcalc_deterministic,imported_baseline,,0.726322703370801,0.726322703370801,72.6322703370801,0.7520335030403669,"{""cv_f1"": 0.7520335030403669, ""family"": ""proximity"", ""method"": ""proximity-support""}",26163.18,ok,,fcalc,waveform,4000,1000,21,3,size,84000.0,,,,,,,
waveform,2003,6,fcalc_deterministic,imported_baseline,,0.7515539008557712,0.7515539008557712,75.15539008557712,0.7469365939209812,"{""cv_f1"": 0.7469365939209812, ""family"": ""proximity"", ""method"": ""proximity-support""}",26541.922,ok,,fcalc,waveform,4000,1000,21,3,size,84000.0,,,,,,,
waveform,2004,7,fcalc_deterministic,imported_baseline,,0.7279222427734603,0.7279222427734603,72.79222427734602,0.7508869340470314,"{""cv_f1"": 0.7508869340470314, ""family"": ""proximity"", ""method"": ""proximity""}",26425.816,ok,,fcalc,waveform,4000,1000,21,3,size,84000.0,,,,,,,
waveform,2005,8,fcalc_deterministic,imported_baseline,,0.7369776651230078,0.7369776651230078,73.69776651230077,0.7496336146474991,"{""cv_f1"": 0.7496336146474991, ""family"": ""proximity"", ""method"": ""proximity-support""}",26601.721,ok,,fcalc,waveform,4000,1000,21,3,size,84000.0,,,,,,,
waveform,2006,9,fcalc_deterministic,imported_baseline,,0.7574290866731092,0.7574290866731092,75.74290866731091,0.7317901728279206,"{""cv_f1"": 0.7317901728279206, ""family"": ""proximity"", ""method"": ""proximity""}",26199.598,ok,,fcalc,waveform,4000,1000,21,3,size,84000.0,,,,,,,
waveform,2007,10,fcalc_deterministic,imported_baseline,,0.7440777647021605,0.7440777647021605,74.40777647021605,0.7440844416237579,"{""cv_f1"": 0.7440844416237579, ""family"": ""proximity"", ""method"": ""proximity-support""}",26581.417,ok,,fcalc,waveform,4000,1000,21,3,size,84000.0,,,,,,,
waveform,1998,1,fcalc_randomized,imported_baseline,,0.7757002884121528,0.7757002884121528,77.57002884121528,0.8269855322788701,"{""cv_f1"": 0.8269855322788701, ""family"": ""proximity"", ""method"": ""proximity-non-falsified"", ""num_iters"": 50, ""subsample_size"": 8}",1752.662,ok,,fcalc_rand,waveform,4000,1000,21,3,size,3150.0,num_iters,50.0,,,,,
waveform,1999,2,fcalc_randomized,imported_baseline,,0.8146207165286318,0.8146207165286318,81.46207165286317,0.7955837582993988,"{""cv_f1"": 0.7955837582993988, ""family"": ""proximity"", ""method"": ""proximity-support"", ""num_iters"": 50, ""subsample_size"": 7}",1765.523,ok,,fcalc_rand,waveform,4000,1000,21,3,size,3150.0,num_iters,50.0,,,,,
waveform,2000,3,fcalc_randomized,imported_baseline,,0.775664968430405,0.775664968430405,77.5664968430405,0.805785160336318,"{""cv_f1"": 0.805785160336318, ""family"": ""proximity"", ""method"": ""proximity-non-falsified"", ""num_iters"": 50, ""subsample_size"": 7}",1764.443,ok,,fcalc_rand,waveform,4000,1000,21,3,size,3150.0,num_iters,50.0,,,,,
waveform,2001,4,fcalc_randomized,imported_baseline,,0.8493328617167415,0.8493328617167415,84.93328617167415,0.7911743015111208,"{""cv_f1"": 0.7911743015111208, ""family"": ""standard"", ""method"": ""ratio-support"", ""num_iters"": 40, ""subsample_size"": 9}",1753.497,ok,,fcalc_rand,waveform,4000,1000,21,3,size,2520.0,num_iters,40.0,,,,,
waveform,2002,5,fcalc_randomized,imported_baseline,,0.7281631926082613,0.7281631926082613,72.81631926082613,0.8039459848767437,"{""cv_f1"": 0.8039459848767437, ""family"": ""proximity"", ""method"": ""proximity-non-falsified"", ""num_iters"": 40, ""subsample_size"": 5}",1764.29,ok,,fcalc_rand,waveform,4000,1000,21,3,size,2520.0,num_iters,40.0,,,,,
waveform,2003,6,fcalc_randomized,imported_baseline,,0.8347350690032211,0.8347350690032211,83.47350690032212,0.8178998941470852,"{""cv_f1"": 0.8178998941470852, ""family"": ""standard"", ""method"": ""ratio-support"", ""num_iters"": 50, ""subsample_size"": 8}",1761.046,ok,,fcalc_rand,waveform,4000,1000,21,3,size,3150.0,num_iters,50.0,,,,,
waveform,2004,7,fcalc_randomized,imported_baseline,,0.8275058680460529,0.8275058680460529,82.75058680460529,0.8157062301903661,"{""cv_f1"": 0.8157062301903661, ""family"": ""proximity"", ""method"": ""proximity-non-falsified"", ""num_iters"": 50, ""subsample_size"": 8}",1766.663,ok,,fcalc_rand,waveform,4000,1000,21,3,size,3150.0,num_iters,50.0,,,,,
waveform,2005,8,fcalc_randomized,imported_baseline,,0.7302630069446673,0.7302630069446673,73.02630069446673,0.8022676961862981,"{""cv_f1"": 0.8022676961862981, ""family"": ""proximity"", ""method"": ""proximity-non-falsified"", ""num_iters"": 50, ""subsample_size"": 7}",1767.085,ok,,fcalc_rand,waveform,4000,1000,21,3,size,3150.0,num_iters,50.0,,,,,
waveform,2006,9,fcalc_randomized,imported_baseline,,0.8140856743709975,0.8140856743709975,81.40856743709975,0.8023505784311185,"{""cv_f1"": 0.8023505784311185, ""family"": ""proximity"", ""method"": ""proximity-non-falsified"", ""num_iters"": 40, ""subsample_size"": 8}",1758.425,ok,,fcalc_rand,waveform,4000,1000,21,3,size,2520.0,num_iters,40.0,,,,,
waveform,2007,10,fcalc_randomized,imported_baseline,,0.815320067707463,0.815320067707463,81.5320067707463,0.8021114138136245,"{""cv_f1"": 0.8021114138136245, ""family"": ""proximity"", ""method"": ""proximity"", ""num_iters"": 10, ""subsample_size"": 5}",1742.327,ok,,fcalc_rand,waveform,4000,1000,21,3,size,630.0,num_iters,10.0,,,,,
waveform,1998,1,ips_knn,imported_baseline,,0.82698822141694,0.82698822141694,82.698822141694,0.8484081840291344,"{""k"": 24}",215.619,ok,,ips_knn,waveform,4000,1000,21,3,avg_rrc_size,12.062,max_rrc_size,21.0,,,12.062,21.0,0.5743809523809523
waveform,1999,2,ips_knn,imported_baseline,,0.8395123047773039,0.8395123047773039,83.95123047773039,0.8447013960694237,"{""k"": 27}",215.607,ok,,ips_knn,waveform,4000,1000,21,3,avg_rrc_size,12.622,max_rrc_size,21.0,,,12.622,21.0,0.601047619047619
waveform,2000,3,ips_knn,imported_baseline,,0.8437066291269671,0.8437066291269671,84.37066291269672,0.8420325960638134,"{""k"": 21}",215.558,ok,,ips_knn,waveform,4000,1000,21,3,avg_rrc_size,11.077,max_rrc_size,21.0,,,11.077,21.0,0.5274761904761904
waveform,2001,4,ips_knn,imported_baseline,,0.8439090348649239,0.8439090348649239,84.39090348649239,0.8474175418096326,"{""k"": 34}",216.561,ok,,ips_knn,waveform,4000,1000,21,3,avg_rrc_size,14.655,max_rrc_size,21.0,,,14.655,21.0,0.6978571428571428
waveform,2002,5,ips_knn,imported_baseline,,0.8291753875196658,0.8291753875196658,82.91753875196657,0.8496793759728438,"{""k"": 39}",215.513,ok,,ips_knn,waveform,4000,1000,21,3,avg_rrc_size,15.931,max_rrc_size,21.0,,,15.931,21.0,0.7586190476190475
waveform,2003,6,ips_knn,imported_baseline,,0.8543094008511517,0.8543094008511517,85.43094008511517,0.8457803700091919,"{""k"": 31}",215.966,ok,,ips_knn,waveform,4000,1000,21,3,avg_rrc_size,14.106,max_rrc_size,21.0,,,14.106,21.0,0.6717142857142857
waveform,2004,7,ips_knn,imported_baseline,,0.8413953540561924,0.8413953540561924,84.13953540561924,0.8434479778890358,"{""k"": 19}",216.423,ok,,ips_knn,waveform,4000,1000,21,3,avg_rrc_size,10.591,max_rrc_size,21.0,,,10.591,21.0,0.5043333333333333
waveform,2005,8,ips_knn,imported_baseline,,0.8397610338957753,0.8397610338957753,83.97610338957753,0.8447347986084688,"{""k"": 34}",215.838,ok,,ips_knn,waveform,4000,1000,21,3,avg_rrc_size,14.808,max_rrc_size,21.0,,,14.808,21.0,0.7051428571428572
waveform,2006,9,ips_knn,imported_baseline,,0.8641923392089477,0.8641923392089477,86.41923392089477,0.8394146986654561,"{""k"": 26}",216.279,ok,,ips_knn,waveform,4000,1000,21,3,avg_rrc_size,12.735,max_rrc_size,21.0,,,12.735,21.0,0.6064285714285714
waveform,2007,10,ips_knn,imported_baseline,,0.8258754584355619,0.8258754584355619,82.58754584355619,0.8507770585314386,"{""k"": 20}",215.925,ok,,ips_knn,waveform,4000,1000,21,3,avg_rrc_size,11.162,max_rrc_size,21.0,,,11.162,21.0,0.5315238095238095
waveform,1998,1,knn,imported_baseline,,0.8366609140597729,0.8366609140597729,83.6660914059773,0.8560752741466675,"{""n_neighbors"": 70, ""weights"": ""distance""}",2.124,ok,,knn,waveform,4000,1000,21,3,size,1470.0,,,,,,,
waveform,1999,2,knn,imported_baseline,,0.8469387614265891,0.8469387614265891,84.69387614265891,0.8528812266160918,"{""n_neighbors"": 92, ""weights"": ""uniform""}",2.132,ok,,knn,waveform,4000,1000,21,3,size,1932.0,,,,,,,
waveform,2000,3,knn,imported_baseline,,0.84583119636088,0.84583119636088,84.583119636088,0.8538080083489605,"{""n_neighbors"": 48, ""weights"": ""distance""}",2.124,ok,,knn,waveform,4000,1000,21,3,size,1008.0,,,,,,,
waveform,2001,4,knn,imported_baseline,,0.8500223563004776,0.8500223563004776,85.00223563004776,0.8523289820938142,"{""n_neighbors"": 68, ""weights"": ""uniform""}",2.115,ok,,knn,waveform,4000,1000,21,3,size,1428.0,,,,,,,
waveform,2002,5,knn,imported_baseline,,0.8413381262619821,0.8413381262619821,84.1338126261982,0.8572895678008325,"{""n_neighbors"": 70, ""weights"": ""uniform""}",2.143,ok,,knn,waveform,4000,1000,21,3,size,1470.0,,,,,,,
waveform,2003,6,knn,imported_baseline,,0.8578577650292574,0.8578577650292574,85.78577650292574,0.8530719786012344,"{""n_neighbors"": 50, ""weights"": ""uniform""}",2.102,ok,,knn,waveform,4000,1000,21,3,size,1050.0,,,,,,,
waveform,2004,7,knn,imported_baseline,,0.8629843494128604,0.8629843494128604,86.29843494128605,0.8491719585925322,"{""n_neighbors"": 58, ""weights"": ""uniform""}",2.108,ok,,knn,waveform,4000,1000,21,3,size,1218.0,,,,,,,
waveform,2005,8,knn,imported_baseline,,0.8556123070663125,0.8556123070663125,85.56123070663125,0.8534433981015692,"{""n_neighbors"": 46, ""weights"": ""uniform""}",2.116,ok,,knn,waveform,4000,1000,21,3,size,966.0,,,,,,,
waveform,2006,9,knn,imported_baseline,,0.8758422589408505,0.8758422589408505,87.58422589408505,0.8471314980631887,"{""n_neighbors"": 52, ""weights"": ""uniform""}",2.115,ok,,knn,waveform,4000,1000,21,3,size,1092.0,,,,,,,
waveform,2007,10,knn,imported_baseline,,0.8434728583522652,0.8434728583522652,84.34728583522651,0.8587150817099989,"{""n_neighbors"": 32, ""weights"": ""uniform""}",2.122,ok,,knn,waveform,4000,1000,21,3,size,672.0,,,,,,,
waveform,1998,1,logistic_regression,imported_baseline,,0.8643402441633096,0.8643402441633096,86.43402441633096,0.8730401623479072,"{""C"": 0.01, ""penalty"": ""l2"", ""solver"": ""lbfgs""}",0.268,ok,,logistic_regression,waveform,4000,1000,21,3,size,22.0,,,,,,,
waveform,1999,2,logistic_regression,imported_baseline,,0.8683027304030143,0.8683027304030143,86.83027304030144,0.8664087789216088,"{""C"": 0.001, ""penalty"": ""l2"", ""solver"": ""lbfgs""}",0.265,ok,,logistic_regression,waveform,4000,1000,21,3,size,22.0,,,,,,,
waveform,2000,3,logistic_regression,imported_baseline,,0.8622599817712522,0.8622599817712522,86.22599817712522,0.872857202627334,"{""C"": 0.01, ""penalty"": ""l2"", ""solver"": ""lbfgs""}",0.273,ok,,logistic_regression,waveform,4000,1000,21,3,size,22.0,,,,,,,
waveform,2001,4,logistic_regression,imported_baseline,,0.8706121952084445,0.8706121952084445,87.06121952084445,0.8690190110721598,"{""C"": 0.01, ""penalty"": ""l2"", ""solver"": ""lbfgs""}",0.266,ok,,logistic_regression,waveform,4000,1000,21,3,size,22.0,,,,,,,
waveform,2002,5,logistic_regression,imported_baseline,,0.8474433816054135,0.8474433816054135,84.74433816054136,0.8748698099257295,"{""C"": 0.01, ""penalty"": ""l2"", ""solver"": ""lbfgs""}",0.274,ok,,logistic_regression,waveform,4000,1000,21,3,size,22.0,,,,,,,
waveform,2003,6,logistic_regression,imported_baseline,,0.8607854773243653,0.8607854773243653,86.07854773243653,0.87080669562178,"{""C"": 0.1, ""penalty"": ""l1"", ""solver"": ""liblinear""}",0.273,ok,,logistic_regression,waveform,4000,1000,21,3,size,22.0,,,,,,,
waveform,2004,7,logistic_regression,imported_baseline,,0.8766696109309686,0.8766696109309686,87.66696109309686,0.8673444020971633,"{""C"": 0.1, ""penalty"": ""l1"", ""solver"": ""liblinear""}",0.28,ok,,logistic_regression,waveform,4000,1000,21,3,size,22.0,,,,,,,
waveform,2005,8,logistic_regression,imported_baseline,,0.8771589349457344,0.8771589349457344,87.71589349457344,0.8701121975017282,"{""C"": 0.01, ""penalty"": ""l2"", ""solver"": ""lbfgs""}",0.267,ok,,logistic_regression,waveform,4000,1000,21,3,size,22.0,,,,,,,
waveform,2006,9,logistic_regression,imported_baseline,,0.8888097490075147,0.8888097490075147,88.88097490075147,0.8642360163749432,"{""C"": 0.01, ""penalty"": ""l2"", ""solver"": ""lbfgs""}",0.27,ok,,logistic_regression,waveform,4000,1000,21,3,size,22.0,,,,,,,
waveform,2007,10,logistic_regression,imported_baseline,,0.8696370344837168,0.8696370344837168,86.96370344837167,0.8720053591023355,"{""C"": 0.01, ""penalty"": ""l2"", ""solver"": ""lbfgs""}",0.302,ok,,logistic_regression,waveform,4000,1000,21,3,size,22.0,,,,,,,
waveform,1998,1,naive_bayes,imported_baseline,,0.7816811349291738,0.7816811349291738,78.16811349291739,0.8007683134743642,"{""var_smoothing"": 1e-09}",0.032,ok,,naive_bayes,waveform,4000,1000,21,3,size,86.0,,,,,,,
waveform,1999,2,naive_bayes,imported_baseline,,0.8191569973472652,0.8191569973472652,81.91569973472652,0.7922468923618153,"{""var_smoothing"": 1e-09}",0.033,ok,,naive_bayes,waveform,4000,1000,21,3,size,86.0,,,,,,,
waveform,2000,3,naive_bayes,imported_baseline,,0.8072602315026559,0.8072602315026559,80.72602315026559,0.7933564038890208,"{""var_smoothing"": 1e-09}",0.027,ok,,naive_bayes,waveform,4000,1000,21,3,size,86.0,,,,,,,
waveform,2001,4,naive_bayes,imported_baseline,,0.7993136685059185,0.7993136685059185,79.93136685059184,0.7938568671211266,"{""var_smoothing"": 1e-09}",0.031,ok,,naive_bayes,waveform,4000,1000,21,3,size,86.0,,,,,,,
waveform,2002,5,naive_bayes,imported_baseline,,0.7838721926488393,0.7838721926488393,78.38721926488394,0.8022886338999449,"{""var_smoothing"": 1e-09}",0.028,ok,,naive_bayes,waveform,4000,1000,21,3,size,86.0,,,,,,,
waveform,2003,6,naive_bayes,imported_baseline,,0.806195052522396,0.806195052522396,80.6195052522396,0.7968392238024747,"{""var_smoothing"": 1e-09}",0.032,ok,,naive_bayes,waveform,4000,1000,21,3,size,86.0,,,,,,,
waveform,2004,7,naive_bayes,imported_baseline,,0.7866895472438286,0.7866895472438286,78.66895472438286,0.7952260481572988,"{""var_smoothing"": 1e-09}",0.027,ok,,naive_bayes,waveform,4000,1000,21,3,size,86.0,,,,,,,
waveform,2005,8,naive_bayes,imported_baseline,,0.7865671377032939,0.7865671377032939,78.65671377032939,0.7990629342326492,"{""var_smoothing"": 1e-09}",0.029,ok,,naive_bayes,waveform,4000,1000,21,3,size,86.0,,,,,,,
waveform,2006,9,naive_bayes,imported_baseline,,0.8178440604113159,0.8178440604113159,81.78440604113159,0.7882519256685359,"{""var_smoothing"": 1e-09}",0.03,ok,,naive_bayes,waveform,4000,1000,21,3,size,86.0,,,,,,,
waveform,2007,10,naive_bayes,imported_baseline,,0.7992544789719652,0.7992544789719652,79.92544789719652,0.7977090428697163,"{""var_smoothing"": 1e-09}",0.028,ok,,naive_bayes,waveform,4000,1000,21,3,size,86.0,,,,,,,
waveform,1998,1,random_forest,imported_baseline,,0.8356957168355402,0.8356957168355402,83.56957168355402,0.8572363812188734,"{""bootstrap"": true, ""max_depth"": 10, ""max_features"": ""sqrt"", ""min_impurity_decrease"": 0.0, ""min_samples_leaf"": 1, ""min_samples_split"": 2, ""n_estimators"": 100}",68.193,ok,,random_forest,waveform,4000,1000,21,3,n_estimators,100.0,max_depth,10.0,,,,,
waveform,1999,2,random_forest,imported_baseline,,0.8594880840091662,0.8594880840091662,85.94880840091662,0.8525619880605293,"{""bootstrap"": true, ""max_depth"": null, ""max_features"": ""sqrt"", ""min_impurity_decrease"": 0.0, ""min_samples_leaf"": 1, ""min_samples_split"": 2, ""n_estimators"": 300}",68.925,ok,,random_forest,waveform,4000,1000,21,3,n_estimators,300.0,max_depth,26.0,,,,,
waveform,2000,3,random_forest,imported_baseline,,0.8416838007011657,0.8416838007011657,84.16838007011657,0.8585675262572499,"{""bootstrap"": true, ""max_depth"": 20, ""max_features"": ""sqrt"", ""min_impurity_decrease"": 0.0, ""min_samples_leaf"": 2, ""min_samples_split"": 5, ""n_estimators"": 300}",69.237,ok,,random_forest,waveform,4000,1000,21,3,n_estimators,300.0,max_depth,20.0,,,,,
waveform,2001,4,random_forest,imported_baseline,,0.8521643256036704,0.8521643256036704,85.21643256036704,0.8564907322401414,"{""bootstrap"": true, ""max_depth"": 10, ""max_features"": ""sqrt"", ""min_impurity_decrease"": 0.0, ""min_samples_leaf"": 2, ""min_samples_split"": 2, ""n_estimators"": 300}",69.068,ok,,random_forest,waveform,4000,1000,21,3,n_estimators,300.0,max_depth,10.0,,,,,
waveform,2002,5,random_forest,imported_baseline,,0.8361467331615473,0.8361467331615473,83.61467331615474,0.8580455802302875,"{""bootstrap"": true, ""max_depth"": 20, ""max_features"": ""sqrt"", ""min_impurity_decrease"": 0.0, ""min_samples_leaf"": 1, ""min_samples_split"": 5, ""n_estimators"": 300}",69.082,ok,,random_forest,waveform,4000,1000,21,3,n_estimators,300.0,max_depth,20.0,,,,,
waveform,2003,6,random_forest,imported_baseline,,0.8476938938219339,0.8476938938219339,84.7693893821934,0.8560778457361223,"{""bootstrap"": true, ""max_depth"": null, ""max_features"": ""sqrt"", ""min_impurity_decrease"": 0.0, ""min_samples_leaf"": 2, ""min_samples_split"": 5, ""n_estimators"": 300}",68.358,ok,,random_forest,waveform,4000,1000,21,3,n_estimators,300.0,max_depth,23.0,,,,,
waveform,2004,7,random_forest,imported_baseline,,0.8565674357966643,0.8565674357966643,85.65674357966643,0.8538234266466823,"{""bootstrap"": true, ""max_depth"": 10, ""max_features"": ""sqrt"", ""min_impurity_decrease"": 0.0, ""min_samples_leaf"": 2, ""min_samples_split"": 5, ""n_estimators"": 300}",68.23,ok,,random_forest,waveform,4000,1000,21,3,n_estimators,300.0,max_depth,10.0,,,,,
waveform,2005,8,random_forest,imported_baseline,,0.8604141879076463,0.8604141879076463,86.04141879076464,0.8479972835637384,"{""bootstrap"": true, ""max_depth"": null, ""max_features"": ""sqrt"", ""min_impurity_decrease"": 0.0, ""min_samples_leaf"": 2, ""min_samples_split"": 5, ""n_estimators"": 300}",68.714,ok,,random_forest,waveform,4000,1000,21,3,n_estimators,300.0,max_depth,22.0,,,,,
waveform,2006,9,random_forest,imported_baseline,,0.856115474431915,0.856115474431915,85.61154744319151,0.8479716171449756,"{""bootstrap"": true, ""max_depth"": 20, ""max_features"": ""sqrt"", ""min_impurity_decrease"": 0.0, ""min_samples_leaf"": 1, ""min_samples_split"": 5, ""n_estimators"": 300}",68.411,ok,,random_forest,waveform,4000,1000,21,3,n_estimators,300.0,max_depth,20.0,,,,,
waveform,2007,10,random_forest,imported_baseline,,0.8570464568983981,0.8570464568983981,85.70464568983981,0.857807257776161,"{""bootstrap"": true, ""max_depth"": null, ""max_features"": ""sqrt"", ""min_impurity_decrease"": 0.0, ""min_samples_leaf"": 1, ""min_samples_split"": 5, ""n_estimators"": 300}",68.986,ok,,random_forest,waveform,4000,1000,21,3,n_estimators,300.0,max_depth,26.0,,,,,
waveform,1998,1,svm,imported_baseline,,0.8560565571829652,0.8560565571829652,85.60565571829653,0.8695092122561296,"{""C"": 0.1, ""gamma"": ""scale"", ""kernel"": ""linear""}",0.781,ok,,svm,waveform,4000,1000,21,3,size,22.0,,,,,,,
waveform,1999,2,svm,imported_baseline,,0.8718246094081125,0.8718246094081125,87.18246094081124,0.8674946547676216,"{""C"": 0.1, ""gamma"": ""scale"", ""kernel"": ""linear""}",0.805,ok,,svm,waveform,4000,1000,21,3,size,22.0,,,,,,,
waveform,2000,3,svm,imported_baseline,,0.8663388559849832,0.8663388559849832,86.63388559849832,0.8676792502428518,"{""C"": 10.0, ""gamma"": ""scale"", ""kernel"": ""linear""}",1.133,ok,,svm,waveform,4000,1000,21,3,size,22.0,,,,,,,
waveform,2001,4,svm,imported_baseline,,0.8746672670314637,0.8746672670314637,87.46672670314636,0.8679218850506484,"{""C"": 10.0, ""gamma"": ""scale"", ""kernel"": ""linear""}",1.203,ok,,svm,waveform,4000,1000,21,3,size,22.0,,,,,,,
waveform,2002,5,svm,imported_baseline,,0.8455606229519272,0.8455606229519272,84.55606229519273,0.8741081904433312,"{""C"": 0.1, ""gamma"": ""scale"", ""kernel"": ""linear""}",0.755,ok,,svm,waveform,4000,1000,21,3,size,22.0,,,,,,,
waveform,2003,6,svm,imported_baseline,,0.8619180685389175,0.8619180685389175,86.19180685389175,0.869373573417187,"{""C"": 10.0, ""gamma"": ""scale"", ""kernel"": ""linear""}",1.112,ok,,svm,waveform,4000,1000,21,3,size,22.0,,,,,,,
waveform,2004,7,svm,imported_baseline,,0.8696114294722005,0.8696114294722005,86.96114294722005,0.8623480458509005,"{""C"": 0.1, ""gamma"": ""scale"", ""kernel"": ""rbf""}",0.919,ok,,svm,waveform,4000,1000,21,3,n_support_vectors,2305.0,size,50712.0,,,,,
waveform,2005,8,svm,imported_baseline,,0.873265441192924,0.873265441192924,87.32654411929241,0.864762080017276,"{""C"": 0.1, ""gamma"": ""scale"", ""kernel"": ""rbf""}",0.938,ok,,svm,waveform,4000,1000,21,3,n_support_vectors,2300.0,size,50602.0,,,,,
waveform,2006,9,svm,imported_baseline,,0.8819497257889454,0.8819497257889454,88.19497257889454,0.861816390306615,"{""C"": 1.0, ""gamma"": ""scale"", ""kernel"": ""linear""}",0.859,ok,,svm,waveform,4000,1000,21,3,size,22.0,,,,,,,
waveform,2007,10,svm,imported_baseline,,0.8626700331067071,0.8626700331067071,86.2670033106707,0.8713124597702855,"{""C"": 0.1, ""gamma"": ""scale"", ""kernel"": ""linear""}",0.772,ok,,svm,waveform,4000,1000,21,3,size,22.0,,,,,,,
waveform,1998,1,xgboost,imported_baseline,,0.8444953532156333,0.8444953532156333,84.44953532156333,0.8584846981875263,"{""colsample_bytree"": 0.8, ""learning_rate"": 0.05, ""max_depth"": 5, ""n_estimators"": 200, ""reg_alpha"": 0, ""reg_lambda"": 1e-05, ""scale_pos_weight"": 1, ""subsample"": 0.8}",6.819,ok,,xgboost,waveform,4000,1000,21,3,n_estimators,200.0,max_depth,5.0,,,,,
waveform,1999,2,xgboost,imported_baseline,,0.8587276820963833,0.8587276820963833,85.87276820963832,0.8556808440458653,"{""colsample_bytree"": 0.8, ""learning_rate"": 0.05, ""max_depth"": 3, ""n_estimators"": 200, ""reg_alpha"": 0, ""reg_lambda"": 1e-05, ""scale_pos_weight"": 1, ""subsample"": 0.8}",5.834,ok,,xgboost,waveform,4000,1000,21,3,n_estimators,200.0,max_depth,3.0,,,,,
waveform,2000,3,xgboost,imported_baseline,,0.8481307794306008,0.8481307794306008,84.81307794306008,0.8607488839753096,"{""colsample_bytree"": 0.8, ""learning_rate"": 0.05, ""max_depth"": 3, ""n_estimators"": 200, ""reg_alpha"": 0, ""reg_lambda"": 1e-05, ""scale_pos_weight"": 1, ""subsample"": 0.8}",5.734,ok,,xgboost,waveform,4000,1000,21,3,n_estimators,200.0,max_depth,3.0,,,,,
waveform,2001,4,xgboost,imported_baseline,,0.8623316856941052,0.8623316856941052,86.23316856941052,0.8562132190549541,"{""colsample_bytree"": 0.8, ""learning_rate"": 0.05, ""max_depth"": 3, ""n_estimators"": 200, ""reg_alpha"": 0, ""reg_lambda"": 1e-05, ""scale_pos_weight"": 1, ""subsample"": 0.8}",5.857,ok,,xgboost,waveform,4000,1000,21,3,n_estimators,200.0,max_depth,3.0,,,,,
waveform,2002,5,xgboost,imported_baseline,,0.8436233263002123,0.8436233263002123,84.36233263002123,0.8603969908052432,"{""colsample_bytree"": 0.8, ""learning_rate"": 0.1, ""max_depth"": 3, ""n_estimators"": 200, ""reg_alpha"": 0, ""reg_lambda"": 1e-05, ""scale_pos_weight"": 1, ""subsample"": 0.8}",5.743,ok,,xgboost,waveform,4000,1000,21,3,n_estimators,200.0,max_depth,3.0,,,,,
waveform,2003,6,xgboost,imported_baseline,,0.8409432855190672,0.8409432855190672,84.09432855190671,0.8574333328670793,"{""colsample_bytree"": 0.8, ""learning_rate"": 0.1, ""max_depth"": 3, ""n_estimators"": 200, ""reg_alpha"": 0, ""reg_lambda"": 1e-05, ""scale_pos_weight"": 1, ""subsample"": 0.8}",5.886,ok,,xgboost,waveform,4000,1000,21,3,n_estimators,200.0,max_depth,3.0,,,,,
waveform,2004,7,xgboost,imported_baseline,,0.8591574457277759,0.8591574457277759,85.91574457277758,0.8523094629835392,"{""colsample_bytree"": 0.8, ""learning_rate"": 0.05, ""max_depth"": 5, ""n_estimators"": 200, ""reg_alpha"": 0, ""reg_lambda"": 1e-05, ""scale_pos_weight"": 1, ""subsample"": 0.8}",6.711,ok,,xgboost,waveform,4000,1000,21,3,n_estimators,200.0,max_depth,5.0,,,,,
waveform,2005,8,xgboost,imported_baseline,,0.8609953288571903,0.8609953288571903,86.09953288571903,0.8509450467320667,"{""colsample_bytree"": 0.8, ""learning_rate"": 0.1, ""max_depth"": 3, ""n_estimators"": 100, ""reg_alpha"": 0, ""reg_lambda"": 1e-05, ""scale_pos_weight"": 1, ""subsample"": 0.8}",5.23,ok,,xgboost,waveform,4000,1000,21,3,n_estimators,100.0,max_depth,3.0,,,,,
waveform,2006,9,xgboost,imported_baseline,,0.867662201779067,0.867662201779067,86.7662201779067,0.849097744657408,"{""colsample_bytree"": 0.8, ""learning_rate"": 0.1, ""max_depth"": 5, ""n_estimators"": 200, ""reg_alpha"": 0, ""reg_lambda"": 1e-05, ""scale_pos_weight"": 1, ""subsample"": 0.8}",6.798,ok,,xgboost,waveform,4000,1000,21,3,n_estimators,200.0,max_depth,5.0,,,,,
waveform,2007,10,xgboost,imported_baseline,,0.8495068772153677,0.8495068772153677,84.95068772153677,0.8580752992310481,"{""colsample_bytree"": 0.8, ""learning_rate"": 0.1, ""max_depth"": 3, ""n_estimators"": 100, ""reg_alpha"": 0, ""reg_lambda"": 1e-05, ""scale_pos_weight"": 1, ""subsample"": 0.8}",5.284,ok,,xgboost,waveform,4000,1000,21,3,n_estimators,100.0,max_depth,3.0,,,,,
vehicle,1998,1,decision_tree,imported_baseline,,0.7190921674754263,0.7190921674754263,71.90921674754263,0.6976465071152753,"{""max_depth"": null, ""max_features"": null, ""min_impurity_decrease"": 0.0, ""min_samples_leaf"": 2, ""min_samples_split"": 5}",0.445,ok,,decision_tree,vehicle,676,170,18,4,configured_max_depth,,max_path_features,13.0,avg_path_features,6.876470588235295,,,
vehicle,1999,2,decision_tree,imported_baseline,,0.7114230686301598,0.7114230686301598,71.14230686301597,0.6987244630681734,"{""max_depth"": 10, ""max_features"": null, ""min_impurity_decrease"": 0.0, ""min_samples_leaf"": 1, ""min_samples_split"": 5}",0.158,ok,,decision_tree,vehicle,676,170,18,4,configured_max_depth,10.0,max_path_features,9.0,avg_path_features,6.676470588235294,,,
vehicle,2000,3,decision_tree,imported_baseline,,0.7117655727189196,0.7117655727189196,71.17655727189197,0.6914580748188304,"{""max_depth"": 10, ""max_features"": null, ""min_impurity_decrease"": 0.0, ""min_samples_leaf"": 2, ""min_samples_split"": 2}",0.157,ok,,decision_tree,vehicle,676,170,18,4,configured_max_depth,10.0,max_path_features,8.0,avg_path_features,6.041176470588235,,,
vehicle,2001,4,decision_tree,imported_baseline,,0.6909674098004883,0.6909674098004883,69.09674098004884,0.7039523568223072,"{""max_depth"": 10, ""max_features"": ""sqrt"", ""min_impurity_decrease"": 0.0, ""min_samples_leaf"": 1, ""min_samples_split"": 2}",0.154,ok,,decision_tree,vehicle,676,170,18,4,configured_max_depth,10.0,max_path_features,9.0,avg_path_features,6.3352941176470585,,,
vehicle,2002,5,decision_tree,imported_baseline,,0.7518744973343876,0.7518744973343876,75.18744973343875,0.6912276625063378,"{""max_depth"": null, ""max_features"": null, ""min_impurity_decrease"": 0.0, ""min_samples_leaf"": 1, ""min_samples_split"": 2}",0.157,ok,,decision_tree,vehicle,676,170,18,4,configured_max_depth,,max_path_features,13.0,avg_path_features,6.958823529411765,,,
vehicle,2003,6,decision_tree,imported_baseline,,0.7347222222222222,0.7347222222222222,73.47222222222221,0.7157084541373793,"{""max_depth"": 10, ""max_features"": null, ""min_impurity_decrease"": 0.0, ""min_samples_leaf"": 1, ""min_samples_split"": 5}",0.157,ok,,decision_tree,vehicle,676,170,18,4,configured_max_depth,10.0,max_path_features,10.0,avg_path_features,6.2,,,
vehicle,2004,7,decision_tree,imported_baseline,,0.7041251920769993,0.7041251920769993,70.41251920769993,0.7278915677594305,"{""max_depth"": null, ""max_features"": null, ""min_impurity_decrease"": 0.0, ""min_samples_leaf"": 1, ""min_samples_split"": 2}",0.158,ok,,decision_tree,vehicle,676,170,18,4,configured_max_depth,,max_path_features,13.0,avg_path_features,6.864705882352941,,,
vehicle,2005,8,decision_tree,imported_baseline,,0.6846432552954292,0.6846432552954292,68.46432552954292,0.7109068266735605,"{""max_depth"": 10, ""max_features"": null, ""min_impurity_decrease"": 0.0, ""min_samples_leaf"": 1, ""min_samples_split"": 2}",0.16,ok,,decision_tree,vehicle,676,170,18,4,configured_max_depth,10.0,max_path_features,10.0,avg_path_features,6.576470588235294,,,
vehicle,2006,9,decision_tree,imported_baseline,,0.703884459422434,0.703884459422434,70.38844594224341,0.6843572331503276,"{""max_depth"": null, ""max_features"": ""sqrt"", ""min_impurity_decrease"": 0.0, ""min_samples_leaf"": 1, ""min_samples_split"": 5}",0.152,ok,,decision_tree,vehicle,676,170,18,4,configured_max_depth,,max_path_features,11.0,avg_path_features,7.2,,,
vehicle,2007,10,decision_tree,imported_baseline,,0.6842401988056822,0.6842401988056822,68.42401988056822,0.6943631961520531,"{""max_depth"": 10, ""max_features"": ""sqrt"", ""min_impurity_decrease"": 0.0, ""min_samples_leaf"": 1, ""min_samples_split"": 2}",0.164,ok,,decision_tree,vehicle,676,170,18,4,configured_max_depth,10.0,max_path_features,9.0,avg_path_features,6.805882352941176,,,
vehicle,1998,1,fcalc_deterministic,imported_baseline,,0.5096631356065319,0.5096631356065319,50.966313560653184,0.5108352899093884,"{""cv_f1"": 0.5108352899093884, ""family"": ""proximity"", ""method"": ""proximity-support""}",204.215,ok,,fcalc,vehicle,676,170,18,4,size,12168.0,,,,,,,
vehicle,1999,2,fcalc_deterministic,imported_baseline,,0.504126175441474,0.504126175441474,50.4126175441474,0.5173616365087953,"{""cv_f1"": 0.5173616365087953, ""family"": ""proximity"", ""method"": ""proximity-support""}",208.639,ok,,fcalc,vehicle,676,170,18,4,size,12168.0,,,,,,,
vehicle,2000,3,fcalc_deterministic,imported_baseline,,0.535785074899525,0.535785074899525,53.5785074899525,0.5226371031827209,"{""cv_f1"": 0.5226371031827209, ""family"": ""proximity"", ""method"": ""proximity-support""}",207.196,ok,,fcalc,vehicle,676,170,18,4,size,12168.0,,,,,,,
vehicle,2001,4,fcalc_deterministic,imported_baseline,,0.5726201633418129,0.5726201633418129,57.26201633418129,0.4944802272126216,"{""cv_f1"": 0.4944802272126216, ""family"": ""proximity"", ""method"": ""proximity-support""}",205.522,ok,,fcalc,vehicle,676,170,18,4,size,12168.0,,,,,,,
vehicle,2002,5,fcalc_deterministic,imported_baseline,,0.5208816612187175,0.5208816612187175,52.08816612187175,0.5212360687589721,"{""cv_f1"": 0.5212360687589721, ""family"": ""proximity"", ""method"": ""proximity-support""}",213.56,ok,,fcalc,vehicle,676,170,18,4,size,12168.0,,,,,,,
vehicle,2003,6,fcalc_deterministic,imported_baseline,,0.5047276914923973,0.5047276914923973,50.47276914923973,0.5258640188865866,"{""cv_f1"": 0.5258640188865866, ""family"": ""proximity"", ""method"": ""proximity-support""}",205.24,ok,,fcalc,vehicle,676,170,18,4,size,12168.0,,,,,,,
vehicle,2004,7,fcalc_deterministic,imported_baseline,,0.5051805970084412,0.5051805970084412,50.51805970084412,0.508657901912259,"{""cv_f1"": 0.508657901912259, ""family"": ""proximity"", ""method"": ""proximity-support""}",209.315,ok,,fcalc,vehicle,676,170,18,4,size,12168.0,,,,,,,
vehicle,2005,8,fcalc_deterministic,imported_baseline,,0.4851758660169875,0.4851758660169875,48.517586601698746,0.4793573533115678,"{""cv_f1"": 0.4793573533115678, ""family"": ""proximity"", ""method"": ""proximity-support""}",205.617,ok,,fcalc,vehicle,676,170,18,4,size,12168.0,,,,,,,
vehicle,2006,9,fcalc_deterministic,imported_baseline,,0.499582113108228,0.499582113108228,49.9582113108228,0.5025062611199193,"{""cv_f1"": 0.5025062611199193, ""family"": ""proximity"", ""method"": ""proximity-support""}",208.781,ok,,fcalc,vehicle,676,170,18,4,size,12168.0,,,,,,,
vehicle,2007,10,fcalc_deterministic,imported_baseline,,0.5602380952380952,0.5602380952380952,56.02380952380952,0.4946923095019183,"{""cv_f1"": 0.4946923095019183, ""family"": ""proximity"", ""method"": ""proximity-support""}",206.196,ok,,fcalc,vehicle,676,170,18,4,size,12168.0,,,,,,,
vehicle,1998,1,fcalc_randomized,imported_baseline,,0.4875732813450583,0.4875732813450583,48.75732813450583,0.4822408022470765,"{""cv_f1"": 0.4822408022470765, ""family"": ""proximity"", ""method"": ""proximity"", ""num_iters"": 20, ""subsample_size"": 2}",154.444,ok,,fcalc_rand,vehicle,676,170,18,4,size,1440.0,num_iters,20.0,,,,,
vehicle,1999,2,fcalc_randomized,imported_baseline,,0.4277366909455321,0.4277366909455321,42.77366909455321,0.5015624992529707,"{""cv_f1"": 0.5015624992529707, ""family"": ""proximity"", ""method"": ""proximity-non-falsified"", ""num_iters"": 20, ""subsample_size"": 2}",156.65,ok,,fcalc_rand,vehicle,676,170,18,4,size,1440.0,num_iters,20.0,,,,,
vehicle,2000,3,fcalc_randomized,imported_baseline,,0.499581893545206,0.499581893545206,49.9581893545206,0.4869524885596575,"{""cv_f1"": 0.4869524885596575, ""family"": ""proximity"", ""method"": ""proximity-non-falsified"", ""num_iters"": 50, ""subsample_size"": 2}",158.077,ok,,fcalc_rand,vehicle,676,170,18,4,size,3600.0,num_iters,50.0,,,,,
vehicle,2001,4,fcalc_randomized,imported_baseline,,0.502580468979756,0.502580468979756,50.2580468979756,0.4993251959079242,"{""cv_f1"": 0.4993251959079242, ""family"": ""proximity"", ""method"": ""proximity"", ""num_iters"": 30, ""subsample_size"": 3}",156.347,ok,,fcalc_rand,vehicle,676,170,18,4,size,2160.0,num_iters,30.0,,,,,
vehicle,2002,5,fcalc_randomized,imported_baseline,,0.5460761929612838,0.5460761929612838,54.607619296128384,0.4856962676794322,"{""cv_f1"": 0.4856962676794322, ""family"": ""proximity"", ""method"": ""proximity-non-falsified"", ""num_iters"": 50, ""subsample_size"": 3}",157.718,ok,,fcalc_rand,vehicle,676,170,18,4,size,3600.0,num_iters,50.0,,,,,
vehicle,2003,6,fcalc_randomized,imported_baseline,,0.337376394436028,0.337376394436028,33.73763944360281,0.5041097331931812,"{""cv_f1"": 0.5041097331931812, ""family"": ""proximity"", ""method"": ""proximity-non-falsified"", ""num_iters"": 50, ""subsample_size"": 3}",158.369,ok,,fcalc_rand,vehicle,676,170,18,4,size,3600.0,num_iters,50.0,,,,,
vehicle,2004,7,fcalc_randomized,imported_baseline,,0.4753800188270291,0.4753800188270291,47.53800188270292,0.4941720893699856,"{""cv_f1"": 0.4941720893699856, ""family"": ""proximity"", ""method"": ""proximity"", ""num_iters"": 40, ""subsample_size"": 2}",157.169,ok,,fcalc_rand,vehicle,676,170,18,4,size,2880.0,num_iters,40.0,,,,,
vehicle,2005,8,fcalc_randomized,imported_baseline,,0.4678818297198359,0.4678818297198359,46.7881829719836,0.4894203692061553,"{""cv_f1"": 0.4894203692061553, ""family"": ""proximity"", ""method"": ""proximity-non-falsified"", ""num_iters"": 40, ""subsample_size"": 3}",157.502,ok,,fcalc_rand,vehicle,676,170,18,4,size,2880.0,num_iters,40.0,,,,,
vehicle,2006,9,fcalc_randomized,imported_baseline,,0.5449874807395994,0.5449874807395994,54.49874807395994,0.5228524337517607,"{""cv_f1"": 0.5228524337517607, ""family"": ""proximity"", ""method"": ""proximity-non-falsified"", ""num_iters"": 40, ""subsample_size"": 2}",157.392,ok,,fcalc_rand,vehicle,676,170,18,4,size,2880.0,num_iters,40.0,,,,,
vehicle,2007,10,fcalc_randomized,imported_baseline,,0.5591291061879298,0.5591291061879298,55.91291061879298,0.4909559827077151,"{""cv_f1"": 0.4909559827077151, ""family"": ""proximity"", ""method"": ""proximity-non-falsified"", ""num_iters"": 20, ""subsample_size"": 2}",153.895,ok,,fcalc_rand,vehicle,676,170,18,4,size,1440.0,num_iters,20.0,,,,,
vehicle,1998,1,ips_knn,imported_baseline,,0.7608976302418577,0.7608976302418577,76.08976302418577,0.6866465774653241,"{""k"": 3}",49.001,ok,,ips_knn,vehicle,676,170,18,4,avg_rrc_size,5.864705882352941,max_rrc_size,16.0,,,5.864705882352941,16.0,0.3258169934640522
vehicle,1999,2,ips_knn,imported_baseline,,0.7103554103554104,0.7103554103554104,71.03554103554104,0.7111611295763687,"{""k"": 3}",48.66,ok,,ips_knn,vehicle,676,170,18,4,avg_rrc_size,5.805882352941176,max_rrc_size,15.0,,,5.805882352941176,15.0,0.3225490196078431
vehicle,2000,3,ips_knn,imported_baseline,,0.70994890424715,0.70994890424715,70.994890424715,0.6957394536580315,"{""k"": 4}",48.606,ok,,ips_knn,vehicle,676,170,18,4,avg_rrc_size,6.105882352941176,max_rrc_size,15.0,,,6.105882352941176,15.0,0.3392156862745097
vehicle,2001,4,ips_knn,imported_baseline,,0.67846362339984,0.67846362339984,67.846362339984,0.7129914767507886,"{""k"": 3}",48.541,ok,,ips_knn,vehicle,676,170,18,4,avg_rrc_size,5.976470588235294,max_rrc_size,15.0,,,5.976470588235294,15.0,0.3320261437908496
vehicle,2002,5,ips_knn,imported_baseline,,0.6905710568501267,0.6905710568501267,69.05710568501266,0.6984260075333502,"{""k"": 3}",48.518,ok,,ips_knn,vehicle,676,170,18,4,avg_rrc_size,5.776470588235294,max_rrc_size,15.0,,,5.776470588235294,15.0,0.3209150326797385
vehicle,2003,6,ips_knn,imported_baseline,,0.744725610167889,0.744725610167889,74.4725610167889,0.6990623569884116,"{""k"": 5}",48.45,ok,,ips_knn,vehicle,676,170,18,4,avg_rrc_size,6.6117647058823525,max_rrc_size,16.0,,,6.6117647058823525,16.0,0.3673202614379084
vehicle,2004,7,ips_knn,imported_baseline,,0.711652417316133,0.711652417316133,71.1652417316133,0.7099546310125429,"{""k"": 3}",48.491,ok,,ips_knn,vehicle,676,170,18,4,avg_rrc_size,5.923529411764706,max_rrc_size,15.0,,,5.923529411764706,15.0,0.3290849673202614
vehicle,2005,8,ips_knn,imported_baseline,,0.7375423577670769,0.7375423577670769,73.75423577670769,0.6910262162044537,"{""k"": 1}",48.585,ok,,ips_knn,vehicle,676,170,18,4,avg_rrc_size,5.5588235294117645,max_rrc_size,13.0,,,5.5588235294117645,13.0,0.3088235294117647
vehicle,2006,9,ips_knn,imported_baseline,,0.7340177337533584,0.7340177337533584,73.40177337533585,0.7004431488828285,"{""k"": 6}",48.525,ok,,ips_knn,vehicle,676,170,18,4,avg_rrc_size,6.535294117647059,max_rrc_size,16.0,,,6.535294117647059,16.0,0.3630718954248366
vehicle,2007,10,ips_knn,imported_baseline,,0.7794227886056971,0.7794227886056971,77.94227886056971,0.695441220559528,"{""k"": 4}",48.433,ok,,ips_knn,vehicle,676,170,18,4,avg_rrc_size,5.947058823529412,max_rrc_size,15.0,,,5.947058823529412,15.0,0.3303921568627451
vehicle,1998,1,knn,imported_baseline,,0.7734122826595944,0.7734122826595944,77.34122826595944,0.6843625918667898,"{""n_neighbors"": 4, ""weights"": ""distance""}",1.783,ok,,knn,vehicle,676,170,18,4,size,72.0,,,,,,,
vehicle,1999,2,knn,imported_baseline,,0.7103554103554104,0.7103554103554104,71.03554103554104,0.7105322344828153,"{""n_neighbors"": 3, ""weights"": ""distance""}",1.081,ok,,knn,vehicle,676,170,18,4,size,54.0,,,,,,,
vehicle,2000,3,knn,imported_baseline,,0.7373538011695907,0.7373538011695907,73.73538011695906,0.6981499230125768,"{""n_neighbors"": 3, ""weights"": ""uniform""}",1.069,ok,,knn,vehicle,676,170,18,4,size,54.0,,,,,,,
vehicle,2001,4,knn,imported_baseline,,0.67846362339984,0.67846362339984,67.846362339984,0.7131949043921388,"{""n_neighbors"": 3, ""weights"": ""distance""}",1.128,ok,,knn,vehicle,676,170,18,4,size,54.0,,,,,,,
vehicle,2002,5,knn,imported_baseline,,0.6905710568501267,0.6905710568501267,69.05710568501266,0.7038076310387149,"{""n_neighbors"": 3, ""weights"": ""distance""}",1.1,ok,,knn,vehicle,676,170,18,4,size,54.0,,,,,,,
vehicle,2003,6,knn,imported_baseline,,0.7296607022514408,0.7296607022514408,72.96607022514408,0.70325132859403,"{""n_neighbors"": 7, ""weights"": ""distance""}",1.123,ok,,knn,vehicle,676,170,18,4,size,126.0,,,,,,,
vehicle,2004,7,knn,imported_baseline,,0.711652417316133,0.711652417316133,71.1652417316133,0.7113757248376624,"{""n_neighbors"": 3, ""weights"": ""distance""}",1.107,ok,,knn,vehicle,676,170,18,4,size,54.0,,,,,,,
vehicle,2005,8,knn,imported_baseline,,0.7375423577670769,0.7375423577670769,73.75423577670769,0.6995262804491291,"{""n_neighbors"": 1, ""weights"": ""uniform""}",1.1,ok,,knn,vehicle,676,170,18,4,size,18.0,,,,,,,
vehicle,2006,9,knn,imported_baseline,,0.7340177337533584,0.7340177337533584,73.40177337533585,0.702210328880494,"{""n_neighbors"": 6, ""weights"": ""distance""}",1.061,ok,,knn,vehicle,676,170,18,4,size,108.0,,,,,,,
vehicle,2007,10,knn,imported_baseline,,0.7794227886056971,0.7794227886056971,77.94227886056971,0.6939585198208151,"{""n_neighbors"": 4, ""weights"": ""distance""}",1.099,ok,,knn,vehicle,676,170,18,4,size,72.0,,,,,,,
vehicle,1998,1,logistic_regression,imported_baseline,,0.7754614671300145,0.7754614671300145,77.54614671300145,0.8123911176393787,"{""C"": 10, ""penalty"": ""l2"", ""solver"": ""lbfgs""}",2.332,ok,,logistic_regression,vehicle,676,170,18,4,size,19.0,,,,,,,
vehicle,1999,2,logistic_regression,imported_baseline,,0.8791066814322628,0.8791066814322628,87.91066814322627,0.7920413537006497,"{""C"": 100, ""penalty"": ""l2"", ""solver"": ""lbfgs""}",2.16,ok,,logistic_regression,vehicle,676,170,18,4,size,19.0,,,,,,,
vehicle,2000,3,logistic_regression,imported_baseline,,0.8261477546110666,0.8261477546110666,82.61477546110666,0.7987800428147755,"{""C"": 100, ""penalty"": ""l2"", ""solver"": ""lbfgs""}",2.028,ok,,logistic_regression,vehicle,676,170,18,4,size,19.0,,,,,,,
vehicle,2001,4,logistic_regression,imported_baseline,,0.7786161593585859,0.7786161593585859,77.86161593585858,0.808889857314487,"{""C"": 10, ""penalty"": ""l2"", ""solver"": ""lbfgs""}",2.484,ok,,logistic_regression,vehicle,676,170,18,4,size,19.0,,,,,,,
vehicle,2002,5,logistic_regression,imported_baseline,,0.7872087834542304,0.7872087834542304,78.72087834542305,0.8012745204896634,"{""C"": 100, ""penalty"": ""l2"", ""solver"": ""lbfgs""}",4.686,ok,,logistic_regression,vehicle,676,170,18,4,size,19.0,,,,,,,
vehicle,2003,6,logistic_regression,imported_baseline,,0.8292112367199511,0.8292112367199511,82.9211236719951,0.7923997996443444,"{""C"": 100, ""penalty"": ""l2"", ""solver"": ""lbfgs""}",4.581,ok,,logistic_regression,vehicle,676,170,18,4,size,19.0,,,,,,,
vehicle,2004,7,logistic_regression,imported_baseline,,0.7574442308462493,0.7574442308462493,75.74442308462494,0.8134015001338826,"{""C"": 1000, ""penalty"": ""l2"", ""solver"": ""lbfgs""}",4.643,ok,,logistic_regression,vehicle,676,170,18,4,size,19.0,,,,,,,
vehicle,2005,8,logistic_regression,imported_baseline,,0.7824226526018121,0.7824226526018121,78.24226526018121,0.7955089375620943,"{""C"": 100, ""penalty"": ""l2"", ""solver"": ""lbfgs""}",3.74,ok,,logistic_regression,vehicle,676,170,18,4,size,19.0,,,,,,,
vehicle,2006,9,logistic_regression,imported_baseline,,0.8161047392369232,0.8161047392369232,81.61047392369231,0.8069412225726774,"{""C"": 10, ""penalty"": ""l2"", ""solver"": ""lbfgs""}",2.269,ok,,logistic_regression,vehicle,676,170,18,4,size,19.0,,,,,,,
vehicle,2007,10,logistic_regression,imported_baseline,,0.8310959208947715,0.8310959208947715,83.10959208947715,0.7952162209347922,"{""C"": 10, ""penalty"": ""l2"", ""solver"": ""lbfgs""}",88.612,ok,,logistic_regression,vehicle,676,170,18,4,size,19.0,,,,,,,
vehicle,1998,1,naive_bayes,imported_baseline,,0.4775330685951352,0.4775330685951352,47.75330685951352,0.4191916349303434,"{""var_smoothing"": 1e-09}",1.727,ok,,naive_bayes,vehicle,676,170,18,4,size,74.0,,,,,,,
vehicle,1999,2,naive_bayes,imported_baseline,,0.4475846371449486,0.4475846371449486,44.75846371449487,0.4173647103068105,"{""var_smoothing"": 1e-09}",0.044,ok,,naive_bayes,vehicle,676,170,18,4,size,74.0,,,,,,,
vehicle,2000,3,naive_bayes,imported_baseline,,0.4447096076614149,0.4447096076614149,44.47096076614149,0.4095290356698753,"{""var_smoothing"": 1e-09}",0.053,ok,,naive_bayes,vehicle,676,170,18,4,size,74.0,,,,,,,
vehicle,2001,4,naive_bayes,imported_baseline,,0.4343199359783439,0.4343199359783439,43.43199359783439,0.4086163119571591,"{""var_smoothing"": 1e-09}",0.045,ok,,naive_bayes,vehicle,676,170,18,4,size,74.0,,,,,,,
vehicle,2002,5,naive_bayes,imported_baseline,,0.3626582469053195,0.3626582469053195,36.26582469053195,0.3941157198433797,"{""var_smoothing"": 1e-09}",0.044,ok,,naive_bayes,vehicle,676,170,18,4,size,74.0,,,,,,,
vehicle,2003,6,naive_bayes,imported_baseline,,0.4521773806005956,0.4521773806005956,45.21773806005957,0.4448043467331177,"{""var_smoothing"": 1e-09}",0.049,ok,,naive_bayes,vehicle,676,170,18,4,size,74.0,,,,,,,
vehicle,2004,7,naive_bayes,imported_baseline,,0.416545156406618,0.416545156406618,41.6545156406618,0.4194957311514525,"{""var_smoothing"": 1e-09}",0.048,ok,,naive_bayes,vehicle,676,170,18,4,size,74.0,,,,,,,
vehicle,2005,8,naive_bayes,imported_baseline,,0.3578889102810935,0.3578889102810935,35.788891028109354,0.3965660222875993,"{""var_smoothing"": 1e-09}",0.042,ok,,naive_bayes,vehicle,676,170,18,4,size,74.0,,,,,,,
vehicle,2006,9,naive_bayes,imported_baseline,,0.4449901436993367,0.4449901436993367,44.49901436993368,0.4191870021407174,"{""var_smoothing"": 1e-09}",0.048,ok,,naive_bayes,vehicle,676,170,18,4,size,74.0,,,,,,,
vehicle,2007,10,naive_bayes,imported_baseline,,0.5508270255116344,0.5508270255116344,55.08270255116344,0.454792644208718,"{""var_smoothing"": 1e-09}",0.047,ok,,naive_bayes,vehicle,676,170,18,4,size,74.0,,,,,,,
vehicle,1998,1,random_forest,imported_baseline,,0.7851175342908423,0.7851175342908423,78.51175342908422,0.7377568386127965,"{""bootstrap"": true, ""max_depth"": 20, ""max_features"": ""sqrt"", ""min_impurity_decrease"": 0.0, ""min_samples_leaf"": 1, ""min_samples_split"": 2, ""n_estimators"": 300}",12.484,ok,,random_forest,vehicle,676,170,18,4,n_estimators,300.0,max_depth,20.0,,,,,
vehicle,1999,2,random_forest,imported_baseline,,0.7360131096973201,0.7360131096973201,73.60131096973201,0.745140634670532,"{""bootstrap"": true, ""max_depth"": 10, ""max_features"": ""sqrt"", ""min_impurity_decrease"": 0.0, ""min_samples_leaf"": 1, ""min_samples_split"": 2, ""n_estimators"": 300}",12.39,ok,,random_forest,vehicle,676,170,18,4,n_estimators,300.0,max_depth,10.0,,,,,
vehicle,2000,3,random_forest,imported_baseline,,0.7472996957403651,0.7472996957403651,74.72996957403652,0.7420753708291488,"{""bootstrap"": true, ""max_depth"": 20, ""max_features"": ""sqrt"", ""min_impurity_decrease"": 0.0, ""min_samples_leaf"": 1, ""min_samples_split"": 5, ""n_estimators"": 100}",11.896,ok,,random_forest,vehicle,676,170,18,4,n_estimators,100.0,max_depth,20.0,,,,,
vehicle,2001,4,random_forest,imported_baseline,,0.75515789402596,0.75515789402596,75.515789402596,0.7414030697092777,"{""bootstrap"": true, ""max_depth"": 20, ""max_features"": ""sqrt"", ""min_impurity_decrease"": 0.0, ""min_samples_leaf"": 2, ""min_samples_split"": 2, ""n_estimators"": 100}",11.95,ok,,random_forest,vehicle,676,170,18,4,n_estimators,100.0,max_depth,20.0,,,,,
vehicle,2002,5,random_forest,imported_baseline,,0.7592938948524851,0.7592938948524851,75.9293894852485,0.7276854954450127,"{""bootstrap"": true, ""max_depth"": 20, ""max_features"": ""sqrt"", ""min_impurity_decrease"": 0.0, ""min_samples_leaf"": 2, ""min_samples_split"": 5, ""n_estimators"": 100}",11.949,ok,,random_forest,vehicle,676,170,18,4,n_estimators,100.0,max_depth,20.0,,,,,
vehicle,2003,6,random_forest,imported_baseline,,0.7183983224668256,0.7183983224668256,71.83983224668256,0.7555215370914098,"{""bootstrap"": true, ""max_depth"": 10, ""max_features"": ""sqrt"", ""min_impurity_decrease"": 0.0, ""min_samples_leaf"": 1, ""min_samples_split"": 2, ""n_estimators"": 300}",12.393,ok,,random_forest,vehicle,676,170,18,4,n_estimators,300.0,max_depth,10.0,,,,,
vehicle,2004,7,random_forest,imported_baseline,,0.7509026445601534,0.7509026445601534,75.09026445601535,0.7439109315422001,"{""bootstrap"": true, ""max_depth"": 10, ""max_features"": null, ""min_impurity_decrease"": 0.0, ""min_samples_leaf"": 1, ""min_samples_split"": 2, ""n_estimators"": 100}",12.059,ok,,random_forest,vehicle,676,170,18,4,n_estimators,100.0,max_depth,10.0,,,,,
vehicle,2005,8,random_forest,imported_baseline,,0.7633389203156645,0.7633389203156645,76.33389203156645,0.7458623294814852,"{""bootstrap"": true, ""max_depth"": null, ""max_features"": ""sqrt"", ""min_impurity_decrease"": 0.0, ""min_samples_leaf"": 1, ""min_samples_split"": 2, ""n_estimators"": 300}",12.522,ok,,random_forest,vehicle,676,170,18,4,n_estimators,300.0,max_depth,24.0,,,,,
vehicle,2006,9,random_forest,imported_baseline,,0.7723601985886867,0.7723601985886867,77.23601985886866,0.7529488162413869,"{""bootstrap"": true, ""max_depth"": 10, ""max_features"": ""sqrt"", ""min_impurity_decrease"": 0.0, ""min_samples_leaf"": 1, ""min_samples_split"": 2, ""n_estimators"": 100}",11.958,ok,,random_forest,vehicle,676,170,18,4,n_estimators,100.0,max_depth,10.0,,,,,
vehicle,2007,10,random_forest,imported_baseline,,0.8003926046134162,0.8003926046134162,80.03926046134163,0.7642987959080199,"{""bootstrap"": true, ""max_depth"": null, ""max_features"": ""sqrt"", ""min_impurity_decrease"": 0.0, ""min_samples_leaf"": 1, ""min_samples_split"": 2, ""n_estimators"": 300}",12.455,ok,,random_forest,vehicle,676,170,18,4,n_estimators,300.0,max_depth,23.0,,,,,
vehicle,1998,1,svm,imported_baseline,,0.8280262495492983,0.8280262495492983,82.80262495492983,0.8296465258510866,"{""C"": 10.0, ""gamma"": ""scale"", ""kernel"": ""rbf""}",0.313,ok,,svm,vehicle,676,170,18,4,n_support_vectors,380.0,size,7222.0,,,,,
vehicle,1999,2,svm,imported_baseline,,0.818754715143495,0.818754715143495,81.8754715143495,0.8191040316665296,"{""C"": 10.0, ""gamma"": ""scale"", ""kernel"": ""rbf""}",0.191,ok,,svm,vehicle,676,170,18,4,n_support_vectors,385.0,size,7317.0,,,,,
vehicle,2000,3,svm,imported_baseline,,0.8174971658174867,0.8174971658174867,81.74971658174867,0.8346062082700177,"{""C"": 10.0, ""gamma"": ""scale"", ""kernel"": ""rbf""}",0.185,ok,,svm,vehicle,676,170,18,4,n_support_vectors,381.0,size,7241.0,,,,,
vehicle,2001,4,svm,imported_baseline,,0.8291449440642988,0.8291449440642988,82.91449440642988,0.8214885365692945,"{""C"": 10.0, ""gamma"": ""scale"", ""kernel"": ""rbf""}",0.172,ok,,svm,vehicle,676,170,18,4,n_support_vectors,377.0,size,7165.0,,,,,
vehicle,2002,5,svm,imported_baseline,,0.8307232756948406,0.8307232756948406,83.07232756948406,0.8177208188832626,"{""C"": 10.0, ""gamma"": ""scale"", ""kernel"": ""rbf""}",0.192,ok,,svm,vehicle,676,170,18,4,n_support_vectors,378.0,size,7184.0,,,,,
vehicle,2003,6,svm,imported_baseline,,0.8647795315629443,0.8647795315629443,86.47795315629443,0.8081143816474293,"{""C"": 10.0, ""gamma"": ""scale"", ""kernel"": ""rbf""}",0.184,ok,,svm,vehicle,676,170,18,4,n_support_vectors,384.0,size,7298.0,,,,,
vehicle,2004,7,svm,imported_baseline,,0.8235704110704111,0.8235704110704111,82.35704110704111,0.8176292801255902,"{""C"": 10.0, ""gamma"": ""scale"", ""kernel"": ""rbf""}",0.179,ok,,svm,vehicle,676,170,18,4,n_support_vectors,381.0,size,7241.0,,,,,
vehicle,2005,8,svm,imported_baseline,,0.821393704361398,0.821393704361398,82.1393704361398,0.8188224327262186,"{""C"": 10.0, ""gamma"": ""scale"", ""kernel"": ""rbf""}",0.192,ok,,svm,vehicle,676,170,18,4,n_support_vectors,381.0,size,7241.0,,,,,
vehicle,2006,9,svm,imported_baseline,,0.8413580246913579,0.8413580246913579,84.1358024691358,0.802549146287569,"{""C"": 10.0, ""gamma"": ""scale"", ""kernel"": ""rbf""}",0.191,ok,,svm,vehicle,676,170,18,4,n_support_vectors,379.0,size,7203.0,,,,,
vehicle,2007,10,svm,imported_baseline,,0.8783623907253952,0.8783623907253952,87.83623907253953,0.8127629305743541,"{""C"": 10.0, ""gamma"": ""scale"", ""kernel"": ""rbf""}",0.2,ok,,svm,vehicle,676,170,18,4,n_support_vectors,392.0,size,7450.0,,,,,
vehicle,1998,1,xgboost,imported_baseline,,0.778678691249155,0.778678691249155,77.8678691249155,0.760269712469455,"{""colsample_bytree"": 0.8, ""learning_rate"": 0.1, ""max_depth"": 3, ""n_estimators"": 200, ""reg_alpha"": 0, ""reg_lambda"": 1e-05, ""scale_pos_weight"": 1, ""subsample"": 0.8}",2.756,ok,,xgboost,vehicle,676,170,18,4,n_estimators,200.0,max_depth,3.0,,,,,
vehicle,1999,2,xgboost,imported_baseline,,0.7577798831072796,0.7577798831072796,75.77798831072796,0.7712229336948464,"{""colsample_bytree"": 0.8, ""learning_rate"": 0.05, ""max_depth"": 3, ""n_estimators"": 200, ""reg_alpha"": 0, ""reg_lambda"": 1e-05, ""scale_pos_weight"": 1, ""subsample"": 0.8}",2.206,ok,,xgboost,vehicle,676,170,18,4,n_estimators,200.0,max_depth,3.0,,,,,
vehicle,2000,3,xgboost,imported_baseline,,0.7891036814514567,0.7891036814514567,78.91036814514567,0.7666316693031097,"{""colsample_bytree"": 0.8, ""learning_rate"": 0.1, ""max_depth"": 5, ""n_estimators"": 200, ""reg_alpha"": 0, ""reg_lambda"": 1e-05, ""scale_pos_weight"": 1, ""subsample"": 0.8}",2.246,ok,,xgboost,vehicle,676,170,18,4,n_estimators,200.0,max_depth,5.0,,,,,
vehicle,2001,4,xgboost,imported_baseline,,0.7547220723986634,0.7547220723986634,75.47220723986634,0.7599253845972012,"{""colsample_bytree"": 0.8, ""learning_rate"": 0.1, ""max_depth"": 5, ""n_estimators"": 200, ""reg_alpha"": 0, ""reg_lambda"": 1e-05, ""scale_pos_weight"": 1, ""subsample"": 0.8}",2.251,ok,,xgboost,vehicle,676,170,18,4,n_estimators,200.0,max_depth,5.0,,,,,
vehicle,2002,5,xgboost,imported_baseline,,0.7869880194177383,0.7869880194177383,78.69880194177384,0.7530971637243491,"{""colsample_bytree"": 0.8, ""learning_rate"": 0.1, ""max_depth"": 5, ""n_estimators"": 100, ""reg_alpha"": 0, ""reg_lambda"": 1e-05, ""scale_pos_weight"": 1, ""subsample"": 0.8}",2.046,ok,,xgboost,vehicle,676,170,18,4,n_estimators,100.0,max_depth,5.0,,,,,
vehicle,2003,6,xgboost,imported_baseline,,0.7717584902177925,0.7717584902177925,77.17584902177926,0.7701555406445774,"{""colsample_bytree"": 0.8, ""learning_rate"": 0.1, ""max_depth"": 3, ""n_estimators"": 200, ""reg_alpha"": 0, ""reg_lambda"": 1e-05, ""scale_pos_weight"": 1, ""subsample"": 0.8}",2.089,ok,,xgboost,vehicle,676,170,18,4,n_estimators,200.0,max_depth,3.0,,,,,
vehicle,2004,7,xgboost,imported_baseline,,0.7883423046251994,0.7883423046251994,78.83423046251994,0.7554443074444265,"{""colsample_bytree"": 0.8, ""learning_rate"": 0.1, ""max_depth"": 3, ""n_estimators"": 100, ""reg_alpha"": 0, ""reg_lambda"": 1e-05, ""scale_pos_weight"": 1, ""subsample"": 0.8}",1.885,ok,,xgboost,vehicle,676,170,18,4,n_estimators,100.0,max_depth,3.0,,,,,
vehicle,2005,8,xgboost,imported_baseline,,0.7973569716213739,0.7973569716213739,79.73569716213738,0.7597244114303077,"{""colsample_bytree"": 0.8, ""learning_rate"": 0.1, ""max_depth"": 3, ""n_estimators"": 200, ""reg_alpha"": 0, ""reg_lambda"": 1e-05, ""scale_pos_weight"": 1, ""subsample"": 0.8}",2.158,ok,,xgboost,vehicle,676,170,18,4,n_estimators,200.0,max_depth,3.0,,,,,
vehicle,2006,9,xgboost,imported_baseline,,0.7920172262082036,0.7920172262082036,79.20172262082036,0.7739227197378937,"{""colsample_bytree"": 0.8, ""learning_rate"": 0.1, ""max_depth"": 5, ""n_estimators"": 200, ""reg_alpha"": 0, ""reg_lambda"": 1e-05, ""scale_pos_weight"": 1, ""subsample"": 0.8}",2.292,ok,,xgboost,vehicle,676,170,18,4,n_estimators,200.0,max_depth,5.0,,,,,
vehicle,2007,10,xgboost,imported_baseline,,0.8078792681267436,0.8078792681267436,80.78792681267436,0.7843576889794968,"{""colsample_bytree"": 0.8, ""learning_rate"": 0.1, ""max_depth"": 3, ""n_estimators"": 200, ""reg_alpha"": 0, ""reg_lambda"": 1e-05, ""scale_pos_weight"": 1, ""subsample"": 0.8}",2.159,ok,,xgboost,vehicle,676,170,18,4,n_estimators,200.0,max_depth,3.0,,,,,
page_blocks,1998,1,decision_tree,imported_baseline,,0.8335789100791506,0.8335789100791506,83.35789100791506,0.815721144113296,"{""max_depth"": null, ""max_features"": null, ""min_impurity_decrease"": 0.0, ""min_samples_leaf"": 1, ""min_samples_split"": 2}",0.185,ok,,decision_tree,page_blocks,4378,1095,10,5,configured_max_depth,,max_path_features,10.0,avg_path_features,9.219178082191782,,,
page_blocks,1999,2,decision_tree,imported_baseline,,0.745527001220309,0.745527001220309,74.5527001220309,0.8220735759193231,"{""max_depth"": 10, ""max_features"": null, ""min_impurity_decrease"": 0.0, ""min_samples_leaf"": 2, ""min_samples_split"": 5}",0.187,ok,,decision_tree,page_blocks,4378,1095,10,5,configured_max_depth,10.0,max_path_features,8.0,avg_path_features,5.890410958904109,,,
page_blocks,2000,3,decision_tree,imported_baseline,,0.8506911173611783,0.8506911173611783,85.06911173611783,0.8012099063385743,"{""max_depth"": null, ""max_features"": null, ""min_impurity_decrease"": 0.0, ""min_samples_leaf"": 1, ""min_samples_split"": 2}",0.203,ok,,decision_tree,page_blocks,4378,1095,10,5,configured_max_depth,,max_path_features,10.0,avg_path_features,9.089497716894977,,,
page_blocks,2001,4,decision_tree,imported_baseline,,0.8368017457076149,0.8368017457076149,83.6801745707615,0.8037793111764568,"{""max_depth"": null, ""max_features"": null, ""min_impurity_decrease"": 0.0, ""min_samples_leaf"": 2, ""min_samples_split"": 2}",0.194,ok,,decision_tree,page_blocks,4378,1095,10,5,configured_max_depth,,max_path_features,9.0,avg_path_features,8.31324200913242,,,
page_blocks,2002,5,decision_tree,imported_baseline,,0.8422641530163677,0.8422641530163677,84.22641530163676,0.8238566623288796,"{""max_depth"": null, ""max_features"": null, ""min_impurity_decrease"": 0.0, ""min_samples_leaf"": 1, ""min_samples_split"": 2}",0.197,ok,,decision_tree,page_blocks,4378,1095,10,5,configured_max_depth,,max_path_features,9.0,avg_path_features,7.50593607305936,,,
page_blocks,2003,6,decision_tree,imported_baseline,,0.7959601738861399,0.7959601738861399,79.59601738861399,0.8127328408219017,"{""max_depth"": 10, ""max_features"": null, ""min_impurity_decrease"": 0.0, ""min_samples_leaf"": 1, ""min_samples_split"": 2}",0.182,ok,,decision_tree,page_blocks,4378,1095,10,5,configured_max_depth,10.0,max_path_features,8.0,avg_path_features,5.848401826484018,,,
page_blocks,2004,7,decision_tree,imported_baseline,,0.8255819215639534,0.8255819215639534,82.55819215639534,0.7908680803890994,"{""max_depth"": null, ""max_features"": ""sqrt"", ""min_impurity_decrease"": 0.0, ""min_samples_leaf"": 1, ""min_samples_split"": 2}",0.183,ok,,decision_tree,page_blocks,4378,1095,10,5,configured_max_depth,,max_path_features,10.0,avg_path_features,7.715981735159818,,,
page_blocks,2005,8,decision_tree,imported_baseline,,0.8538687117017906,0.8538687117017906,85.38687117017906,0.8236698360805492,"{""max_depth"": 10, ""max_features"": null, ""min_impurity_decrease"": 0.0, ""min_samples_leaf"": 1, ""min_samples_split"": 2}",0.198,ok,,decision_tree,page_blocks,4378,1095,10,5,configured_max_depth,10.0,max_path_features,7.0,avg_path_features,5.808219178082192,,,
page_blocks,2006,9,decision_tree,imported_baseline,,0.763133325008325,0.763133325008325,76.3133325008325,0.8486442596157154,"{""max_depth"": 10, ""max_features"": null, ""min_impurity_decrease"": 0.0, ""min_samples_leaf"": 2, ""min_samples_split"": 5}",0.199,ok,,decision_tree,page_blocks,4378,1095,10,5,configured_max_depth,10.0,max_path_features,7.0,avg_path_features,5.7954337899543376,,,
page_blocks,2007,10,decision_tree,imported_baseline,,0.8096022659220969,0.8096022659220969,80.9602265922097,0.8206661280774246,"{""max_depth"": 10, ""max_features"": null, ""min_impurity_decrease"": 0.0, ""min_samples_leaf"": 1, ""min_samples_split"": 2}",0.206,ok,,decision_tree,page_blocks,4378,1095,10,5,configured_max_depth,10.0,max_path_features,8.0,avg_path_features,6.66027397260274,,,
page_blocks,1998,1,fcalc_deterministic,imported_baseline,,0.6563345432966491,0.6563345432966491,65.63345432966491,0.5905419835237306,"{""cv_f1"": 0.5905419835237306, ""family"": ""proximity"", ""method"": ""proximity""}",29114.46,ok,,fcalc,page_blocks,4378,1095,10,5,size,43780.0,,,,,,,
page_blocks,1999,2,fcalc_deterministic,imported_baseline,,0.6131286294804914,0.6131286294804914,61.31286294804914,0.615307398002117,"{""cv_f1"": 0.615307398002117, ""family"": ""proximity"", ""method"": ""proximity""}",29093.77,ok,,fcalc,page_blocks,4378,1095,10,5,size,43780.0,,,,,,,
page_blocks,2000,3,fcalc_deterministic,imported_baseline,,0.6880866279604361,0.6880866279604361,68.8086627960436,0.6139460913377077,"{""cv_f1"": 0.6139460913377077, ""family"": ""proximity"", ""method"": ""proximity""}",29079.953,ok,,fcalc,page_blocks,4378,1095,10,5,size,43780.0,,,,,,,
page_blocks,2001,4,fcalc_deterministic,imported_baseline,,0.6427821061194218,0.6427821061194218,64.27821061194217,0.5966922031344517,"{""cv_f1"": 0.5966922031344517, ""family"": ""proximity"", ""method"": ""proximity""}",29557.656,ok,,fcalc,page_blocks,4378,1095,10,5,size,43780.0,,,,,,,
page_blocks,2002,5,fcalc_deterministic,imported_baseline,,0.6580275492353432,0.6580275492353432,65.80275492353432,0.5782002096281962,"{""cv_f1"": 0.5782002096281962, ""family"": ""proximity"", ""method"": ""proximity""}",29860.889,ok,,fcalc,page_blocks,4378,1095,10,5,size,43780.0,,,,,,,
page_blocks,2003,6,fcalc_deterministic,imported_baseline,,0.6459551282051282,0.6459551282051282,64.59551282051282,0.5840268787318075,"{""cv_f1"": 0.5840268787318075, ""family"": ""proximity"", ""method"": ""proximity""}",29182.763,ok,,fcalc,page_blocks,4378,1095,10,5,size,43780.0,,,,,,,
page_blocks,2004,7,fcalc_deterministic,imported_baseline,,0.5963413874618504,0.5963413874618504,59.63413874618504,0.6204432260355051,"{""cv_f1"": 0.6204432260355051, ""family"": ""proximity"", ""method"": ""proximity""}",28936.206,ok,,fcalc,page_blocks,4378,1095,10,5,size,43780.0,,,,,,,
page_blocks,2005,8,fcalc_deterministic,imported_baseline,,0.6549131652661064,0.6549131652661064,65.49131652661065,0.6264931163877161,"{""cv_f1"": 0.6264931163877161, ""family"": ""proximity"", ""method"": ""proximity""}",29116.119,ok,,fcalc,page_blocks,4378,1095,10,5,size,43780.0,,,,,,,
page_blocks,2006,9,fcalc_deterministic,imported_baseline,,0.4844527512317988,0.4844527512317988,48.44527512317988,0.6016758447493359,"{""cv_f1"": 0.6016758447493359, ""family"": ""proximity"", ""method"": ""proximity-non-falsified""}",29096.896,ok,,fcalc,page_blocks,4378,1095,10,5,size,43780.0,,,,,,,
page_blocks,2007,10,fcalc_deterministic,imported_baseline,,0.4749488419251816,0.4749488419251816,47.49488419251816,0.6304923547053252,"{""cv_f1"": 0.6304923547053252, ""family"": ""proximity"", ""method"": ""proximity""}",29096.131,ok,,fcalc,page_blocks,4378,1095,10,5,size,43780.0,,,,,,,
page_blocks,1998,1,fcalc_randomized,imported_baseline,,0.5762613294868516,0.5762613294868516,57.62613294868516,0.6182540617816871,"{""cv_f1"": 0.6182540617816871, ""family"": ""proximity"", ""method"": ""proximity"", ""num_iters"": 10, ""subsample_size"": 1}",2498.54,ok,,fcalc_rand,page_blocks,4378,1095,10,5,size,500.0,num_iters,10.0,,,,,
page_blocks,1999,2,fcalc_randomized,imported_baseline,,0.6224537777304008,0.6224537777304008,62.24537777304008,0.6354304236891835,"{""cv_f1"": 0.6354304236891835, ""family"": ""proximity"", ""method"": ""proximity"", ""num_iters"": 50, ""subsample_size"": 1}",2517.955,ok,,fcalc_rand,page_blocks,4378,1095,10,5,size,2500.0,num_iters,50.0,,,,,
page_blocks,2000,3,fcalc_randomized,imported_baseline,,0.6129807534712393,0.6129807534712393,61.29807534712393,0.6125459722406769,"{""cv_f1"": 0.6125459722406769, ""family"": ""proximity"", ""method"": ""proximity"", ""num_iters"": 20, ""subsample_size"": 1}",2515.602,ok,,fcalc_rand,page_blocks,4378,1095,10,5,size,1000.0,num_iters,20.0,,,,,
page_blocks,2001,4,fcalc_randomized,imported_baseline,,0.6769572592101476,0.6769572592101476,67.69572592101476,0.5961039743794181,"{""cv_f1"": 0.5961039743794181, ""family"": ""proximity"", ""method"": ""proximity"", ""num_iters"": 50, ""subsample_size"": 1}",2522.989,ok,,fcalc_rand,page_blocks,4378,1095,10,5,size,2500.0,num_iters,50.0,,,,,
page_blocks,2002,5,fcalc_randomized,imported_baseline,,0.609687798389035,0.609687798389035,60.9687798389035,0.5803231897534222,"{""cv_f1"": 0.5803231897534222, ""family"": ""proximity"", ""method"": ""proximity"", ""num_iters"": 40, ""subsample_size"": 1}",2509.315,ok,,fcalc_rand,page_blocks,4378,1095,10,5,size,2000.0,num_iters,40.0,,,,,
page_blocks,2003,6,fcalc_randomized,imported_baseline,,0.7430928526955017,0.7430928526955017,74.30928526955017,0.6184288650147776,"{""cv_f1"": 0.6184288650147776, ""family"": ""proximity"", ""method"": ""proximity"", ""num_iters"": 20, ""subsample_size"": 1}",2504.415,ok,,fcalc_rand,page_blocks,4378,1095,10,5,size,1000.0,num_iters,20.0,,,,,
page_blocks,2004,7,fcalc_randomized,imported_baseline,,0.6712479162136696,0.6712479162136696,67.12479162136697,0.6268451473918955,"{""cv_f1"": 0.6268451473918955, ""family"": ""proximity"", ""method"": ""proximity"", ""num_iters"": 40, ""subsample_size"": 1}",2520.784,ok,,fcalc_rand,page_blocks,4378,1095,10,5,size,2000.0,num_iters,40.0,,,,,
page_blocks,2005,8,fcalc_randomized,imported_baseline,,0.6634231840289961,0.6634231840289961,66.34231840289961,0.6367659632821028,"{""cv_f1"": 0.6367659632821028, ""family"": ""proximity"", ""method"": ""proximity"", ""num_iters"": 40, ""subsample_size"": 1}",2507.9,ok,,fcalc_rand,page_blocks,4378,1095,10,5,size,2000.0,num_iters,40.0,,,,,
page_blocks,2006,9,fcalc_randomized,imported_baseline,,0.5155730810490969,0.5155730810490969,51.557308104909694,0.6203813706254604,"{""cv_f1"": 0.6203813706254604, ""family"": ""proximity"", ""method"": ""proximity-non-falsified"", ""num_iters"": 50, ""subsample_size"": 2}",2528.583,ok,,fcalc_rand,page_blocks,4378,1095,10,5,size,2500.0,num_iters,50.0,,,,,
page_blocks,2007,10,fcalc_randomized,imported_baseline,,0.5843546443475126,0.5843546443475126,58.43546443475126,0.6246771795531041,"{""cv_f1"": 0.6246771795531041, ""family"": ""proximity"", ""method"": ""proximity"", ""num_iters"": 50, ""subsample_size"": 1}",2524.361,ok,,fcalc_rand,page_blocks,4378,1095,10,5,size,2500.0,num_iters,50.0,,,,,
page_blocks,1998,1,ips_knn,imported_baseline,,0.8140152559307919,0.8140152559307919,81.4015255930792,0.8049757588088612,"{""k"": 8}",131.219,ok,,ips_knn,page_blocks,4378,1095,10,5,avg_rrc_size,5.435616438356164,max_rrc_size,10.0,,,5.435616438356164,10.0,0.5435616438356164
page_blocks,1999,2,ips_knn,imported_baseline,,0.8481975633074506,0.8481975633074506,84.81975633074505,0.8167255187708946,"{""k"": 2}",130.296,ok,,ips_knn,page_blocks,4378,1095,10,5,avg_rrc_size,5.364383561643836,max_rrc_size,10.0,,,5.364383561643836,10.0,0.5364383561643835
page_blocks,2000,3,ips_knn,imported_baseline,,0.861801470873574,0.861801470873574,86.1801470873574,0.8119231695776105,"{""k"": 5}",130.11,ok,,ips_knn,page_blocks,4378,1095,10,5,avg_rrc_size,5.387214611872146,max_rrc_size,10.0,,,5.387214611872146,10.0,0.5387214611872146
page_blocks,2001,4,ips_knn,imported_baseline,,0.8183804564874284,0.8183804564874284,81.83804564874283,0.8171177005622428,"{""k"": 3}",129.97,ok,,ips_knn,page_blocks,4378,1095,10,5,avg_rrc_size,5.333333333333333,max_rrc_size,10.0,,,5.333333333333333,10.0,0.5333333333333333
page_blocks,2002,5,ips_knn,imported_baseline,,0.8458076146737478,0.8458076146737478,84.58076146737477,0.8361084637206362,"{""k"": 2}",130.144,ok,,ips_knn,page_blocks,4378,1095,10,5,avg_rrc_size,5.319634703196347,max_rrc_size,9.0,,,5.319634703196347,9.0,0.5319634703196348
page_blocks,2003,6,ips_knn,imported_baseline,,0.8594993252361673,0.8594993252361673,85.94993252361674,0.8341283310648266,"{""k"": 3}",130.252,ok,,ips_knn,page_blocks,4378,1095,10,5,avg_rrc_size,5.3342465753424655,max_rrc_size,10.0,,,5.3342465753424655,10.0,0.5334246575342465
page_blocks,2004,7,ips_knn,imported_baseline,,0.8655970345186657,0.8655970345186657,86.55970345186657,0.8262005200272509,"{""k"": 3}",131.357,ok,,ips_knn,page_blocks,4378,1095,10,5,avg_rrc_size,5.355251141552511,max_rrc_size,10.0,,,5.355251141552511,10.0,0.5355251141552511
page_blocks,2005,8,ips_knn,imported_baseline,,0.7915013933434986,0.7915013933434986,79.15013933434986,0.8134781473783026,"{""k"": 4}",130.019,ok,,ips_knn,page_blocks,4378,1095,10,5,avg_rrc_size,5.384474885844749,max_rrc_size,10.0,,,5.384474885844749,10.0,0.5384474885844749
page_blocks,2006,9,ips_knn,imported_baseline,,0.8125681591927236,0.8125681591927236,81.25681591927236,0.8280584375010328,"{""k"": 3}",130.419,ok,,ips_knn,page_blocks,4378,1095,10,5,avg_rrc_size,5.315981735159817,max_rrc_size,10.0,,,5.315981735159817,10.0,0.5315981735159817
page_blocks,2007,10,ips_knn,imported_baseline,,0.8190025425700009,0.8190025425700009,81.9002542570001,0.8397424581667652,"{""k"": 1}",130.013,ok,,ips_knn,page_blocks,4378,1095,10,5,avg_rrc_size,5.370776255707763,max_rrc_size,10.0,,,5.370776255707763,10.0,0.5370776255707763
page_blocks,1998,1,knn,imported_baseline,,0.8349580948806956,0.8349580948806956,83.49580948806957,0.8009637623800747,"{""n_neighbors"": 3, ""weights"": ""distance""}",2.678,ok,,knn,page_blocks,4378,1095,10,5,size,30.0,,,,,,,
page_blocks,1999,2,knn,imported_baseline,,0.8690484177900748,0.8690484177900748,86.90484177900748,0.8110286678190132,"{""n_neighbors"": 3, ""weights"": ""uniform""}",2.689,ok,,knn,page_blocks,4378,1095,10,5,size,30.0,,,,,,,
page_blocks,2000,3,knn,imported_baseline,,0.9052131920040892,0.9052131920040892,90.52131920040893,0.8051494376691899,"{""n_neighbors"": 4, ""weights"": ""distance""}",2.662,ok,,knn,page_blocks,4378,1095,10,5,size,40.0,,,,,,,
page_blocks,2001,4,knn,imported_baseline,,0.8205068881024937,0.8205068881024937,82.05068881024937,0.8163626304567669,"{""n_neighbors"": 5, ""weights"": ""distance""}",2.734,ok,,knn,page_blocks,4378,1095,10,5,size,50.0,,,,,,,
page_blocks,2002,5,knn,imported_baseline,,0.8356587120294942,0.8356587120294942,83.56587120294941,0.8348426381773079,"{""n_neighbors"": 2, ""weights"": ""distance""}",2.64,ok,,knn,page_blocks,4378,1095,10,5,size,20.0,,,,,,,
page_blocks,2003,6,knn,imported_baseline,,0.8594993252361673,0.8594993252361673,85.94993252361674,0.8342171269266693,"{""n_neighbors"": 3, ""weights"": ""distance""}",2.638,ok,,knn,page_blocks,4378,1095,10,5,size,30.0,,,,,,,
page_blocks,2004,7,knn,imported_baseline,,0.8488103607723216,0.8488103607723216,84.88103607723217,0.826961681063765,"{""n_neighbors"": 3, ""weights"": ""uniform""}",2.623,ok,,knn,page_blocks,4378,1095,10,5,size,30.0,,,,,,,
page_blocks,2005,8,knn,imported_baseline,,0.782253490148227,0.782253490148227,78.2253490148227,0.8219668243814254,"{""n_neighbors"": 3, ""weights"": ""distance""}",2.56,ok,,knn,page_blocks,4378,1095,10,5,size,30.0,,,,,,,
page_blocks,2006,9,knn,imported_baseline,,0.8226058106169297,0.8226058106169297,82.26058106169297,0.821932509593554,"{""n_neighbors"": 3, ""weights"": ""distance""}",2.477,ok,,knn,page_blocks,4378,1095,10,5,size,30.0,,,,,,,
page_blocks,2007,10,knn,imported_baseline,,0.8204767676767677,0.8204767676767677,82.04767676767676,0.8398993045409563,"{""n_neighbors"": 2, ""weights"": ""distance""}",2.787,ok,,knn,page_blocks,4378,1095,10,5,size,20.0,,,,,,,
page_blocks,1998,1,logistic_regression,imported_baseline,,0.8241084997580467,0.8241084997580467,82.41084997580467,0.7824970489128502,"{""C"": 10, ""penalty"": ""l2"", ""solver"": ""lbfgs""}",8.944,ok,,logistic_regression,page_blocks,4378,1095,10,5,size,11.0,,,,,,,
page_blocks,1999,2,logistic_regression,imported_baseline,,0.8031825357185657,0.8031825357185657,80.31825357185657,0.7886179985858683,"{""C"": 1000, ""penalty"": ""l2"", ""solver"": ""lbfgs""}",8.403,ok,,logistic_regression,page_blocks,4378,1095,10,5,size,11.0,,,,,,,
page_blocks,2000,3,logistic_regression,imported_baseline,,0.8316738816738816,0.8316738816738816,83.16738816738815,0.7792912875382965,"{""C"": 1, ""penalty"": ""l2"", ""solver"": ""lbfgs""}",6.482,ok,,logistic_regression,page_blocks,4378,1095,10,5,size,11.0,,,,,,,
page_blocks,2001,4,logistic_regression,imported_baseline,,0.8246848333211615,0.8246848333211615,82.46848333211615,0.800088504797355,"{""C"": 100, ""penalty"": ""l2"", ""solver"": ""lbfgs""}",8.662,ok,,logistic_regression,page_blocks,4378,1095,10,5,size,11.0,,,,,,,
page_blocks,2002,5,logistic_regression,imported_baseline,,0.8053888471163384,0.8053888471163384,80.53888471163384,0.8043279125491406,"{""C"": 100, ""penalty"": ""l2"", ""solver"": ""lbfgs""}",13.966,ok,,logistic_regression,page_blocks,4378,1095,10,5,size,11.0,,,,,,,
page_blocks,2003,6,logistic_regression,imported_baseline,,0.8173131940604732,0.8173131940604732,81.73131940604732,0.7670341095899756,"{""C"": 10000, ""penalty"": ""l2"", ""solver"": ""lbfgs""}",8.638,ok,,logistic_regression,page_blocks,4378,1095,10,5,size,11.0,,,,,,,
page_blocks,2004,7,logistic_regression,imported_baseline,,0.8691074080463075,0.8691074080463075,86.91074080463075,0.7848589192320341,"{""C"": 10000, ""penalty"": ""l2"", ""solver"": ""lbfgs""}",7.919,ok,,logistic_regression,page_blocks,4378,1095,10,5,size,11.0,,,,,,,
page_blocks,2005,8,logistic_regression,imported_baseline,,0.8368888729346059,0.8368888729346059,83.6888872934606,0.7864751186062184,"{""C"": 1000, ""penalty"": ""l2"", ""solver"": ""lbfgs""}",8.285,ok,,logistic_regression,page_blocks,4378,1095,10,5,size,11.0,,,,,,,
page_blocks,2006,9,logistic_regression,imported_baseline,,0.7419786296097928,0.7419786296097928,74.19786296097928,0.8130042097007726,"{""C"": 10, ""penalty"": ""l2"", ""solver"": ""lbfgs""}",14.637,ok,,logistic_regression,page_blocks,4378,1095,10,5,size,11.0,,,,,,,
page_blocks,2007,10,logistic_regression,imported_baseline,,0.7505531561677238,0.7505531561677238,75.05531561677238,0.7896204309981314,"{""C"": 1000, ""penalty"": ""l2"", ""solver"": ""lbfgs""}",7.69,ok,,logistic_regression,page_blocks,4378,1095,10,5,size,11.0,,,,,,,
page_blocks,1998,1,naive_bayes,imported_baseline,,0.5547195457950355,0.5547195457950355,55.471954579503546,0.5866090571948759,"{""var_smoothing"": 1e-09}",0.028,ok,,naive_bayes,page_blocks,4378,1095,10,5,size,42.0,,,,,,,
page_blocks,1999,2,naive_bayes,imported_baseline,,0.4952335230891676,0.4952335230891676,49.52335230891676,0.5934147800471951,"{""var_smoothing"": 1e-09}",0.032,ok,,naive_bayes,page_blocks,4378,1095,10,5,size,42.0,,,,,,,
page_blocks,2000,3,naive_bayes,imported_baseline,,0.5811200607536684,0.5811200607536684,58.11200607536684,0.5754749114147978,"{""var_smoothing"": 1e-09}",0.028,ok,,naive_bayes,page_blocks,4378,1095,10,5,size,42.0,,,,,,,
page_blocks,2001,4,naive_bayes,imported_baseline,,0.646779822767553,0.646779822767553,64.6779822767553,0.571451713330681,"{""var_smoothing"": 1e-09}",0.027,ok,,naive_bayes,page_blocks,4378,1095,10,5,size,42.0,,,,,,,
page_blocks,2002,5,naive_bayes,imported_baseline,,0.5739980084292656,0.5739980084292656,57.39980084292656,0.532007836477846,"{""var_smoothing"": 1e-09}",0.029,ok,,naive_bayes,page_blocks,4378,1095,10,5,size,42.0,,,,,,,
page_blocks,2003,6,naive_bayes,imported_baseline,,0.5466529622845397,0.5466529622845397,54.665296228453975,0.5873980960319958,"{""var_smoothing"": 1e-09}",0.026,ok,,naive_bayes,page_blocks,4378,1095,10,5,size,42.0,,,,,,,
page_blocks,2004,7,naive_bayes,imported_baseline,,0.6334327155644768,0.6334327155644768,63.34327155644768,0.5724720310280096,"{""var_smoothing"": 1e-09}",0.025,ok,,naive_bayes,page_blocks,4378,1095,10,5,size,42.0,,,,,,,
page_blocks,2005,8,naive_bayes,imported_baseline,,0.6036959465339622,0.6036959465339622,60.36959465339622,0.6075244310071595,"{""var_smoothing"": 1e-09}",0.03,ok,,naive_bayes,page_blocks,4378,1095,10,5,size,42.0,,,,,,,
page_blocks,2006,9,naive_bayes,imported_baseline,,0.496880113343942,0.496880113343942,49.68801133439421,0.5608339654630983,"{""var_smoothing"": 1e-09}",0.028,ok,,naive_bayes,page_blocks,4378,1095,10,5,size,42.0,,,,,,,
page_blocks,2007,10,naive_bayes,imported_baseline,,0.4766564512483673,0.4766564512483673,47.66564512483673,0.5761495328968109,"{""var_smoothing"": 1e-09}",0.028,ok,,naive_bayes,page_blocks,4378,1095,10,5,size,42.0,,,,,,,
page_blocks,1998,1,random_forest,imported_baseline,,0.855483035654572,0.855483035654572,85.54830356545719,0.8599818812262402,"{""bootstrap"": true, ""max_depth"": 20, ""max_features"": null, ""min_impurity_decrease"": 0.0, ""min_samples_leaf"": 2, ""min_samples_split"": 2, ""n_estimators"": 100}",33.255,ok,,random_forest,page_blocks,4378,1095,10,5,n_estimators,100.0,max_depth,20.0,,,,,
page_blocks,1999,2,random_forest,imported_baseline,,0.8623305779734342,0.8623305779734342,86.23305779734342,0.8579680137197094,"{""bootstrap"": true, ""max_depth"": 20, ""max_features"": ""sqrt"", ""min_impurity_decrease"": 0.0, ""min_samples_leaf"": 1, ""min_samples_split"": 2, ""n_estimators"": 300}",34.109,ok,,random_forest,page_blocks,4378,1095,10,5,n_estimators,300.0,max_depth,20.0,,,,,
page_blocks,2000,3,random_forest,imported_baseline,,0.8850282150720851,0.8850282150720851,88.50282150720851,0.86011476704846,"{""bootstrap"": true, ""max_depth"": 20, ""max_features"": ""sqrt"", ""min_impurity_decrease"": 0.0, ""min_samples_leaf"": 1, ""min_samples_split"": 2, ""n_estimators"": 100}",34.008,ok,,random_forest,page_blocks,4378,1095,10,5,n_estimators,100.0,max_depth,20.0,,,,,
page_blocks,2001,4,random_forest,imported_baseline,,0.8678730626099048,0.8678730626099048,86.78730626099048,0.8625324187735874,"{""bootstrap"": true, ""max_depth"": 20, ""max_features"": null, ""min_impurity_decrease"": 0.0, ""min_samples_leaf"": 2, ""min_samples_split"": 2, ""n_estimators"": 100}",34.759,ok,,random_forest,page_blocks,4378,1095,10,5,n_estimators,100.0,max_depth,20.0,,,,,
page_blocks,2002,5,random_forest,imported_baseline,,0.8926419878179368,0.8926419878179368,89.26419878179368,0.8630975463357089,"{""bootstrap"": true, ""max_depth"": 20, ""max_features"": null, ""min_impurity_decrease"": 0.0, ""min_samples_leaf"": 2, ""min_samples_split"": 5, ""n_estimators"": 100}",34.908,ok,,random_forest,page_blocks,4378,1095,10,5,n_estimators,100.0,max_depth,20.0,,,,,
page_blocks,2003,6,random_forest,imported_baseline,,0.8646104143580541,0.8646104143580541,86.46104143580541,0.8535342451440837,"{""bootstrap"": true, ""max_depth"": 20, ""max_features"": null, ""min_impurity_decrease"": 0.0, ""min_samples_leaf"": 1, ""min_samples_split"": 2, ""n_estimators"": 100}",35.179,ok,,random_forest,page_blocks,4378,1095,10,5,n_estimators,100.0,max_depth,20.0,,,,,
page_blocks,2004,7,random_forest,imported_baseline,,0.9033175609919796,0.9033175609919796,90.33175609919796,0.8525307497131326,"{""bootstrap"": true, ""max_depth"": 20, ""max_features"": null, ""min_impurity_decrease"": 0.0, ""min_samples_leaf"": 2, ""min_samples_split"": 5, ""n_estimators"": 100}",34.683,ok,,random_forest,page_blocks,4378,1095,10,5,n_estimators,100.0,max_depth,20.0,,,,,
page_blocks,2005,8,random_forest,imported_baseline,,0.8577364784635023,0.8577364784635023,85.77364784635023,0.8607124931612183,"{""bootstrap"": true, ""max_depth"": 20, ""max_features"": null, ""min_impurity_decrease"": 0.0, ""min_samples_leaf"": 2, ""min_samples_split"": 5, ""n_estimators"": 100}",35.031,ok,,random_forest,page_blocks,4378,1095,10,5,n_estimators,100.0,max_depth,20.0,,,,,
page_blocks,2006,9,random_forest,imported_baseline,,0.8389355807195884,0.8389355807195884,83.89355807195884,0.8687843630017371,"{""bootstrap"": true, ""max_depth"": 20, ""max_features"": ""sqrt"", ""min_impurity_decrease"": 0.0, ""min_samples_leaf"": 2, ""min_samples_split"": 2, ""n_estimators"": 300}",35.0,ok,,random_forest,page_blocks,4378,1095,10,5,n_estimators,300.0,max_depth,20.0,,,,,
page_blocks,2007,10,random_forest,imported_baseline,,0.8580607825906107,0.8580607825906107,85.80607825906107,0.8695945053117191,"{""bootstrap"": true, ""max_depth"": 10, ""max_features"": null, ""min_impurity_decrease"": 0.0, ""min_samples_leaf"": 2, ""min_samples_split"": 5, ""n_estimators"": 300}",36.079,ok,,random_forest,page_blocks,4378,1095,10,5,n_estimators,300.0,max_depth,10.0,,,,,
page_blocks,1998,1,svm,imported_baseline,,0.7451153163283352,0.7451153163283352,74.51153163283351,0.7588785095986789,"{""C"": 1.0, ""gamma"": ""scale"", ""kernel"": ""linear""}",0.325,ok,,svm,page_blocks,4378,1095,10,5,size,11.0,,,,,,,
page_blocks,1999,2,svm,imported_baseline,,0.8019578357658853,0.8019578357658853,80.19578357658852,0.7663447388055977,"{""C"": 10.0, ""gamma"": ""scale"", ""kernel"": ""linear""}",0.337,ok,,svm,page_blocks,4378,1095,10,5,size,11.0,,,,,,,
page_blocks,2000,3,svm,imported_baseline,,0.8031294041364317,0.8031294041364317,80.31294041364318,0.7684940299119344,"{""C"": 10.0, ""gamma"": ""scale"", ""kernel"": ""linear""}",0.37,ok,,svm,page_blocks,4378,1095,10,5,size,11.0,,,,,,,
page_blocks,2001,4,svm,imported_baseline,,0.7583666958722721,0.7583666958722721,75.8366695872272,0.7699629934309056,"{""C"": 10.0, ""gamma"": ""scale"", ""kernel"": ""linear""}",0.345,ok,,svm,page_blocks,4378,1095,10,5,size,11.0,,,,,,,
page_blocks,2002,5,svm,imported_baseline,,0.8383350159851928,0.8383350159851928,83.83350159851928,0.7656140886669243,"{""C"": 1.0, ""gamma"": ""scale"", ""kernel"": ""linear""}",0.308,ok,,svm,page_blocks,4378,1095,10,5,size,11.0,,,,,,,
page_blocks,2003,6,svm,imported_baseline,,0.7986340972805224,0.7986340972805224,79.86340972805223,0.7608378335790981,"{""C"": 1.0, ""gamma"": ""scale"", ""kernel"": ""linear""}",0.318,ok,,svm,page_blocks,4378,1095,10,5,size,11.0,,,,,,,
page_blocks,2004,7,svm,imported_baseline,,0.8058515590164902,0.8058515590164902,80.58515590164902,0.7545184016882973,"{""C"": 10.0, ""gamma"": ""scale"", ""kernel"": ""linear""}",0.337,ok,,svm,page_blocks,4378,1095,10,5,size,11.0,,,,,,,
page_blocks,2005,8,svm,imported_baseline,,0.7400206796333557,0.7400206796333557,74.00206796333558,0.763848248862978,"{""C"": 1.0, ""gamma"": ""scale"", ""kernel"": ""linear""}",0.336,ok,,svm,page_blocks,4378,1095,10,5,size,11.0,,,,,,,
page_blocks,2006,9,svm,imported_baseline,,0.7162235235919446,0.7162235235919446,71.62235235919447,0.7742885213304664,"{""C"": 10.0, ""gamma"": ""scale"", ""kernel"": ""linear""}",0.352,ok,,svm,page_blocks,4378,1095,10,5,size,11.0,,,,,,,
page_blocks,2007,10,svm,imported_baseline,,0.7221531831018411,0.7221531831018411,72.2153183101841,0.7633388567274874,"{""C"": 1.0, ""gamma"": ""scale"", ""kernel"": ""linear""}",0.323,ok,,svm,page_blocks,4378,1095,10,5,size,11.0,,,,,,,
page_blocks,1998,1,xgboost,imported_baseline,,0.8505740204456961,0.8505740204456961,85.05740204456961,0.8450675278150225,"{""colsample_bytree"": 0.8, ""learning_rate"": 0.1, ""max_depth"": 3, ""n_estimators"": 50, ""reg_alpha"": 0, ""reg_lambda"": 1e-05, ""scale_pos_weight"": 1, ""subsample"": 0.8}",3.528,ok,,xgboost,page_blocks,4378,1095,10,5,n_estimators,50.0,max_depth,3.0,,,,,
page_blocks,1999,2,xgboost,imported_baseline,,0.8588605381697487,0.8588605381697487,85.88605381697488,0.8457671158639732,"{""colsample_bytree"": 0.8, ""learning_rate"": 0.05, ""max_depth"": 5, ""n_estimators"": 50, ""reg_alpha"": 0, ""reg_lambda"": 1e-05, ""scale_pos_weight"": 1, ""subsample"": 0.8}",3.717,ok,,xgboost,page_blocks,4378,1095,10,5,n_estimators,50.0,max_depth,5.0,,,,,
page_blocks,2000,3,xgboost,imported_baseline,,0.894954667407571,0.894954667407571,89.4954667407571,0.8604182723089722,"{""colsample_bytree"": 0.8, ""learning_rate"": 0.05, ""max_depth"": 5, ""n_estimators"": 200, ""reg_alpha"": 0, ""reg_lambda"": 1e-05, ""scale_pos_weight"": 1, ""subsample"": 0.8}",4.817,ok,,xgboost,page_blocks,4378,1095,10,5,n_estimators,200.0,max_depth,5.0,,,,,
page_blocks,2001,4,xgboost,imported_baseline,,0.8587092946186884,0.8587092946186884,85.87092946186884,0.84846395638927,"{""colsample_bytree"": 0.8, ""learning_rate"": 0.05, ""max_depth"": 5, ""n_estimators"": 50, ""reg_alpha"": 0, ""reg_lambda"": 1e-05, ""scale_pos_weight"": 1, ""subsample"": 0.8}",3.736,ok,,xgboost,page_blocks,4378,1095,10,5,n_estimators,50.0,max_depth,5.0,,,,,
page_blocks,2002,5,xgboost,imported_baseline,,0.8884569938749085,0.8884569938749085,88.84569938749085,0.8661842173829515,"{""colsample_bytree"": 0.8, ""learning_rate"": 0.05, ""max_depth"": 5, ""n_estimators"": 100, ""reg_alpha"": 0, ""reg_lambda"": 1e-05, ""scale_pos_weight"": 1, ""subsample"": 0.8}",3.928,ok,,xgboost,page_blocks,4378,1095,10,5,n_estimators,100.0,max_depth,5.0,,,,,
page_blocks,2003,6,xgboost,imported_baseline,,0.8776011422521661,0.8776011422521661,87.76011422521661,0.8527744740269163,"{""colsample_bytree"": 0.8, ""learning_rate"": 0.1, ""max_depth"": 5, ""n_estimators"": 50, ""reg_alpha"": 0, ""reg_lambda"": 1e-05, ""scale_pos_weight"": 1, ""subsample"": 0.8}",3.751,ok,,xgboost,page_blocks,4378,1095,10,5,n_estimators,50.0,max_depth,5.0,,,,,
page_blocks,2004,7,xgboost,imported_baseline,,0.9106248085215616,0.9106248085215616,91.06248085215614,0.8582490663999514,"{""colsample_bytree"": 0.8, ""learning_rate"": 0.05, ""max_depth"": 5, ""n_estimators"": 100, ""reg_alpha"": 0, ""reg_lambda"": 1e-05, ""scale_pos_weight"": 1, ""subsample"": 0.8}",4.093,ok,,xgboost,page_blocks,4378,1095,10,5,n_estimators,100.0,max_depth,5.0,,,,,
page_blocks,2005,8,xgboost,imported_baseline,,0.8840039693119272,0.8840039693119272,88.40039693119272,0.8516101668434098,"{""colsample_bytree"": 0.8, ""learning_rate"": 0.05, ""max_depth"": 5, ""n_estimators"": 100, ""reg_alpha"": 0, ""reg_lambda"": 1e-05, ""scale_pos_weight"": 1, ""subsample"": 0.8}",4.087,ok,,xgboost,page_blocks,4378,1095,10,5,n_estimators,100.0,max_depth,5.0,,,,,
page_blocks,2006,9,xgboost,imported_baseline,,0.8351514008854126,0.8351514008854126,83.51514008854126,0.8814467840002072,"{""colsample_bytree"": 0.8, ""learning_rate"": 0.1, ""max_depth"": 5, ""n_estimators"": 200, ""reg_alpha"": 0, ""reg_lambda"": 1e-05, ""scale_pos_weight"": 1, ""subsample"": 0.8}",4.614,ok,,xgboost,page_blocks,4378,1095,10,5,n_estimators,200.0,max_depth,5.0,,,,,
page_blocks,2007,10,xgboost,imported_baseline,,0.8453852072252813,0.8453852072252813,84.53852072252813,0.8679509630109516,"{""colsample_bytree"": 0.8, ""learning_rate"": 0.1, ""max_depth"": 5, ""n_estimators"": 100, ""reg_alpha"": 0, ""reg_lambda"": 1e-05, ""scale_pos_weight"": 1, ""subsample"": 0.8}",4.079,ok,,xgboost,page_blocks,4378,1095,10,5,n_estimators,100.0,max_depth,5.0,,,,,
glass,1998,1,decision_tree,imported_baseline,,0.4833333333333333,0.4833333333333333,48.333333333333336,0.6062628576892497,"{""max_depth"": 5, ""max_features"": ""sqrt"", ""min_impurity_decrease"": 0.0, ""min_samples_leaf"": 1, ""min_samples_split"": 5}",0.065,ok,,decision_tree,glass,171,43,9,6,configured_max_depth,5.0,max_path_features,5.0,avg_path_features,4.046511627906977,,,
glass,1999,2,decision_tree,imported_baseline,,0.7590489757156424,0.7590489757156424,75.90489757156425,0.6840842136929093,"{""max_depth"": 10, ""max_features"": null, ""min_impurity_decrease"": 0.0, ""min_samples_leaf"": 1, ""min_samples_split"": 5}",0.071,ok,,decision_tree,glass,171,43,9,6,configured_max_depth,10.0,max_path_features,7.0,avg_path_features,4.697674418604652,,,
glass,2000,3,decision_tree,imported_baseline,,0.537936572141244,0.537936572141244,53.7936572141244,0.6154388009651167,"{""max_depth"": null, ""max_features"": ""sqrt"", ""min_impurity_decrease"": 0.0, ""min_samples_leaf"": 1, ""min_samples_split"": 2}",0.109,ok,,decision_tree,glass,171,43,9,6,configured_max_depth,,max_path_features,7.0,avg_path_features,5.27906976744186,,,
glass,2001,4,decision_tree,imported_baseline,,0.6031746031746031,0.6031746031746031,60.31746031746032,0.70183721784332,"{""max_depth"": null, ""max_features"": null, ""min_impurity_decrease"": 0.0, ""min_samples_leaf"": 1, ""min_samples_split"": 2}",0.1,ok,,decision_tree,glass,171,43,9,6,configured_max_depth,,max_path_features,8.0,avg_path_features,5.046511627906977,,,
glass,2002,5,decision_tree,imported_baseline,,0.5923611111111111,0.5923611111111111,59.23611111111112,0.626150499619765,"{""max_depth"": 10, ""max_features"": ""sqrt"", ""min_impurity_decrease"": 0.0, ""min_samples_leaf"": 2, ""min_samples_split"": 5}",0.063,ok,,decision_tree,glass,171,43,9,6,configured_max_depth,10.0,max_path_features,8.0,avg_path_features,5.27906976744186,,,
glass,2003,6,decision_tree,imported_baseline,,0.6246603970741902,0.6246603970741902,62.46603970741902,0.6674936528849573,"{""max_depth"": 10, ""max_features"": null, ""min_impurity_decrease"": 0.0, ""min_samples_leaf"": 1, ""min_samples_split"": 5}",0.069,ok,,decision_tree,glass,171,43,9,6,configured_max_depth,10.0,max_path_features,7.0,avg_path_features,5.116279069767442,,,
glass,2004,7,decision_tree,imported_baseline,,0.5686486715898481,0.5686486715898481,56.86486715898481,0.5945641978723596,"{""max_depth"": 10, ""max_features"": null, ""min_impurity_decrease"": 0.0, ""min_samples_leaf"": 2, ""min_samples_split"": 2}",0.063,ok,,decision_tree,glass,171,43,9,6,configured_max_depth,10.0,max_path_features,7.0,avg_path_features,5.1395348837209305,,,
glass,2005,8,decision_tree,imported_baseline,,0.6157407407407408,0.6157407407407408,61.57407407407408,0.6825185683881335,"{""max_depth"": 10, ""max_features"": null, ""min_impurity_decrease"": 0.0, ""min_samples_leaf"": 2, ""min_samples_split"": 2}",0.093,ok,,decision_tree,glass,171,43,9,6,configured_max_depth,10.0,max_path_features,8.0,avg_path_features,5.093023255813954,,,
glass,2006,9,decision_tree,imported_baseline,,0.7071684587813619,0.7071684587813619,70.7168458781362,0.6682206022640804,"{""max_depth"": null, ""max_features"": null, ""min_impurity_decrease"": 0.0, ""min_samples_leaf"": 1, ""min_samples_split"": 5}",0.082,ok,,decision_tree,glass,171,43,9,6,configured_max_depth,,max_path_features,7.0,avg_path_features,5.116279069767442,,,
glass,2007,10,decision_tree,imported_baseline,,0.711976911976912,0.711976911976912,71.1976911976912,0.6011258494591829,"{""max_depth"": 10, ""max_features"": ""sqrt"", ""min_impurity_decrease"": 0.0, ""min_samples_leaf"": 2, ""min_samples_split"": 2}",0.086,ok,,decision_tree,glass,171,43,9,6,configured_max_depth,10.0,max_path_features,7.0,avg_path_features,4.627906976744186,,,
glass,1998,1,fcalc_deterministic,imported_baseline,,0.5347348255696713,0.5347348255696713,53.473482556967134,0.4773601561836856,"{""cv_f1"": 0.47736015618368566, ""family"": ""proximity"", ""method"": ""proximity-non-falsified""}",2.475,ok,,fcalc,glass,171,43,9,6,size,1539.0,,,,,,,
glass,1999,2,fcalc_deterministic,imported_baseline,,0.4786435786435787,0.4786435786435787,47.86435786435787,0.4812774214090003,"{""cv_f1"": 0.48127742140900037, ""family"": ""proximity"", ""method"": ""proximity-non-falsified""}",2.41,ok,,fcalc,glass,171,43,9,6,size,1539.0,,,,,,,
glass,2000,3,fcalc_deterministic,imported_baseline,,0.4052188552188552,0.4052188552188552,40.52188552188552,0.3948140673253116,"{""cv_f1"": 0.39481406732531166, ""family"": ""proximity"", ""method"": ""proximity-non-falsified""}",2.419,ok,,fcalc,glass,171,43,9,6,size,1539.0,,,,,,,
glass,2001,4,fcalc_deterministic,imported_baseline,,0.5305536568694463,0.5305536568694463,53.05536568694463,0.445166861839496,"{""cv_f1"": 0.44516686183949605, ""family"": ""proximity"", ""method"": ""proximity-non-falsified""}",2.445,ok,,fcalc,glass,171,43,9,6,size,1539.0,,,,,,,
glass,2002,5,fcalc_deterministic,imported_baseline,,0.4182817182817182,0.4182817182817182,41.82817182817183,0.4592115988586576,"{""cv_f1"": 0.4592115988586576, ""family"": ""proximity"", ""method"": ""proximity-non-falsified""}",2.446,ok,,fcalc,glass,171,43,9,6,size,1539.0,,,,,,,
glass,2003,6,fcalc_deterministic,imported_baseline,,0.3518614718614719,0.3518614718614719,35.18614718614719,0.4252564102564102,"{""cv_f1"": 0.42525641025641026, ""family"": ""proximity"", ""method"": ""proximity-non-falsified""}",2.443,ok,,fcalc,glass,171,43,9,6,size,1539.0,,,,,,,
glass,2004,7,fcalc_deterministic,imported_baseline,,0.4638418964076859,0.4638418964076859,46.3841896407686,0.4095936053779191,"{""cv_f1"": 0.4095936053779191, ""family"": ""proximity"", ""method"": ""proximity-non-falsified""}",2.419,ok,,fcalc,glass,171,43,9,6,size,1539.0,,,,,,,
glass,2005,8,fcalc_deterministic,imported_baseline,,0.2659313725490196,0.2659313725490196,26.59313725490196,0.4818596526929859,"{""cv_f1"": 0.4818596526929859, ""family"": ""proximity"", ""method"": ""proximity-non-falsified""}",2.419,ok,,fcalc,glass,171,43,9,6,size,1539.0,,,,,,,
glass,2006,9,fcalc_deterministic,imported_baseline,,0.4483405483405483,0.4483405483405483,44.83405483405483,0.4062171470504804,"{""cv_f1"": 0.4062171470504804, ""family"": ""proximity"", ""method"": ""proximity-non-falsified""}",2.426,ok,,fcalc,glass,171,43,9,6,size,1539.0,,,,,,,
glass,2007,10,fcalc_deterministic,imported_baseline,,0.5171303831150379,0.5171303831150379,51.71303831150379,0.4392428790765149,"{""cv_f1"": 0.43924287907651494, ""family"": ""proximity"", ""method"": ""proximity-non-falsified""}",2.424,ok,,fcalc,glass,171,43,9,6,size,1539.0,,,,,,,
glass,1998,1,fcalc_randomized,imported_baseline,,0.5701149425287356,0.5701149425287356,57.01149425287356,0.5100828596145518,"{""cv_f1"": 0.5100828596145518, ""family"": ""proximity"", ""method"": ""proximity-non-falsified"", ""num_iters"": 50, ""subsample_size"": 1}",11.564,ok,,fcalc_rand,glass,171,43,9,6,size,2700.0,num_iters,50.0,,,,,
glass,1999,2,fcalc_randomized,imported_baseline,,0.4809779825908858,0.4809779825908858,48.09779825908858,0.466943708709749,"{""cv_f1"": 0.46694370870974905, ""family"": ""proximity"", ""method"": ""proximity-non-falsified"", ""num_iters"": 30, ""subsample_size"": 1}",11.329,ok,,fcalc_rand,glass,171,43,9,6,size,1620.0,num_iters,30.0,,,,,
glass,2000,3,fcalc_randomized,imported_baseline,,0.4575998075998075,0.4575998075998075,45.75998075998076,0.4528507120026839,"{""cv_f1"": 0.45285071200268395, ""family"": ""proximity"", ""method"": ""proximity-non-falsified"", ""num_iters"": 20, ""subsample_size"": 1}",11.624,ok,,fcalc_rand,glass,171,43,9,6,size,1080.0,num_iters,20.0,,,,,
glass,2001,4,fcalc_randomized,imported_baseline,,0.442702890978753,0.442702890978753,44.2702890978753,0.4859677083567691,"{""cv_f1"": 0.48596770835676917, ""family"": ""proximity"", ""method"": ""proximity"", ""num_iters"": 20, ""subsample_size"": 2}",11.842,ok,,fcalc_rand,glass,171,43,9,6,size,1080.0,num_iters,20.0,,,,,
glass,2002,5,fcalc_randomized,imported_baseline,,0.4331261331261331,0.4331261331261331,43.31261331261331,0.5053702053211857,"{""cv_f1"": 0.5053702053211857, ""family"": ""proximity"", ""method"": ""proximity"", ""num_iters"": 30, ""subsample_size"": 1}",11.927,ok,,fcalc_rand,glass,171,43,9,6,size,1620.0,num_iters,30.0,,,,,
glass,2003,6,fcalc_randomized,imported_baseline,,0.2759259259259259,0.2759259259259259,27.59259259259259,0.5045288337393601,"{""cv_f1"": 0.5045288337393601, ""family"": ""proximity"", ""method"": ""proximity-non-falsified"", ""num_iters"": 10, ""subsample_size"": 2}",11.754,ok,,fcalc_rand,glass,171,43,9,6,size,540.0,num_iters,10.0,,,,,
glass,2004,7,fcalc_randomized,imported_baseline,,0.4123677248677249,0.4123677248677249,41.23677248677249,0.440825247425732,"{""cv_f1"": 0.440825247425732, ""family"": ""proximity"", ""method"": ""proximity-non-falsified"", ""num_iters"": 50, ""subsample_size"": 1}",12.028,ok,,fcalc_rand,glass,171,43,9,6,size,2700.0,num_iters,50.0,,,,,
glass,2005,8,fcalc_randomized,imported_baseline,,0.2304292929292929,0.2304292929292929,23.04292929292929,0.4999264262307741,"{""cv_f1"": 0.4999264262307741, ""family"": ""proximity"", ""method"": ""proximity-non-falsified"", ""num_iters"": 40, ""subsample_size"": 1}",11.816,ok,,fcalc_rand,glass,171,43,9,6,size,2160.0,num_iters,40.0,,,,,
glass,2006,9,fcalc_randomized,imported_baseline,,0.4386400955366472,0.4386400955366472,43.86400955366472,0.4399681079154763,"{""cv_f1"": 0.43996810791547636, ""family"": ""proximity"", ""method"": ""proximity"", ""num_iters"": 10, ""subsample_size"": 2}",11.78,ok,,fcalc_rand,glass,171,43,9,6,size,540.0,num_iters,10.0,,,,,
glass,2007,10,fcalc_randomized,imported_baseline,,0.4735767013853777,0.4735767013853777,47.35767013853777,0.4205424674627573,"{""cv_f1"": 0.4205424674627573, ""family"": ""proximity"", ""method"": ""proximity-non-falsified"", ""num_iters"": 40, ""subsample_size"": 1}",12.006,ok,,fcalc_rand,glass,171,43,9,6,size,2160.0,num_iters,40.0,,,,,
glass,1998,1,ips_knn,imported_baseline,,0.7765791556114136,0.7765791556114136,77.65791556114135,0.5672825192436177,"{""k"": 1}",4.17,ok,,ips_knn,glass,171,43,9,6,avg_rrc_size,4.627906976744186,max_rrc_size,7.0,,,4.627906976744186,7.0,0.5142118863049095
glass,1999,2,ips_knn,imported_baseline,,0.6808015499825845,0.6808015499825845,68.08015499825845,0.6458778399123226,"{""k"": 1}",4.149,ok,,ips_knn,glass,171,43,9,6,avg_rrc_size,4.558139534883721,max_rrc_size,6.0,,,4.558139534883721,6.0,0.5064599483204134
glass,2000,3,ips_knn,imported_baseline,,0.6159229208924949,0.6159229208924949,61.59229208924949,0.6213824941416145,"{""k"": 6}",4.155,ok,,ips_knn,glass,171,43,9,6,avg_rrc_size,5.0,max_rrc_size,8.0,,,5.0,8.0,0.5555555555555556
glass,2001,4,ips_knn,imported_baseline,,0.5673330527497195,0.5673330527497195,56.73330527497195,0.6954178832439701,"{""k"": 1}",4.149,ok,,ips_knn,glass,171,43,9,6,avg_rrc_size,4.558139534883721,max_rrc_size,9.0,,,4.558139534883721,9.0,0.5064599483204134
glass,2002,5,ips_knn,imported_baseline,,0.5847041847041846,0.5847041847041846,58.47041847041846,0.728676570343237,"{""k"": 1}",4.149,ok,,ips_knn,glass,171,43,9,6,avg_rrc_size,4.697674418604652,max_rrc_size,6.0,,,4.697674418604652,6.0,0.5219638242894057
glass,2003,6,ips_knn,imported_baseline,,0.5432098765432097,0.5432098765432097,54.32098765432097,0.6637169604415981,"{""k"": 1}",4.155,ok,,ips_knn,glass,171,43,9,6,avg_rrc_size,4.627906976744186,max_rrc_size,7.0,,,4.627906976744186,7.0,0.5142118863049095
glass,2004,7,ips_knn,imported_baseline,,0.6463564213564214,0.6463564213564214,64.63564213564213,0.5847612773699731,"{""k"": 1}",4.174,ok,,ips_knn,glass,171,43,9,6,avg_rrc_size,4.488372093023256,max_rrc_size,7.0,,,4.488372093023256,7.0,0.4987080103359173
glass,2005,8,ips_knn,imported_baseline,,0.6036324786324786,0.6036324786324786,60.36324786324786,0.5910739747499916,"{""k"": 1}",4.143,ok,,ips_knn,glass,171,43,9,6,avg_rrc_size,4.813953488372093,max_rrc_size,7.0,,,4.813953488372093,7.0,0.5348837209302325
glass,2006,9,ips_knn,imported_baseline,,0.7131652661064426,0.7131652661064426,71.31652661064426,0.6350334212403177,"{""k"": 1}",4.141,ok,,ips_knn,glass,171,43,9,6,avg_rrc_size,4.767441860465116,max_rrc_size,9.0,,,4.767441860465116,9.0,0.5297157622739017
glass,2007,10,ips_knn,imported_baseline,,0.7707817087127432,0.7707817087127432,77.07817087127432,0.5596957136713048,"{""k"": 1}",4.158,ok,,ips_knn,glass,171,43,9,6,avg_rrc_size,4.697674418604652,max_rrc_size,9.0,,,4.697674418604652,9.0,0.5219638242894057
glass,1998,1,knn,imported_baseline,,0.7765791556114136,0.7765791556114136,77.65791556114135,0.5673069118092396,"{""n_neighbors"": 1, ""weights"": ""uniform""}",0.419,ok,,knn,glass,171,43,9,6,size,9.0,,,,,,,
glass,1999,2,knn,imported_baseline,,0.816468253968254,0.816468253968254,81.64682539682539,0.6612132316283789,"{""n_neighbors"": 3, ""weights"": ""distance""}",0.395,ok,,knn,glass,171,43,9,6,size,27.0,,,,,,,
glass,2000,3,knn,imported_baseline,,0.7588189588189588,0.7588189588189588,75.88189588189587,0.6543576310967615,"{""n_neighbors"": 1, ""weights"": ""uniform""}",0.417,ok,,knn,glass,171,43,9,6,size,9.0,,,,,,,
glass,2001,4,knn,imported_baseline,,0.5673330527497195,0.5673330527497195,56.73330527497195,0.7029863212471908,"{""n_neighbors"": 1, ""weights"": ""uniform""}",0.399,ok,,knn,glass,171,43,9,6,size,9.0,,,,,,,
glass,2002,5,knn,imported_baseline,,0.5847041847041846,0.5847041847041846,58.47041847041846,0.7151908772923266,"{""n_neighbors"": 1, ""weights"": ""uniform""}",0.4,ok,,knn,glass,171,43,9,6,size,9.0,,,,,,,
glass,2003,6,knn,imported_baseline,,0.4705585264408793,0.4705585264408793,47.05585264408793,0.6712763320119641,"{""n_neighbors"": 4, ""weights"": ""distance""}",0.397,ok,,knn,glass,171,43,9,6,size,36.0,,,,,,,
glass,2004,7,knn,imported_baseline,,0.6463564213564214,0.6463564213564214,64.63564213564213,0.583795132403828,"{""n_neighbors"": 1, ""weights"": ""uniform""}",0.418,ok,,knn,glass,171,43,9,6,size,9.0,,,,,,,
glass,2005,8,knn,imported_baseline,,0.6036324786324786,0.6036324786324786,60.36324786324786,0.60714835554901,"{""n_neighbors"": 1, ""weights"": ""uniform""}",0.394,ok,,knn,glass,171,43,9,6,size,9.0,,,,,,,
glass,2006,9,knn,imported_baseline,,0.7131652661064426,0.7131652661064426,71.31652661064426,0.629754062362758,"{""n_neighbors"": 1, ""weights"": ""uniform""}",0.398,ok,,knn,glass,171,43,9,6,size,9.0,,,,,,,
glass,2007,10,knn,imported_baseline,,0.7707817087127432,0.7707817087127432,77.07817087127432,0.5517305269524948,"{""n_neighbors"": 1, ""weights"": ""uniform""}",0.413,ok,,knn,glass,171,43,9,6,size,9.0,,,,,,,
glass,1998,1,logistic_regression,imported_baseline,,0.5816091954022988,0.5816091954022988,58.16091954022989,0.6204640722259332,"{""C"": 100, ""penalty"": ""l2"", ""solver"": ""lbfgs""}",8.253,ok,,logistic_regression,glass,171,43,9,6,size,10.0,,,,,,,
glass,1999,2,logistic_regression,imported_baseline,,0.6270739064856712,0.6270739064856712,62.70739064856712,0.633271382087474,"{""C"": 10, ""penalty"": ""l2"", ""solver"": ""lbfgs""}",7.474,ok,,logistic_regression,glass,171,43,9,6,size,10.0,,,,,,,
glass,2000,3,logistic_regression,imported_baseline,,0.5656136966481794,0.5656136966481794,56.56136966481794,0.616402169489126,"{""C"": 1000, ""penalty"": ""l2"", ""solver"": ""lbfgs""}",5.756,ok,,logistic_regression,glass,171,43,9,6,size,10.0,,,,,,,
glass,2001,4,logistic_regression,imported_baseline,,0.7062271062271063,0.7062271062271063,70.62271062271063,0.590065712065712,"{""C"": 100, ""penalty"": ""l2"", ""solver"": ""lbfgs""}",2.38,ok,,logistic_regression,glass,171,43,9,6,size,10.0,,,,,,,
glass,2002,5,logistic_regression,imported_baseline,,0.5629334822883211,0.5629334822883211,56.29334822883211,0.7251291145783899,"{""C"": 100, ""penalty"": ""l2"", ""solver"": ""lbfgs""}",0.229,ok,,logistic_regression,glass,171,43,9,6,size,10.0,,,,,,,
glass,2003,6,logistic_regression,imported_baseline,,0.4752688172043011,0.4752688172043011,47.52688172043011,0.6989492697318784,"{""C"": 100, ""penalty"": ""l1"", ""solver"": ""liblinear""}",0.24,ok,,logistic_regression,glass,171,43,9,6,size,10.0,,,,,,,
glass,2004,7,logistic_regression,imported_baseline,,0.571878054740958,0.571878054740958,57.1878054740958,0.5499696814189569,"{""C"": 10000, ""penalty"": ""l2"", ""solver"": ""liblinear""}",0.316,ok,,logistic_regression,glass,171,43,9,6,size,10.0,,,,,,,
glass,2005,8,logistic_regression,imported_baseline,,0.5633552271483305,0.5633552271483305,56.335522714833054,0.6134831055319233,"{""C"": 10, ""penalty"": ""l2"", ""solver"": ""lbfgs""}",0.248,ok,,logistic_regression,glass,171,43,9,6,size,10.0,,,,,,,
glass,2006,9,logistic_regression,imported_baseline,,0.583994621279104,0.583994621279104,58.3994621279104,0.6098068978978525,"{""C"": 10, ""penalty"": ""l2"", ""solver"": ""lbfgs""}",1.004,ok,,logistic_regression,glass,171,43,9,6,size,10.0,,,,,,,
glass,2007,10,logistic_regression,imported_baseline,,0.637012987012987,0.637012987012987,63.701298701298704,0.5908382025918258,"{""C"": 100, ""penalty"": ""l2"", ""solver"": ""lbfgs""}",0.573,ok,,logistic_regression,glass,171,43,9,6,size,10.0,,,,,,,
glass,1998,1,naive_bayes,imported_baseline,,0.5603801169590643,0.5603801169590643,56.038011695906434,0.3897609416727063,"{""var_smoothing"": 1e-09}",0.013,ok,,naive_bayes,glass,171,43,9,6,size,38.0,,,,,,,
glass,1999,2,naive_bayes,imported_baseline,,0.4281479160865125,0.4281479160865125,42.814791608651255,0.3514737758902844,"{""var_smoothing"": 1e-07}",0.015,ok,,naive_bayes,glass,171,43,9,6,size,38.0,,,,,,,
glass,2000,3,naive_bayes,imported_baseline,,0.3160936285936286,0.3160936285936286,31.60936285936286,0.399554651632051,"{""var_smoothing"": 1e-08}",0.015,ok,,naive_bayes,glass,171,43,9,6,size,38.0,,,,,,,
glass,2001,4,naive_bayes,imported_baseline,,0.5465675057208238,0.5465675057208238,54.65675057208238,0.41692897141173,"{""var_smoothing"": 1e-07}",0.016,ok,,naive_bayes,glass,171,43,9,6,size,38.0,,,,,,,
glass,2002,5,naive_bayes,imported_baseline,,0.4549019607843137,0.4549019607843137,45.490196078431374,0.5154943109253454,"{""var_smoothing"": 1e-07}",0.015,ok,,naive_bayes,glass,171,43,9,6,size,38.0,,,,,,,
glass,2003,6,naive_bayes,imported_baseline,,0.389713663243075,0.389713663243075,38.9713663243075,0.4750512721152107,"{""var_smoothing"": 1e-07}",0.012,ok,,naive_bayes,glass,171,43,9,6,size,38.0,,,,,,,
glass,2004,7,naive_bayes,imported_baseline,,0.3253808502447341,0.3253808502447341,32.53808502447341,0.3945803804039098,"{""var_smoothing"": 1e-09}",0.014,ok,,naive_bayes,glass,171,43,9,6,size,38.0,,,,,,,
glass,2005,8,naive_bayes,imported_baseline,,0.3701326345004505,0.3701326345004505,37.01326345004505,0.5515753968253968,"{""var_smoothing"": 1e-09}",0.014,ok,,naive_bayes,glass,171,43,9,6,size,38.0,,,,,,,
glass,2006,9,naive_bayes,imported_baseline,,0.4427575348627979,0.4427575348627979,44.2757534862798,0.4146805339695832,"{""var_smoothing"": 1e-07}",0.014,ok,,naive_bayes,glass,171,43,9,6,size,38.0,,,,,,,
glass,2007,10,naive_bayes,imported_baseline,,0.4096899224806201,0.4096899224806201,40.968992248062015,0.4531932419432419,"{""var_smoothing"": 1e-09}",0.015,ok,,naive_bayes,glass,171,43,9,6,size,38.0,,,,,,,
glass,1998,1,random_forest,imported_baseline,,0.81867784992785,0.81867784992785,81.867784992785,0.691084801163262,"{""bootstrap"": true, ""max_depth"": 10, ""max_features"": ""sqrt"", ""min_impurity_decrease"": 0.0, ""min_samples_leaf"": 1, ""min_samples_split"": 2, ""n_estimators"": 300}",3.52,ok,,random_forest,glass,171,43,9,6,n_estimators,300.0,max_depth,10.0,,,,,
glass,1999,2,random_forest,imported_baseline,,0.8141235705751835,0.8141235705751835,81.41235705751835,0.7421559259736223,"{""bootstrap"": true, ""max_depth"": 20, ""max_features"": ""sqrt"", ""min_impurity_decrease"": 0.0, ""min_samples_leaf"": 1, ""min_samples_split"": 2, ""n_estimators"": 300}",3.477,ok,,random_forest,glass,171,43,9,6,n_estimators,300.0,max_depth,20.0,,,,,
glass,2000,3,random_forest,imported_baseline,,0.8116071428571429,0.8116071428571429,81.16071428571429,0.7238133396024451,"{""bootstrap"": true, ""max_depth"": 20, ""max_features"": ""sqrt"", ""min_impurity_decrease"": 0.0, ""min_samples_leaf"": 1, ""min_samples_split"": 2, ""n_estimators"": 100}",3.327,ok,,random_forest,glass,171,43,9,6,n_estimators,100.0,max_depth,20.0,,,,,
glass,2001,4,random_forest,imported_baseline,,0.8268503314480325,0.8268503314480325,82.68503314480326,0.7367807581575697,"{""bootstrap"": true, ""max_depth"": 10, ""max_features"": ""sqrt"", ""min_impurity_decrease"": 0.0, ""min_samples_leaf"": 1, ""min_samples_split"": 2, ""n_estimators"": 100}",3.699,ok,,random_forest,glass,171,43,9,6,n_estimators,100.0,max_depth,10.0,,,,,
glass,2002,5,random_forest,imported_baseline,,0.8583251873574455,0.8583251873574455,85.83251873574454,0.7206947652454898,"{""bootstrap"": true, ""max_depth"": 20, ""max_features"": ""sqrt"", ""min_impurity_decrease"": 0.0, ""min_samples_leaf"": 1, ""min_samples_split"": 2, ""n_estimators"": 300}",4.071,ok,,random_forest,glass,171,43,9,6,n_estimators,300.0,max_depth,20.0,,,,,
glass,2003,6,random_forest,imported_baseline,,0.7201388888888888,0.7201388888888888,72.01388888888887,0.7488550563767956,"{""bootstrap"": true, ""max_depth"": 10, ""max_features"": null, ""min_impurity_decrease"": 0.0, ""min_samples_leaf"": 2, ""min_samples_split"": 2, ""n_estimators"": 300}",4.117,ok,,random_forest,glass,171,43,9,6,n_estimators,300.0,max_depth,10.0,,,,,
glass,2004,7,random_forest,imported_baseline,,0.7850230414746543,0.7850230414746543,78.50230414746542,0.7083207549294505,"{""bootstrap"": true, ""max_depth"": 10, ""max_features"": null, ""min_impurity_decrease"": 0.0, ""min_samples_leaf"": 2, ""min_samples_split"": 5, ""n_estimators"": 100}",4.009,ok,,random_forest,glass,171,43,9,6,n_estimators,100.0,max_depth,10.0,,,,,
glass,2005,8,random_forest,imported_baseline,,0.6128687620623104,0.6128687620623104,61.28687620623104,0.7342899317536998,"{""bootstrap"": true, ""max_depth"": 10, ""max_features"": null, ""min_impurity_decrease"": 0.0, ""min_samples_leaf"": 2, ""min_samples_split"": 5, ""n_estimators"": 100}",3.987,ok,,random_forest,glass,171,43,9,6,n_estimators,100.0,max_depth,10.0,,,,,
glass,2006,9,random_forest,imported_baseline,,0.6888888888888888,0.6888888888888888,68.88888888888887,0.6685750270369251,"{""bootstrap"": true, ""max_depth"": 10, ""max_features"": null, ""min_impurity_decrease"": 0.0, ""min_samples_leaf"": 2, ""min_samples_split"": 5, ""n_estimators"": 100}",3.877,ok,,random_forest,glass,171,43,9,6,n_estimators,100.0,max_depth,10.0,,,,,
glass,2007,10,random_forest,imported_baseline,,0.8067528735632185,0.8067528735632185,80.67528735632185,0.6246714513556619,"{""bootstrap"": true, ""max_depth"": 10, ""max_features"": null, ""min_impurity_decrease"": 0.0, ""min_samples_leaf"": 1, ""min_samples_split"": 2, ""n_estimators"": 300}",4.115,ok,,random_forest,glass,171,43,9,6,n_estimators,300.0,max_depth,10.0,,,,,
glass,1998,1,svm,imported_baseline,,0.6015151515151516,0.6015151515151516,60.15151515151516,0.5263075111350973,"{""C"": 10.0, ""gamma"": ""scale"", ""kernel"": ""linear""}",0.063,ok,,svm,glass,171,43,9,6,size,10.0,,,,,,,
glass,1999,2,svm,imported_baseline,,0.5967532467532467,0.5967532467532467,59.67532467532467,0.6473461353461353,"{""C"": 10.0, ""gamma"": ""scale"", ""kernel"": ""linear""}",0.054,ok,,svm,glass,171,43,9,6,size,10.0,,,,,,,
glass,2000,3,svm,imported_baseline,,0.7550858979112594,0.7550858979112594,75.50858979112593,0.6077530390756196,"{""C"": 10.0, ""gamma"": ""scale"", ""kernel"": ""rbf""}",0.056,ok,,svm,glass,171,43,9,6,n_support_vectors,132.0,size,1322.0,,,,,
glass,2001,4,svm,imported_baseline,,0.614295666019804,0.614295666019804,61.4295666019804,0.5887921324238166,"{""C"": 10.0, ""gamma"": ""scale"", ""kernel"": ""linear""}",0.059,ok,,svm,glass,171,43,9,6,size,10.0,,,,,,,
glass,2002,5,svm,imported_baseline,,0.5119849286515954,0.5119849286515954,51.19849286515954,0.6703147558453063,"{""C"": 10.0, ""gamma"": ""scale"", ""kernel"": ""linear""}",0.054,ok,,svm,glass,171,43,9,6,size,10.0,,,,,,,
glass,2003,6,svm,imported_baseline,,0.3882101558572146,0.3882101558572146,38.82101558572146,0.7020918035265862,"{""C"": 10.0, ""gamma"": ""scale"", ""kernel"": ""linear""}",0.042,ok,,svm,glass,171,43,9,6,size,10.0,,,,,,,
glass,2004,7,svm,imported_baseline,,0.6347996089931575,0.6347996089931575,63.47996089931575,0.569426350575776,"{""C"": 10.0, ""gamma"": ""scale"", ""kernel"": ""rbf""}",0.059,ok,,svm,glass,171,43,9,6,n_support_vectors,134.0,size,1342.0,,,,,
glass,2005,8,svm,imported_baseline,,0.7423371647509578,0.7423371647509578,74.23371647509578,0.5398627283880908,"{""C"": 10.0, ""gamma"": ""scale"", ""kernel"": ""rbf""}",0.059,ok,,svm,glass,171,43,9,6,n_support_vectors,126.0,size,1262.0,,,,,
glass,2006,9,svm,imported_baseline,,0.6144374782305816,0.6144374782305816,61.44374782305816,0.6188410140584054,"{""C"": 10.0, ""gamma"": ""scale"", ""kernel"": ""rbf""}",0.059,ok,,svm,glass,171,43,9,6,n_support_vectors,129.0,size,1292.0,,,,,
glass,2007,10,svm,imported_baseline,,0.6547409579667645,0.6547409579667645,65.47409579667645,0.5151985695463955,"{""C"": 10.0, ""gamma"": ""scale"", ""kernel"": ""linear""}",0.055,ok,,svm,glass,171,43,9,6,size,10.0,,,,,,,
glass,1998,1,xgboost,imported_baseline,,0.8348484848484848,0.8348484848484848,83.48484848484848,0.6807122834224283,"{""colsample_bytree"": 0.8, ""learning_rate"": 0.05, ""max_depth"": 5, ""n_estimators"": 100, ""reg_alpha"": 0, ""reg_lambda"": 1e-05, ""scale_pos_weight"": 1, ""subsample"": 0.8}",0.366,ok,,xgboost,glass,171,43,9,6,n_estimators,100.0,max_depth,5.0,,,,,
glass,1999,2,xgboost,imported_baseline,,0.8154600301659126,0.8154600301659126,81.54600301659126,0.7351025646387965,"{""colsample_bytree"": 0.8, ""learning_rate"": 0.1, ""max_depth"": 3, ""n_estimators"": 200, ""reg_alpha"": 0, ""reg_lambda"": 1e-05, ""scale_pos_weight"": 1, ""subsample"": 0.8}",0.351,ok,,xgboost,glass,171,43,9,6,n_estimators,200.0,max_depth,3.0,,,,,
glass,2000,3,xgboost,imported_baseline,,0.7090050835148874,0.7090050835148874,70.90050835148874,0.7045056430418749,"{""colsample_bytree"": 0.8, ""learning_rate"": 0.1, ""max_depth"": 5, ""n_estimators"": 100, ""reg_alpha"": 0, ""reg_lambda"": 1e-05, ""scale_pos_weight"": 1, ""subsample"": 0.8}",0.334,ok,,xgboost,glass,171,43,9,6,n_estimators,100.0,max_depth,5.0,,,,,
glass,2001,4,xgboost,imported_baseline,,0.7000000000000001,0.7000000000000001,70.0,0.6691371795139911,"{""colsample_bytree"": 0.8, ""learning_rate"": 0.05, ""max_depth"": 3, ""n_estimators"": 200, ""reg_alpha"": 0, ""reg_lambda"": 1e-05, ""scale_pos_weight"": 1, ""subsample"": 0.8}",0.372,ok,,xgboost,glass,171,43,9,6,n_estimators,200.0,max_depth,3.0,,,,,
glass,2002,5,xgboost,imported_baseline,,0.7021505376344086,0.7021505376344086,70.21505376344086,0.7258715423063249,"{""colsample_bytree"": 0.8, ""learning_rate"": 0.1, ""max_depth"": 5, ""n_estimators"": 200, ""reg_alpha"": 0, ""reg_lambda"": 1e-05, ""scale_pos_weight"": 1, ""subsample"": 0.8}",0.373,ok,,xgboost,glass,171,43,9,6,n_estimators,200.0,max_depth,5.0,,,,,
glass,2003,6,xgboost,imported_baseline,,0.5423611111111111,0.5423611111111111,54.23611111111111,0.767679281534354,"{""colsample_bytree"": 0.8, ""learning_rate"": 0.05, ""max_depth"": 3, ""n_estimators"": 200, ""reg_alpha"": 0, ""reg_lambda"": 1e-05, ""scale_pos_weight"": 1, ""subsample"": 0.8}",0.334,ok,,xgboost,glass,171,43,9,6,n_estimators,200.0,max_depth,3.0,,,,,
glass,2004,7,xgboost,imported_baseline,,0.7135223199739329,0.7135223199739329,71.35223199739329,0.6807117856430619,"{""colsample_bytree"": 0.8, ""learning_rate"": 0.05, ""max_depth"": 5, ""n_estimators"": 100, ""reg_alpha"": 0, ""reg_lambda"": 1e-05, ""scale_pos_weight"": 1, ""subsample"": 0.8}",0.365,ok,,xgboost,glass,171,43,9,6,n_estimators,100.0,max_depth,5.0,,,,,
glass,2005,8,xgboost,imported_baseline,,0.7119929453262785,0.7119929453262785,71.19929453262786,0.7079219559997592,"{""colsample_bytree"": 0.8, ""learning_rate"": 0.1, ""max_depth"": 3, ""n_estimators"": 200, ""reg_alpha"": 0, ""reg_lambda"": 1e-05, ""scale_pos_weight"": 1, ""subsample"": 0.8}",0.348,ok,,xgboost,glass,171,43,9,6,n_estimators,200.0,max_depth,3.0,,,,,
glass,2006,9,xgboost,imported_baseline,,0.7588325652841782,0.7588325652841782,75.88325652841782,0.6691355792855044,"{""colsample_bytree"": 0.8, ""learning_rate"": 0.1, ""max_depth"": 5, ""n_estimators"": 200, ""reg_alpha"": 0, ""reg_lambda"": 1e-05, ""scale_pos_weight"": 1, ""subsample"": 0.8}",0.344,ok,,xgboost,glass,171,43,9,6,n_estimators,200.0,max_depth,5.0,,,,,
glass,2007,10,xgboost,imported_baseline,,0.7723419540229886,0.7723419540229886,77.23419540229885,0.6414170611996699,"{""colsample_bytree"": 0.8, ""learning_rate"": 0.05, ""max_depth"": 3, ""n_estimators"": 200, ""reg_alpha"": 0, ""reg_lambda"": 1e-05, ""scale_pos_weight"": 1, ""subsample"": 0.8}",0.361,ok,,xgboost,glass,171,43,9,6,n_estimators,200.0,max_depth,3.0,,,,,
image_segmentation,1998,1,decision_tree,imported_baseline,,0.9500062440391452,0.9500062440391452,95.00062440391451,0.9499139411748946,"{""max_depth"": null, ""max_features"": null, ""min_impurity_decrease"": 0.0, ""min_samples_leaf"": 1, ""min_samples_split"": 2}",0.203,ok,,decision_tree,image_segmentation,1668,418,18,7,configured_max_depth,,max_path_features,10.0,avg_path_features,4.595693779904306,,,
image_segmentation,1999,2,decision_tree,imported_baseline,,0.9346497741608568,0.9346497741608568,93.46497741608567,0.9529151141487529,"{""max_depth"": null, ""max_features"": null, ""min_impurity_decrease"": 0.0, ""min_samples_leaf"": 2, ""min_samples_split"": 5}",0.202,ok,,decision_tree,image_segmentation,1668,418,18,7,configured_max_depth,,max_path_features,10.0,avg_path_features,4.354066985645933,,,
image_segmentation,2000,3,decision_tree,imported_baseline,,0.9639595405338416,0.9639595405338416,96.39595405338414,0.9464668098004958,"{""max_depth"": null, ""max_features"": null, ""min_impurity_decrease"": 0.0, ""min_samples_leaf"": 1, ""min_samples_split"": 2}",0.337,ok,,decision_tree,image_segmentation,1668,418,18,7,configured_max_depth,,max_path_features,9.0,avg_path_features,4.569377990430622,,,
image_segmentation,2001,4,decision_tree,imported_baseline,,0.9570976730795976,0.9570976730795976,95.70976730795977,0.948003171777302,"{""max_depth"": null, ""max_features"": null, ""min_impurity_decrease"": 0.0, ""min_samples_leaf"": 1, ""min_samples_split"": 2}",0.202,ok,,decision_tree,image_segmentation,1668,418,18,7,configured_max_depth,,max_path_features,9.0,avg_path_features,4.480861244019139,,,
image_segmentation,2002,5,decision_tree,imported_baseline,,0.954763203194659,0.954763203194659,95.4763203194659,0.9490008013082636,"{""max_depth"": null, ""max_features"": null, ""min_impurity_decrease"": 0.0, ""min_samples_leaf"": 1, ""min_samples_split"": 2}",0.206,ok,,decision_tree,image_segmentation,1668,418,18,7,configured_max_depth,,max_path_features,9.0,avg_path_features,4.538277511961723,,,
image_segmentation,2003,6,decision_tree,imported_baseline,,0.9312047842982883,0.9312047842982883,93.12047842982884,0.9571542893530814,"{""max_depth"": 10, ""max_features"": null, ""min_impurity_decrease"": 0.0, ""min_samples_leaf"": 1, ""min_samples_split"": 5}",0.489,ok,,decision_tree,image_segmentation,1668,418,18,7,configured_max_depth,10.0,max_path_features,8.0,avg_path_features,4.337320574162679,,,
image_segmentation,2004,7,decision_tree,imported_baseline,,0.9329477034770448,0.9329477034770448,93.29477034770449,0.9461901439460834,"{""max_depth"": null, ""max_features"": null, ""min_impurity_decrease"": 0.0, ""min_samples_leaf"": 1, ""min_samples_split"": 2}",0.202,ok,,decision_tree,image_segmentation,1668,418,18,7,configured_max_depth,,max_path_features,11.0,avg_path_features,4.913875598086125,,,
image_segmentation,2005,8,decision_tree,imported_baseline,,0.9501925499539866,0.9501925499539866,95.01925499539864,0.9557689026936088,"{""max_depth"": null, ""max_features"": null, ""min_impurity_decrease"": 0.0, ""min_samples_leaf"": 1, ""min_samples_split"": 2}",0.206,ok,,decision_tree,image_segmentation,1668,418,18,7,configured_max_depth,,max_path_features,9.0,avg_path_features,3.964114832535885,,,
image_segmentation,2006,9,decision_tree,imported_baseline,,0.9520206429679308,0.9520206429679308,95.20206429679308,0.9526930719947584,"{""max_depth"": null, ""max_features"": null, ""min_impurity_decrease"": 0.0, ""min_samples_leaf"": 1, ""min_samples_split"": 2}",0.841,ok,,decision_tree,image_segmentation,1668,418,18,7,configured_max_depth,,max_path_features,8.0,avg_path_features,4.066985645933015,,,
image_segmentation,2007,10,decision_tree,imported_baseline,,0.9591314544877276,0.9591314544877276,95.91314544877277,0.9575164142575548,"{""max_depth"": null, ""max_features"": null, ""min_impurity_decrease"": 0.0, ""min_samples_leaf"": 1, ""min_samples_split"": 2}",0.201,ok,,decision_tree,image_segmentation,1668,418,18,7,configured_max_depth,,max_path_features,11.0,avg_path_features,4.351674641148326,,,
image_segmentation,1998,1,fcalc_deterministic,imported_baseline,,0.8394531291564566,0.8394531291564566,83.94531291564566,0.8242815301506659,"{""cv_f1"": 0.8242815301506659, ""family"": ""proximity"", ""method"": ""proximity-non-falsified""}",2147.566,ok,,fcalc,image_segmentation,1668,418,18,7,size,30024.0,,,,,,,
image_segmentation,1999,2,fcalc_deterministic,imported_baseline,,0.8578948689414293,0.8578948689414293,85.78948689414293,0.8372509039994736,"{""cv_f1"": 0.8372509039994736, ""family"": ""proximity"", ""method"": ""proximity-non-falsified""}",2161.484,ok,,fcalc,image_segmentation,1668,418,18,7,size,30024.0,,,,,,,
image_segmentation,2000,3,fcalc_deterministic,imported_baseline,,0.8542634477044496,0.8542634477044496,85.42634477044496,0.8391133155372967,"{""cv_f1"": 0.8391133155372967, ""family"": ""proximity"", ""method"": ""proximity""}",2151.688,ok,,fcalc,image_segmentation,1668,418,18,7,size,30024.0,,,,,,,
image_segmentation,2001,4,fcalc_deterministic,imported_baseline,,0.848797322064365,0.848797322064365,84.8797322064365,0.8480415233031368,"{""cv_f1"": 0.8480415233031368, ""family"": ""proximity"", ""method"": ""proximity-non-falsified""}",2151.433,ok,,fcalc,image_segmentation,1668,418,18,7,size,30024.0,,,,,,,
image_segmentation,2002,5,fcalc_deterministic,imported_baseline,,0.8651464772055167,0.8651464772055167,86.51464772055168,0.8435555475579358,"{""cv_f1"": 0.8435555475579358, ""family"": ""proximity"", ""method"": ""proximity-non-falsified""}",2221.323,ok,,fcalc,image_segmentation,1668,418,18,7,size,30024.0,,,,,,,
image_segmentation,2003,6,fcalc_deterministic,imported_baseline,,0.8258323453763341,0.8258323453763341,82.58323453763342,0.8446120928721891,"{""cv_f1"": 0.8446120928721891, ""family"": ""proximity"", ""method"": ""proximity""}",2146.55,ok,,fcalc,image_segmentation,1668,418,18,7,size,30024.0,,,,,,,
image_segmentation,2004,7,fcalc_deterministic,imported_baseline,,0.8132329130433043,0.8132329130433043,81.32329130433043,0.8446879870734726,"{""cv_f1"": 0.8446879870734726, ""family"": ""proximity"", ""method"": ""proximity-non-falsified""}",2180.303,ok,,fcalc,image_segmentation,1668,418,18,7,size,30024.0,,,,,,,
image_segmentation,2005,8,fcalc_deterministic,imported_baseline,,0.8389806951786704,0.8389806951786704,83.89806951786703,0.8464443211482363,"{""cv_f1"": 0.8464443211482363, ""family"": ""proximity"", ""method"": ""proximity-non-falsified""}",2151.908,ok,,fcalc,image_segmentation,1668,418,18,7,size,30024.0,,,,,,,
image_segmentation,2006,9,fcalc_deterministic,imported_baseline,,0.8228590126125006,0.8228590126125006,82.28590126125006,0.8434893094385971,"{""cv_f1"": 0.8434893094385971, ""family"": ""proximity"", ""method"": ""proximity-non-falsified""}",2177.696,ok,,fcalc,image_segmentation,1668,418,18,7,size,30024.0,,,,,,,
image_segmentation,2007,10,fcalc_deterministic,imported_baseline,,0.870916263784928,0.870916263784928,87.0916263784928,0.8340125615944913,"{""cv_f1"": 0.8340125615944913, ""family"": ""proximity"", ""method"": ""proximity-non-falsified""}",2142.466,ok,,fcalc,image_segmentation,1668,418,18,7,size,30024.0,,,,,,,
image_segmentation,1998,1,fcalc_randomized,imported_baseline,,0.8446945623807066,0.8446945623807066,84.46945623807066,0.8477446456876823,"{""cv_f1"": 0.8477446456876823, ""family"": ""proximity"", ""method"": ""proximity"", ""num_iters"": 20, ""subsample_size"": 2}",1102.084,ok,,fcalc_rand,image_segmentation,1668,418,18,7,size,2520.0,num_iters,20.0,,,,,
image_segmentation,1999,2,fcalc_randomized,imported_baseline,,0.8432061801499832,0.8432061801499832,84.32061801499832,0.850408039718771,"{""cv_f1"": 0.850408039718771, ""family"": ""proximity"", ""method"": ""proximity"", ""num_iters"": 20, ""subsample_size"": 4}",1111.323,ok,,fcalc_rand,image_segmentation,1668,418,18,7,size,2520.0,num_iters,20.0,,,,,
image_segmentation,2000,3,fcalc_randomized,imported_baseline,,0.8684602443098441,0.8684602443098441,86.84602443098441,0.854658656345662,"{""cv_f1"": 0.854658656345662, ""family"": ""proximity"", ""method"": ""proximity"", ""num_iters"": 50, ""subsample_size"": 3}",1131.58,ok,,fcalc_rand,image_segmentation,1668,418,18,7,size,6300.0,num_iters,50.0,,,,,
image_segmentation,2001,4,fcalc_randomized,imported_baseline,,0.8378949732618128,0.8378949732618128,83.78949732618128,0.8541601240399933,"{""cv_f1"": 0.8541601240399933, ""family"": ""proximity"", ""method"": ""proximity"", ""num_iters"": 50, ""subsample_size"": 7}",1125.795,ok,,fcalc_rand,image_segmentation,1668,418,18,7,size,6300.0,num_iters,50.0,,,,,
image_segmentation,2002,5,fcalc_randomized,imported_baseline,,0.8639206145475794,0.8639206145475794,86.39206145475794,0.8586653685989225,"{""cv_f1"": 0.8586653685989225, ""family"": ""proximity"", ""method"": ""proximity"", ""num_iters"": 40, ""subsample_size"": 5}",1117.513,ok,,fcalc_rand,image_segmentation,1668,418,18,7,size,5040.0,num_iters,40.0,,,,,
image_segmentation,2003,6,fcalc_randomized,imported_baseline,,0.8505693102001226,0.8505693102001226,85.05693102001226,0.8664440346965604,"{""cv_f1"": 0.8664440346965604, ""family"": ""proximity"", ""method"": ""proximity"", ""num_iters"": 20, ""subsample_size"": 3}",1102.21,ok,,fcalc_rand,image_segmentation,1668,418,18,7,size,2520.0,num_iters,20.0,,,,,
image_segmentation,2004,7,fcalc_randomized,imported_baseline,,0.8325166832741606,0.8325166832741606,83.25166832741606,0.8595117741016505,"{""cv_f1"": 0.8595117741016505, ""family"": ""proximity"", ""method"": ""proximity"", ""num_iters"": 50, ""subsample_size"": 4}",1126.454,ok,,fcalc_rand,image_segmentation,1668,418,18,7,size,6300.0,num_iters,50.0,,,,,
image_segmentation,2005,8,fcalc_randomized,imported_baseline,,0.8234800602813888,0.8234800602813888,82.34800602813888,0.8565456427059918,"{""cv_f1"": 0.8565456427059918, ""family"": ""proximity"", ""method"": ""proximity"", ""num_iters"": 10, ""subsample_size"": 4}",1095.547,ok,,fcalc_rand,image_segmentation,1668,418,18,7,size,1260.0,num_iters,10.0,,,,,
image_segmentation,2006,9,fcalc_randomized,imported_baseline,,0.8245831623607651,0.8245831623607651,82.45831623607651,0.8543227340199092,"{""cv_f1"": 0.8543227340199092, ""family"": ""proximity"", ""method"": ""proximity"", ""num_iters"": 30, ""subsample_size"": 5}",1108.508,ok,,fcalc_rand,image_segmentation,1668,418,18,7,size,3780.0,num_iters,30.0,,,,,
image_segmentation,2007,10,fcalc_randomized,imported_baseline,,0.8584974856399459,0.8584974856399459,85.84974856399458,0.8574706489863237,"{""cv_f1"": 0.8574706489863237, ""family"": ""proximity"", ""method"": ""proximity"", ""num_iters"": 30, ""subsample_size"": 5}",1112.22,ok,,fcalc_rand,image_segmentation,1668,418,18,7,size,3780.0,num_iters,30.0,,,,,
image_segmentation,1998,1,ips_knn,imported_baseline,,0.9620001935007084,0.9620001935007084,96.20001935007085,0.9410177286651265,"{""k"": 1}",122.071,ok,,ips_knn,image_segmentation,1668,418,18,7,avg_rrc_size,4.586124401913875,max_rrc_size,10.0,,,4.586124401913875,10.0,0.2547846889952153
image_segmentation,1999,2,ips_knn,imported_baseline,,0.9202936953460988,0.9202936953460988,92.02936953460988,0.951081412474317,"{""k"": 1}",121.74,ok,,ips_knn,image_segmentation,1668,418,18,7,avg_rrc_size,4.739234449760765,max_rrc_size,11.0,,,4.739234449760765,11.0,0.2632908027644869
image_segmentation,2000,3,ips_knn,imported_baseline,,0.9664612606595684,0.9664612606595684,96.64612606595684,0.9468718897015632,"{""k"": 1}",121.606,ok,,ips_knn,image_segmentation,1668,418,18,7,avg_rrc_size,4.7727272727272725,max_rrc_size,10.0,,,4.7727272727272725,10.0,0.2651515151515151
image_segmentation,2001,4,ips_knn,imported_baseline,,0.9566134614158804,0.9566134614158804,95.66134614158804,0.954191891216263,"{""k"": 1}",121.261,ok,,ips_knn,image_segmentation,1668,418,18,7,avg_rrc_size,4.586124401913875,max_rrc_size,9.0,,,4.586124401913875,9.0,0.2547846889952153
image_segmentation,2002,5,ips_knn,imported_baseline,,0.9593911050007228,0.9593911050007228,95.93911050007226,0.95176542540276,"{""k"": 1}",120.456,ok,,ips_knn,image_segmentation,1668,418,18,7,avg_rrc_size,4.789473684210527,max_rrc_size,18.0,,,4.789473684210527,18.0,0.2660818713450292
image_segmentation,2003,6,ips_knn,imported_baseline,,0.94312297379419,0.94312297379419,94.312297379419,0.9533963204074286,"{""k"": 1}",120.893,ok,,ips_knn,image_segmentation,1668,418,18,7,avg_rrc_size,4.755980861244019,max_rrc_size,10.0,,,4.755980861244019,10.0,0.2642211589580011
image_segmentation,2004,7,ips_knn,imported_baseline,,0.9400674678580174,0.9400674678580174,94.00674678580174,0.9565982295159136,"{""k"": 1}",120.441,ok,,ips_knn,image_segmentation,1668,418,18,7,avg_rrc_size,4.777511961722488,max_rrc_size,13.0,,,4.777511961722488,13.0,0.2654173312068049
image_segmentation,2005,8,ips_knn,imported_baseline,,0.9445453330487202,0.9445453330487202,94.45453330487204,0.9533732250056356,"{""k"": 1}",121.063,ok,,ips_knn,image_segmentation,1668,418,18,7,avg_rrc_size,4.741626794258373,max_rrc_size,13.0,,,4.741626794258373,13.0,0.2634237107921318
image_segmentation,2006,9,ips_knn,imported_baseline,,0.939688815026399,0.939688815026399,93.9688815026399,0.9493421624434678,"{""k"": 1}",121.149,ok,,ips_knn,image_segmentation,1668,418,18,7,avg_rrc_size,4.746411483253588,max_rrc_size,14.0,,,4.746411483253588,14.0,0.2636895268474216
image_segmentation,2007,10,ips_knn,imported_baseline,,0.9616587513028062,0.9616587513028062,96.16587513028064,0.9487562828578822,"{""k"": 1}",120.678,ok,,ips_knn,image_segmentation,1668,418,18,7,avg_rrc_size,4.69377990430622,max_rrc_size,10.0,,,4.69377990430622,10.0,0.2607655502392345
image_segmentation,1998,1,knn,imported_baseline,,0.9620001935007084,0.9620001935007084,96.20001935007085,0.9416138068251266,"{""n_neighbors"": 1, ""weights"": ""uniform""}",1.688,ok,,knn,image_segmentation,1668,418,18,7,size,18.0,,,,,,,
image_segmentation,1999,2,knn,imported_baseline,,0.9202936953460988,0.9202936953460988,92.02936953460988,0.951081412474317,"{""n_neighbors"": 1, ""weights"": ""uniform""}",1.67,ok,,knn,image_segmentation,1668,418,18,7,size,18.0,,,,,,,
image_segmentation,2000,3,knn,imported_baseline,,0.9664612606595684,0.9664612606595684,96.64612606595684,0.9492746534792368,"{""n_neighbors"": 1, ""weights"": ""uniform""}",1.999,ok,,knn,image_segmentation,1668,418,18,7,size,18.0,,,,,,,
image_segmentation,2001,4,knn,imported_baseline,,0.9566134614158804,0.9566134614158804,95.66134614158804,0.9542143806715736,"{""n_neighbors"": 1, ""weights"": ""uniform""}",1.709,ok,,knn,image_segmentation,1668,418,18,7,size,18.0,,,,,,,
image_segmentation,2002,5,knn,imported_baseline,,0.9593911050007228,0.9593911050007228,95.93911050007226,0.9517914417574754,"{""n_neighbors"": 1, ""weights"": ""uniform""}",1.657,ok,,knn,image_segmentation,1668,418,18,7,size,18.0,,,,,,,
image_segmentation,2003,6,knn,imported_baseline,,0.94312297379419,0.94312297379419,94.312297379419,0.9553058334400116,"{""n_neighbors"": 1, ""weights"": ""uniform""}",3.228,ok,,knn,image_segmentation,1668,418,18,7,size,18.0,,,,,,,
image_segmentation,2004,7,knn,imported_baseline,,0.9400674678580174,0.9400674678580174,94.00674678580174,0.9553507473926232,"{""n_neighbors"": 1, ""weights"": ""uniform""}",1.651,ok,,knn,image_segmentation,1668,418,18,7,size,18.0,,,,,,,
image_segmentation,2005,8,knn,imported_baseline,,0.9445453330487202,0.9445453330487202,94.45453330487204,0.9540677086150792,"{""n_neighbors"": 1, ""weights"": ""uniform""}",1.75,ok,,knn,image_segmentation,1668,418,18,7,size,18.0,,,,,,,
image_segmentation,2006,9,knn,imported_baseline,,0.939688815026399,0.939688815026399,93.9688815026399,0.9500092046346802,"{""n_neighbors"": 1, ""weights"": ""uniform""}",2.059,ok,,knn,image_segmentation,1668,418,18,7,size,18.0,,,,,,,
image_segmentation,2007,10,knn,imported_baseline,,0.9616587513028062,0.9616587513028062,96.16587513028064,0.9469141769867692,"{""n_neighbors"": 1, ""weights"": ""uniform""}",1.703,ok,,knn,image_segmentation,1668,418,18,7,size,18.0,,,,,,,
image_segmentation,1998,1,logistic_regression,imported_baseline,,0.959418253924346,0.959418253924346,95.9418253924346,0.9528677210559656,"{""C"": 10000, ""penalty"": ""l2"", ""solver"": ""lbfgs""}",49.102,ok,,logistic_regression,image_segmentation,1668,418,18,7,size,19.0,,,,,,,
image_segmentation,1999,2,logistic_regression,imported_baseline,,0.948114317434927,0.948114317434927,94.8114317434927,0.9545998406759756,"{""C"": 10000, ""penalty"": ""l2"", ""solver"": ""lbfgs""}",53.142,ok,,logistic_regression,image_segmentation,1668,418,18,7,size,19.0,,,,,,,
image_segmentation,2000,3,logistic_regression,imported_baseline,,0.9568357491951732,0.9568357491951732,95.68357491951733,0.9529505640752431,"{""C"": 10000, ""penalty"": ""l2"", ""solver"": ""lbfgs""}",21.945,ok,,logistic_regression,image_segmentation,1668,418,18,7,size,19.0,,,,,,,
image_segmentation,2001,4,logistic_regression,imported_baseline,,0.9528088568760836,0.9528088568760836,95.28088568760838,0.9475955225092464,"{""C"": 100, ""penalty"": ""l2"", ""solver"": ""lbfgs""}",65.433,ok,,logistic_regression,image_segmentation,1668,418,18,7,size,19.0,,,,,,,
image_segmentation,2002,5,logistic_regression,imported_baseline,,0.957052885060665,0.957052885060665,95.7052885060665,0.9506560338822772,"{""C"": 10000, ""penalty"": ""l2"", ""solver"": ""lbfgs""}",54.722,ok,,logistic_regression,image_segmentation,1668,418,18,7,size,19.0,,,,,,,
image_segmentation,2003,6,logistic_regression,imported_baseline,,0.9458739329661716,0.9458739329661716,94.58739329661717,0.9547545049728544,"{""C"": 10000, ""penalty"": ""l2"", ""solver"": ""lbfgs""}",60.949,ok,,logistic_regression,image_segmentation,1668,418,18,7,size,19.0,,,,,,,
image_segmentation,2004,7,logistic_regression,imported_baseline,,0.9525548591483416,0.9525548591483416,95.25548591483415,0.9556462554082822,"{""C"": 10000, ""penalty"": ""l2"", ""solver"": ""lbfgs""}",45.077,ok,,logistic_regression,image_segmentation,1668,418,18,7,size,19.0,,,,,,,
image_segmentation,2005,8,logistic_regression,imported_baseline,,0.9570980036466692,0.9570980036466692,95.70980036466692,0.9526944654388506,"{""C"": 10000, ""penalty"": ""l2"", ""solver"": ""lbfgs""}",54.411,ok,,logistic_regression,image_segmentation,1668,418,18,7,size,19.0,,,,,,,
image_segmentation,2006,9,logistic_regression,imported_baseline,,0.9500653496824932,0.9500653496824932,95.00653496824934,0.9511509964535204,"{""C"": 10000, ""penalty"": ""l2"", ""solver"": ""lbfgs""}",43.697,ok,,logistic_regression,image_segmentation,1668,418,18,7,size,19.0,,,,,,,
image_segmentation,2007,10,logistic_regression,imported_baseline,,0.9548817296881136,0.9548817296881136,95.48817296881134,0.9546688555437328,"{""C"": 1000, ""penalty"": ""l2"", ""solver"": ""lbfgs""}",70.613,ok,,logistic_regression,image_segmentation,1668,418,18,7,size,19.0,,,,,,,
image_segmentation,1998,1,naive_bayes,imported_baseline,,0.7774922810788177,0.7774922810788177,77.74922810788178,0.7748194713964125,"{""var_smoothing"": 1e-07}",0.057,ok,,naive_bayes,image_segmentation,1668,418,18,7,size,74.0,,,,,,,
image_segmentation,1999,2,naive_bayes,imported_baseline,,0.7590427487913051,0.7590427487913051,75.90427487913051,0.7794201573469699,"{""var_smoothing"": 1e-08}",0.05,ok,,naive_bayes,image_segmentation,1668,418,18,7,size,74.0,,,,,,,
image_segmentation,2000,3,naive_bayes,imported_baseline,,0.7945500860266151,0.7945500860266151,79.45500860266151,0.7927147913430652,"{""var_smoothing"": 1e-09}",0.074,ok,,naive_bayes,image_segmentation,1668,418,18,7,size,74.0,,,,,,,
image_segmentation,2001,4,naive_bayes,imported_baseline,,0.7981325064036972,0.7981325064036972,79.81325064036972,0.7762347254231093,"{""var_smoothing"": 1e-08}",0.059,ok,,naive_bayes,image_segmentation,1668,418,18,7,size,74.0,,,,,,,
image_segmentation,2002,5,naive_bayes,imported_baseline,,0.8011770571279893,0.8011770571279893,80.11770571279892,0.7806971810529572,"{""var_smoothing"": 1e-08}",0.051,ok,,naive_bayes,image_segmentation,1668,418,18,7,size,74.0,,,,,,,
image_segmentation,2003,6,naive_bayes,imported_baseline,,0.7758837776232123,0.7758837776232123,77.58837776232123,0.7863072280235126,"{""var_smoothing"": 1e-07}",0.06,ok,,naive_bayes,image_segmentation,1668,418,18,7,size,74.0,,,,,,,
image_segmentation,2004,7,naive_bayes,imported_baseline,,0.784747046286172,0.784747046286172,78.4747046286172,0.778874671277869,"{""var_smoothing"": 1e-07}",0.049,ok,,naive_bayes,image_segmentation,1668,418,18,7,size,74.0,,,,,,,
image_segmentation,2005,8,naive_bayes,imported_baseline,,0.7710761139273926,0.7710761139273926,77.10761139273926,0.7804525972688761,"{""var_smoothing"": 1e-08}",0.051,ok,,naive_bayes,image_segmentation,1668,418,18,7,size,74.0,,,,,,,
image_segmentation,2006,9,naive_bayes,imported_baseline,,0.77270392608762,0.77270392608762,77.270392608762,0.7791001814985684,"{""var_smoothing"": 1e-07}",0.161,ok,,naive_bayes,image_segmentation,1668,418,18,7,size,74.0,,,,,,,
image_segmentation,2007,10,naive_bayes,imported_baseline,,0.7925149788426761,0.7925149788426761,79.25149788426761,0.7613473506391603,"{""var_smoothing"": 1e-07}",0.054,ok,,naive_bayes,image_segmentation,1668,418,18,7,size,74.0,,,,,,,
image_segmentation,1998,1,random_forest,imported_baseline,,0.9738790602274292,0.9738790602274292,97.38790602274292,0.9680820671684144,"{""bootstrap"": true, ""max_depth"": 20, ""max_features"": ""sqrt"", ""min_impurity_decrease"": 0.0, ""min_samples_leaf"": 1, ""min_samples_split"": 2, ""n_estimators"": 300}",23.57,ok,,random_forest,image_segmentation,1668,418,18,7,n_estimators,300.0,max_depth,20.0,,,,,
image_segmentation,1999,2,random_forest,imported_baseline,,0.966607323934077,0.966607323934077,96.6607323934077,0.9683512562112486,"{""bootstrap"": true, ""max_depth"": 20, ""max_features"": null, ""min_impurity_decrease"": 0.0, ""min_samples_leaf"": 1, ""min_samples_split"": 2, ""n_estimators"": 300}",25.475,ok,,random_forest,image_segmentation,1668,418,18,7,n_estimators,300.0,max_depth,20.0,,,,,
image_segmentation,2000,3,random_forest,imported_baseline,,0.9810112474741964,0.9810112474741964,98.10112474741965,0.9724055021638474,"{""bootstrap"": true, ""max_depth"": 20, ""max_features"": ""sqrt"", ""min_impurity_decrease"": 0.0, ""min_samples_leaf"": 1, ""min_samples_split"": 2, ""n_estimators"": 100}",22.699,ok,,random_forest,image_segmentation,1668,418,18,7,n_estimators,100.0,max_depth,20.0,,,,,
image_segmentation,2001,4,random_forest,imported_baseline,,0.9690998656515898,0.9690998656515898,96.90998656515896,0.9741277246871258,"{""bootstrap"": true, ""max_depth"": 20, ""max_features"": ""sqrt"", ""min_impurity_decrease"": 0.0, ""min_samples_leaf"": 1, ""min_samples_split"": 2, ""n_estimators"": 300}",23.478,ok,,random_forest,image_segmentation,1668,418,18,7,n_estimators,300.0,max_depth,20.0,,,,,
image_segmentation,2002,5,random_forest,imported_baseline,,0.9664912266216746,0.9664912266216746,96.64912266216746,0.9706154963262488,"{""bootstrap"": true, ""max_depth"": 20, ""max_features"": ""sqrt"", ""min_impurity_decrease"": 0.0, ""min_samples_leaf"": 1, ""min_samples_split"": 2, ""n_estimators"": 300}",23.431,ok,,random_forest,image_segmentation,1668,418,18,7,n_estimators,300.0,max_depth,20.0,,,,,
image_segmentation,2003,6,random_forest,imported_baseline,,0.9596953974450688,0.9596953974450688,95.96953974450687,0.9747886902248072,"{""bootstrap"": true, ""max_depth"": 10, ""max_features"": ""sqrt"", ""min_impurity_decrease"": 0.0, ""min_samples_leaf"": 1, ""min_samples_split"": 5, ""n_estimators"": 300}",23.059,ok,,random_forest,image_segmentation,1668,418,18,7,n_estimators,300.0,max_depth,10.0,,,,,
image_segmentation,2004,7,random_forest,imported_baseline,,0.9690876016638728,0.9690876016638728,96.90876016638728,0.973567544480811,"{""bootstrap"": true, ""max_depth"": 20, ""max_features"": ""sqrt"", ""min_impurity_decrease"": 0.0, ""min_samples_leaf"": 1, ""min_samples_split"": 2, ""n_estimators"": 300}",23.367,ok,,random_forest,image_segmentation,1668,418,18,7,n_estimators,300.0,max_depth,20.0,,,,,
image_segmentation,2005,8,random_forest,imported_baseline,,0.9688067790866988,0.9688067790866988,96.88067790866988,0.9730561786211396,"{""bootstrap"": true, ""max_depth"": 20, ""max_features"": ""sqrt"", ""min_impurity_decrease"": 0.0, ""min_samples_leaf"": 1, ""min_samples_split"": 2, ""n_estimators"": 100}",22.574,ok,,random_forest,image_segmentation,1668,418,18,7,n_estimators,100.0,max_depth,20.0,,,,,
image_segmentation,2006,9,random_forest,imported_baseline,,0.9786086167202558,0.9786086167202558,97.86086167202558,0.973656158822132,"{""bootstrap"": true, ""max_depth"": 20, ""max_features"": ""sqrt"", ""min_impurity_decrease"": 0.0, ""min_samples_leaf"": 1, ""min_samples_split"": 5, ""n_estimators"": 100}",22.902,ok,,random_forest,image_segmentation,1668,418,18,7,n_estimators,100.0,max_depth,20.0,,,,,
image_segmentation,2007,10,random_forest,imported_baseline,,0.976142310396001,0.976142310396001,97.6142310396001,0.968792154924787,"{""bootstrap"": true, ""max_depth"": 20, ""max_features"": ""sqrt"", ""min_impurity_decrease"": 0.0, ""min_samples_leaf"": 1, ""min_samples_split"": 2, ""n_estimators"": 100}",22.561,ok,,random_forest,image_segmentation,1668,418,18,7,n_estimators,100.0,max_depth,20.0,,,,,
image_segmentation,1998,1,svm,imported_baseline,,0.9621341219414596,0.9621341219414596,96.21341219414596,0.9586314505013458,"{""C"": 10.0, ""gamma"": ""scale"", ""kernel"": ""rbf""}",0.273,ok,,svm,image_segmentation,1668,418,18,7,n_support_vectors,406.0,size,7716.0,,,,,
image_segmentation,1999,2,svm,imported_baseline,,0.9506197346567148,0.9506197346567148,95.06197346567149,0.9617123058587038,"{""C"": 10.0, ""gamma"": ""scale"", ""kernel"": ""rbf""}",0.271,ok,,svm,image_segmentation,1668,418,18,7,n_support_vectors,413.0,size,7849.0,,,,,
image_segmentation,2000,3,svm,imported_baseline,,0.9643377736463083,0.9643377736463083,96.43377736463084,0.956384831492214,"{""C"": 10.0, ""gamma"": ""scale"", ""kernel"": ""rbf""}",0.525,ok,,svm,image_segmentation,1668,418,18,7,n_support_vectors,403.0,size,7659.0,,,,,
image_segmentation,2001,4,svm,imported_baseline,,0.961835102750357,0.961835102750357,96.1835102750357,0.956143108632243,"{""C"": 10.0, ""gamma"": ""scale"", ""kernel"": ""rbf""}",0.259,ok,,svm,image_segmentation,1668,418,18,7,n_support_vectors,418.0,size,7944.0,,,,,
image_segmentation,2002,5,svm,imported_baseline,,0.9453324453324452,0.9453324453324452,94.53324453324451,0.9541184446263026,"{""C"": 10.0, ""gamma"": ""scale"", ""kernel"": ""linear""}",0.283,ok,,svm,image_segmentation,1668,418,18,7,size,19.0,,,,,,,
image_segmentation,2003,6,svm,imported_baseline,,0.9369578755369437,0.9369578755369437,93.69578755369436,0.9623579213983694,"{""C"": 10.0, ""gamma"": ""scale"", ""kernel"": ""rbf""}",0.261,ok,,svm,image_segmentation,1668,418,18,7,n_support_vectors,390.0,size,7412.0,,,,,
image_segmentation,2004,7,svm,imported_baseline,,0.9550414590213226,0.9550414590213226,95.50414590213228,0.9599263005987642,"{""C"": 10.0, ""gamma"": ""scale"", ""kernel"": ""rbf""}",0.253,ok,,svm,image_segmentation,1668,418,18,7,n_support_vectors,414.0,size,7868.0,,,,,
image_segmentation,2005,8,svm,imported_baseline,,0.9527663167831236,0.9527663167831236,95.27663167831236,0.9516164568060702,"{""C"": 10.0, ""gamma"": ""scale"", ""kernel"": ""rbf""}",0.277,ok,,svm,image_segmentation,1668,418,18,7,n_support_vectors,409.0,size,7773.0,,,,,
image_segmentation,2006,9,svm,imported_baseline,,0.959558905529425,0.959558905529425,95.9558905529425,0.954951970483098,"{""C"": 10.0, ""gamma"": ""scale"", ""kernel"": ""rbf""}",0.375,ok,,svm,image_segmentation,1668,418,18,7,n_support_vectors,415.0,size,7887.0,,,,,
image_segmentation,2007,10,svm,imported_baseline,,0.9547155463950532,0.9547155463950532,95.47155463950531,0.956000061110364,"{""C"": 10.0, ""gamma"": ""scale"", ""kernel"": ""linear""}",0.273,ok,,svm,image_segmentation,1668,418,18,7,size,19.0,,,,,,,
image_segmentation,1998,1,xgboost,imported_baseline,,0.9809674355988576,0.9809674355988576,98.09674355988577,0.9778068396932104,"{""colsample_bytree"": 0.8, ""learning_rate"": 0.1, ""max_depth"": 5, ""n_estimators"": 200, ""reg_alpha"": 0, ""reg_lambda"": 1e-05, ""scale_pos_weight"": 1, ""subsample"": 0.8}",7.147,ok,,xgboost,image_segmentation,1668,418,18,7,n_estimators,200.0,max_depth,5.0,,,,,
image_segmentation,1999,2,xgboost,imported_baseline,,0.9736598309195827,0.9736598309195827,97.36598309195828,0.9778588209374302,"{""colsample_bytree"": 0.8, ""learning_rate"": 0.1, ""max_depth"": 3, ""n_estimators"": 200, ""reg_alpha"": 0, ""reg_lambda"": 1e-05, ""scale_pos_weight"": 1, ""subsample"": 0.8}",6.721,ok,,xgboost,image_segmentation,1668,418,18,7,n_estimators,200.0,max_depth,3.0,,,,,
image_segmentation,2000,3,xgboost,imported_baseline,,0.9857510346015216,0.9857510346015216,98.57510346015216,0.9778046218078824,"{""colsample_bytree"": 0.8, ""learning_rate"": 0.1, ""max_depth"": 3, ""n_estimators"": 200, ""reg_alpha"": 0, ""reg_lambda"": 1e-05, ""scale_pos_weight"": 1, ""subsample"": 0.8}",7.481,ok,,xgboost,image_segmentation,1668,418,18,7,n_estimators,200.0,max_depth,3.0,,,,,
image_segmentation,2001,4,xgboost,imported_baseline,,0.980929676384222,0.980929676384222,98.0929676384222,0.9778440013621768,"{""colsample_bytree"": 0.8, ""learning_rate"": 0.1, ""max_depth"": 5, ""n_estimators"": 200, ""reg_alpha"": 0, ""reg_lambda"": 1e-05, ""scale_pos_weight"": 1, ""subsample"": 0.8}",7.074,ok,,xgboost,image_segmentation,1668,418,18,7,n_estimators,200.0,max_depth,5.0,,,,,
image_segmentation,2002,5,xgboost,imported_baseline,,0.9856732857077258,0.9856732857077258,98.5673285707726,0.9772814052454372,"{""colsample_bytree"": 0.8, ""learning_rate"": 0.05, ""max_depth"": 5, ""n_estimators"": 200, ""reg_alpha"": 0, ""reg_lambda"": 1e-05, ""scale_pos_weight"": 1, ""subsample"": 0.8}",7.999,ok,,xgboost,image_segmentation,1668,418,18,7,n_estimators,200.0,max_depth,5.0,,,,,
image_segmentation,2003,6,xgboost,imported_baseline,,0.959636512516201,0.959636512516201,95.96365125162008,0.9808143007156784,"{""colsample_bytree"": 0.8, ""learning_rate"": 0.1, ""max_depth"": 5, ""n_estimators"": 200, ""reg_alpha"": 0, ""reg_lambda"": 1e-05, ""scale_pos_weight"": 1, ""subsample"": 0.8}",7.2,ok,,xgboost,image_segmentation,1668,418,18,7,n_estimators,200.0,max_depth,5.0,,,,,
image_segmentation,2004,7,xgboost,imported_baseline,,0.9667172614258188,0.9667172614258188,96.67172614258187,0.97904273814695,"{""colsample_bytree"": 0.8, ""learning_rate"": 0.1, ""max_depth"": 3, ""n_estimators"": 200, ""reg_alpha"": 0, ""reg_lambda"": 1e-05, ""scale_pos_weight"": 1, ""subsample"": 0.8}",6.683,ok,,xgboost,image_segmentation,1668,418,18,7,n_estimators,200.0,max_depth,3.0,,,,,
image_segmentation,2005,8,xgboost,imported_baseline,,0.9787172277330836,0.9787172277330836,97.87172277330836,0.9779077252622124,"{""colsample_bytree"": 0.8, ""learning_rate"": 0.1, ""max_depth"": 3, ""n_estimators"": 200, ""reg_alpha"": 0, ""reg_lambda"": 1e-05, ""scale_pos_weight"": 1, ""subsample"": 0.8}",6.701,ok,,xgboost,image_segmentation,1668,418,18,7,n_estimators,200.0,max_depth,3.0,,,,,
image_segmentation,2006,9,xgboost,imported_baseline,,0.9857054488497402,0.9857054488497402,98.57054488497404,0.9755099141882898,"{""colsample_bytree"": 0.8, ""learning_rate"": 0.1, ""max_depth"": 3, ""n_estimators"": 200, ""reg_alpha"": 0, ""reg_lambda"": 1e-05, ""scale_pos_weight"": 1, ""subsample"": 0.8}",7.44,ok,,xgboost,image_segmentation,1668,418,18,7,n_estimators,200.0,max_depth,3.0,,,,,
image_segmentation,2007,10,xgboost,imported_baseline,,0.971222479380518,0.971222479380518,97.1222479380518,0.9766187336305532,"{""colsample_bytree"": 0.8, ""learning_rate"": 0.1, ""max_depth"": 3, ""n_estimators"": 200, ""reg_alpha"": 0, ""reg_lambda"": 1e-05, ""scale_pos_weight"": 1, ""subsample"": 0.8}",6.751,ok,,xgboost,image_segmentation,1668,418,18,7,n_estimators,200.0,max_depth,3.0,,,,,
