dataset,method,metric,k,primary_f1_mean,primary_f1_std,primary_f1_ci95,accuracy_mean,accuracy_std,accuracy_ci95,macro_f1_mean,macro_f1_std,macro_f1_ci95,weighted_f1_mean,weighted_f1_std,weighted_f1_ci95,retained_mean,retained_std,retained_ci95,compression_ratio_mean,compression_ratio_std,compression_ratio_ci95,runs,repeat_rows,source,elapsed_seconds_mean
breast_cancer,decision_tree,imported_baseline,,0.9085720284277338,0.0292481201717945,0.0209213911421923,,,,0.9085720284277338,0.0292481201717945,0.0209213911421923,,,,,,,,,,10,10,imported_baseline,0.1076
breast_cancer,fcalc_deterministic,imported_baseline,,0.908873620135632,0.0313184444249986,0.0224023090007772,,,,0.908873620135632,0.0313184444249986,0.0224023090007772,,,,,,,,,,10,10,imported_baseline,29.8506
breast_cancer,fcalc_randomized,imported_baseline,,0.936823193350919,0.0403588863996171,0.028869002297247,,,,0.936823193350919,0.0403588863996171,0.028869002297247,,,,,,,,,,10,10,imported_baseline,32.0286
breast_cancer,global_topk,balanced_precision_proxy,388.0,0.3870967741935484,0.0,0.0,0.631578947368421,0.0,0.0,0.3870967741935484,0.0,0.0,0.4889643463497453,5.851389114294502e-17,4.18554080283684e-17,388.0,0.0,0.0,0.8527472527472527,0.0,0.0,10,10,ranked_lazyfca,
breast_cancer,global_topk,chi_squared,388.0,0.3870967741935484,0.0,0.0,0.631578947368421,0.0,0.0,0.3870967741935484,0.0,0.0,0.4889643463497453,5.851389114294502e-17,4.18554080283684e-17,388.0,0.0,0.0,0.8527472527472527,0.0,0.0,10,10,ranked_lazyfca,
breast_cancer,global_topk,delta_stability,5.0,0.96529077333779,0.0234978039986086,0.0168081485425358,0.968421052631579,0.0211660363401799,0.0151402183320416,0.96529077333779,0.0234978039986086,0.0168081485425358,0.9680298362647956,0.0215471554689184,0.0154128355914509,5.0,0.0,0.0,0.0109890109890108,1.8285590982170327e-18,1.307981500886513e-18,10,10,ranked_lazyfca,
breast_cancer,global_topk,description_volume,19.0,0.928166250456708,0.0242911160960855,0.0173756104030472,0.935964912280702,0.0206963021861829,0.0148042141064403,0.928166250456708,0.0242911160960855,0.0173756104030472,0.9343810125501262,0.0218028363467986,0.0155957259660217,19.0,0.0,0.0,0.0417582417582417,7.314236392868129e-18,5.23192600354605e-18,10,10,ranked_lazyfca,
breast_cancer,global_topk,error_rate,5.0,0.96529077333779,0.0234978039986086,0.0168081485425358,0.968421052631579,0.0211660363401799,0.0151402183320416,0.96529077333779,0.0234978039986086,0.0168081485425358,0.9680298362647956,0.0215471554689184,0.0154128355914509,5.0,0.0,0.0,0.0109890109890108,1.8285590982170327e-18,1.307981500886513e-18,10,10,ranked_lazyfca,
breast_cancer,global_topk,fn,388.0,0.3870967741935484,0.0,0.0,0.631578947368421,0.0,0.0,0.3870967741935484,0.0,0.0,0.4889643463497453,5.851389114294502e-17,4.18554080283684e-17,388.0,0.0,0.0,0.8527472527472527,0.0,0.0,10,10,ranked_lazyfca,
breast_cancer,global_topk,fp,5.0,0.96529077333779,0.0234978039986086,0.0168081485425358,0.968421052631579,0.0211660363401799,0.0151402183320416,0.96529077333779,0.0234978039986086,0.0168081485425358,0.9680298362647956,0.0215471554689184,0.0154128355914509,5.0,0.0,0.0,0.0109890109890108,1.8285590982170327e-18,1.307981500886513e-18,10,10,ranked_lazyfca,
breast_cancer,global_topk,g_test,388.0,0.3870967741935484,0.0,0.0,0.631578947368421,0.0,0.0,0.3870967741935484,0.0,0.0,0.4889643463497453,5.851389114294502e-17,4.18554080283684e-17,388.0,0.0,0.0,0.8527472527472527,0.0,0.0,10,10,ranked_lazyfca,
breast_cancer,global_topk,gini_gain,388.0,0.3870967741935484,0.0,0.0,0.631578947368421,0.0,0.0,0.3870967741935484,0.0,0.0,0.4889643463497453,5.851389114294502e-17,4.18554080283684e-17,388.0,0.0,0.0,0.8527472527472527,0.0,0.0,10,10,ranked_lazyfca,
breast_cancer,global_topk,information_gain,388.0,0.3870967741935484,0.0,0.0,0.631578947368421,0.0,0.0,0.3870967741935484,0.0,0.0,0.4889643463497453,5.851389114294502e-17,4.18554080283684e-17,388.0,0.0,0.0,0.8527472527472527,0.0,0.0,10,10,ranked_lazyfca,
breast_cancer,global_topk,interval_tightness,5.0,0.96529077333779,0.0234978039986086,0.0168081485425358,0.968421052631579,0.0211660363401799,0.0151402183320416,0.96529077333779,0.0234978039986086,0.0168081485425358,0.9680298362647956,0.0215471554689184,0.0154128355914509,5.0,0.0,0.0,0.0109890109890108,1.8285590982170327e-18,1.307981500886513e-18,10,10,ranked_lazyfca,
breast_cancer,global_topk,lift,388.0,0.3870967741935484,0.0,0.0,0.631578947368421,0.0,0.0,0.3870967741935484,0.0,0.0,0.4889643463497453,5.851389114294502e-17,4.18554080283684e-17,388.0,0.0,0.0,0.8527472527472527,0.0,0.0,10,10,ranked_lazyfca,
breast_cancer,global_topk,log_odds_ratio,31.0,0.9372533718728104,0.0266686867534482,0.0190763038287687,0.9438596491228072,0.0227243967575736,0.0162549247692862,0.9372533718728104,0.0266686867534482,0.0190763038287687,0.94259370296559,0.0239384309176315,0.0171233321531921,31.0,0.0,0.0,0.0681318681318681,0.0,0.0,10,10,ranked_lazyfca,
breast_cancer,global_topk,log_odds_ratio_log_tp,31.0,0.936174248204204,0.0285005903266642,0.0203866776567247,0.942982456140351,0.0242002125105947,0.017310586413228,0.936174248204204,0.0285005903266642,0.0203866776567247,0.9416398045518688,0.0255525164320253,0.0182778991539167,31.0,0.0,0.0,0.0681318681318681,0.0,0.0,10,10,ranked_lazyfca,
breast_cancer,global_topk,matthews_correlation,388.0,0.3870967741935484,0.0,0.0,0.631578947368421,0.0,0.0,0.3870967741935484,0.0,0.0,0.4889643463497453,5.851389114294502e-17,4.18554080283684e-17,388.0,0.0,0.0,0.8527472527472527,0.0,0.0,10,10,ranked_lazyfca,
breast_cancer,global_topk,precision,5.0,0.96529077333779,0.0234978039986086,0.0168081485425358,0.968421052631579,0.0211660363401799,0.0151402183320416,0.96529077333779,0.0234978039986086,0.0168081485425358,0.9680298362647956,0.0215471554689184,0.0154128355914509,5.0,0.0,0.0,0.0109890109890108,1.8285590982170327e-18,1.307981500886513e-18,10,10,ranked_lazyfca,
breast_cancer,global_topk,precision_log_tp,58.0,0.9340859557402398,0.0261845288617376,0.0187299821996328,0.9412280701754387,0.0222875309943386,0.0159424315404705,0.9340859557402398,0.0261845288617376,0.0187299821996328,0.9397816101823352,0.0234967350645054,0.0168073839262683,58.0,0.0,0.0,0.1274725274725274,0.0,0.0,10,10,ranked_lazyfca,
breast_cancer,global_topk,precision_sqrt_tp,50.0,0.9341789097958332,0.0252783158142618,0.0180817614759406,0.9412280701754387,0.021506638068343,0.0153838532028214,0.9341789097958332,0.0252783158142618,0.0180817614759406,0.9398311285575078,0.0226776602949627,0.0162214938407635,50.0,0.0,0.0,0.1098901098901098,0.0,0.0,10,10,ranked_lazyfca,
breast_cancer,global_topk,query_binary_similarity,5.0,0.96529077333779,0.0234978039986086,0.0168081485425358,0.968421052631579,0.0211660363401799,0.0151402183320416,0.96529077333779,0.0234978039986086,0.0168081485425358,0.9680298362647956,0.0215471554689184,0.0154128355914509,5.0,0.0,0.0,0.0109890109890108,1.8285590982170327e-18,1.307981500886513e-18,10,10,ranked_lazyfca,
breast_cancer,global_topk,query_numeric_similarity,5.0,0.96529077333779,0.0234978039986086,0.0168081485425358,0.968421052631579,0.0211660363401799,0.0151402183320416,0.96529077333779,0.0234978039986086,0.0168081485425358,0.9680298362647956,0.0215471554689184,0.0154128355914509,5.0,0.0,0.0,0.0109890109890108,1.8285590982170327e-18,1.307981500886513e-18,10,10,ranked_lazyfca,
breast_cancer,global_topk,query_similarity,5.0,0.96529077333779,0.0234978039986086,0.0168081485425358,0.968421052631579,0.0211660363401799,0.0151402183320416,0.96529077333779,0.0234978039986086,0.0168081485425358,0.9680298362647956,0.0215471554689184,0.0154128355914509,5.0,0.0,0.0,0.0109890109890108,1.8285590982170327e-18,1.307981500886513e-18,10,10,ranked_lazyfca,
breast_cancer,global_topk,query_weighted_log_odds_ratio,31.0,0.9372533718728104,0.0266686867534482,0.0190763038287687,0.9438596491228072,0.0227243967575736,0.0162549247692862,0.9372533718728104,0.0266686867534482,0.0190763038287687,0.94259370296559,0.0239384309176315,0.0171233321531921,31.0,0.0,0.0,0.0681318681318681,0.0,0.0,10,10,ranked_lazyfca,
breast_cancer,global_topk,query_weighted_log_odds_ratio_log_tp,31.0,0.936174248204204,0.0285005903266642,0.0203866776567247,0.942982456140351,0.0242002125105947,0.017310586413228,0.936174248204204,0.0285005903266642,0.0203866776567247,0.9416398045518688,0.0255525164320253,0.0182778991539167,31.0,0.0,0.0,0.0681318681318681,0.0,0.0,10,10,ranked_lazyfca,
breast_cancer,global_topk,query_weighted_precision,5.0,0.96529077333779,0.0234978039986086,0.0168081485425358,0.968421052631579,0.0211660363401799,0.0151402183320416,0.96529077333779,0.0234978039986086,0.0168081485425358,0.9680298362647956,0.0215471554689184,0.0154128355914509,5.0,0.0,0.0,0.0109890109890108,1.8285590982170327e-18,1.307981500886513e-18,10,10,ranked_lazyfca,
breast_cancer,global_topk,query_weighted_precision_log_tp,31.0,0.936174248204204,0.0285005903266642,0.0203866776567247,0.942982456140351,0.0242002125105947,0.017310586413228,0.936174248204204,0.0285005903266642,0.0203866776567247,0.9416398045518688,0.0255525164320253,0.0182778991539167,31.0,0.0,0.0,0.0681318681318681,0.0,0.0,10,10,ranked_lazyfca,
breast_cancer,global_topk,query_weighted_precision_sqrt_tp,31.0,0.936174248204204,0.0285005903266642,0.0203866776567247,0.942982456140351,0.0242002125105947,0.017310586413228,0.936174248204204,0.0285005903266642,0.0203866776567247,0.9416398045518688,0.0255525164320253,0.0182778991539167,31.0,0.0,0.0,0.0681318681318681,0.0,0.0,10,10,ranked_lazyfca,
breast_cancer,global_topk,query_weighted_wracc,388.0,0.3870967741935484,0.0,0.0,0.631578947368421,0.0,0.0,0.3870967741935484,0.0,0.0,0.4889643463497453,5.851389114294502e-17,4.18554080283684e-17,388.0,0.0,0.0,0.8527472527472527,0.0,0.0,10,10,ranked_lazyfca,
breast_cancer,global_topk,robustness,50.0,0.9301214017763748,0.0249840545669437,0.0178712742850726,0.937719298245614,0.0212667795859276,0.0152122807017543,0.9301214017763748,0.0249840545669437,0.0178712742850726,0.9361698307884684,0.0224186315026314,0.0160362086788584,50.0,0.0,0.0,0.1098901098901098,0.0,0.0,10,10,ranked_lazyfca,
breast_cancer,global_topk,simplicity_prior,5.0,0.96529077333779,0.0234978039986086,0.0168081485425358,0.968421052631579,0.0211660363401799,0.0151402183320416,0.96529077333779,0.0234978039986086,0.0168081485425358,0.9680298362647956,0.0215471554689184,0.0154128355914509,5.0,0.0,0.0,0.0109890109890108,1.8285590982170327e-18,1.307981500886513e-18,10,10,ranked_lazyfca,
breast_cancer,global_topk,stability,50.0,0.9301214017763748,0.0249840545669437,0.0178712742850726,0.937719298245614,0.0212667795859276,0.0152122807017543,0.9301214017763748,0.0249840545669437,0.0178712742850726,0.9361698307884684,0.0224186315026314,0.0160362086788584,50.0,0.0,0.0,0.1098901098901098,0.0,0.0,10,10,ranked_lazyfca,
breast_cancer,global_topk,support,388.0,0.3870967741935484,0.0,0.0,0.631578947368421,0.0,0.0,0.3870967741935484,0.0,0.0,0.4889643463497453,5.851389114294502e-17,4.18554080283684e-17,388.0,0.0,0.0,0.8527472527472527,0.0,0.0,10,10,ranked_lazyfca,
breast_cancer,global_topk,supporter_opposer_ratio,5.0,0.96529077333779,0.0234978039986086,0.0168081485425358,0.968421052631579,0.0211660363401799,0.0151402183320416,0.96529077333779,0.0234978039986086,0.0168081485425358,0.9680298362647956,0.0215471554689184,0.0154128355914509,5.0,0.0,0.0,0.0109890109890108,1.8285590982170327e-18,1.307981500886513e-18,10,10,ranked_lazyfca,
breast_cancer,global_topk,tn,388.0,0.3870967741935484,0.0,0.0,0.631578947368421,0.0,0.0,0.3870967741935484,0.0,0.0,0.4889643463497453,5.851389114294502e-17,4.18554080283684e-17,388.0,0.0,0.0,0.8527472527472527,0.0,0.0,10,10,ranked_lazyfca,
breast_cancer,global_topk,tp,50.0,0.9301214017763748,0.0249840545669437,0.0178712742850726,0.937719298245614,0.0212667795859276,0.0152122807017543,0.9301214017763748,0.0249840545669437,0.0178712742850726,0.9361698307884684,0.0224186315026314,0.0160362086788584,50.0,0.0,0.0,0.1098901098901098,0.0,0.0,10,10,ranked_lazyfca,
breast_cancer,global_topk,wracc,388.0,0.3870967741935484,0.0,0.0,0.631578947368421,0.0,0.0,0.3870967741935484,0.0,0.0,0.4889643463497453,5.851389114294502e-17,4.18554080283684e-17,388.0,0.0,0.0,0.8527472527472527,0.0,0.0,10,10,ranked_lazyfca,
breast_cancer,global_topk,youdens_j,388.0,0.3870967741935484,0.0,0.0,0.631578947368421,0.0,0.0,0.3870967741935484,0.0,0.0,0.4889643463497453,5.851389114294502e-17,4.18554080283684e-17,388.0,0.0,0.0,0.8527472527472527,0.0,0.0,10,10,ranked_lazyfca,
breast_cancer,ips_knn,imported_baseline,,0.9532253375557088,0.0291111316711997,0.0208234022804776,,,,0.9532253375557088,0.0291111316711997,0.0208234022804776,,,,,,,,,,10,10,imported_baseline,30.5774
breast_cancer,knn,imported_baseline,,0.9514031024119586,0.027241007335987,0.0194856888660187,,,,0.9514031024119586,0.027241007335987,0.0194856888660187,,,,,,,,,,10,10,imported_baseline,0.5298
breast_cancer,logistic_regression,imported_baseline,,0.96606488244617,0.0284611466012174,0.0203584632756523,,,,0.96606488244617,0.0284611466012174,0.0203584632756523,,,,,,,,,,10,10,imported_baseline,27.416999999999994
breast_cancer,naive_bayes,imported_baseline,,0.9200589307632022,0.0303760622094977,0.0217282162105351,,,,0.9200589307632022,0.0303760622094977,0.0217282162105351,,,,,,,,,,10,10,imported_baseline,0.0201999999999999
breast_cancer,random_forest,imported_baseline,,0.9504529065488848,0.0285026868794826,0.020388177336065,,,,0.9504529065488848,0.0285026868794826,0.020388177336065,,,,,,,,,,10,10,imported_baseline,7.566200000000002
breast_cancer,random_topk,random,9.0,0.5012237322086677,0.0242008110435046,0.0173110145481319,0.5892982456140352,0.0207326231018151,0.014830194719147,0.5012237322086677,0.0242008110435046,0.0173110145481319,0.5561826801551021,0.0213768453483553,0.0152910115348331,9.0,0.0,0.0,0.0197802197802197,3.657118196434065e-18,2.615963001773025e-18,10,50,ranked_lazyfca,
breast_cancer,svm,imported_baseline,,0.9588659412572352,0.0266991210514603,0.0190980737014685,,,,0.9588659412572352,0.0266991210514603,0.0190980737014685,,,,,,,,,,10,10,imported_baseline,0.0873
breast_cancer,xgboost,imported_baseline,,0.9653277162247396,0.0268884156085952,0.0192334774623819,,,,0.9653277162247396,0.0268884156085952,0.0192334774623819,,,,,,,,,,10,10,imported_baseline,0.3017999999999999
ionosphere,decision_tree,imported_baseline,,0.8645135375537562,0.0536048933219177,0.0383439665091652,,,,0.8645135375537562,0.0536048933219177,0.0383439665091652,,,,,,,,,,10,10,imported_baseline,0.1154999999999999
ionosphere,fcalc_deterministic,imported_baseline,,0.6073798445598196,0.1127513893102697,0.0806518813424656,,,,0.6073798445598196,0.1127513893102697,0.0806518813424656,,,,,,,,,,10,10,imported_baseline,9.1624
ionosphere,fcalc_randomized,imported_baseline,,0.7534949418953351,0.0811923138719817,0.0580774472437198,,,,0.7534949418953351,0.0811923138719817,0.0580774472437198,,,,,,,,,,10,10,imported_baseline,16.7306
ionosphere,global_topk,balanced_precision_proxy,5.0,0.437453192297368,0.0487980380262338,0.0349055882744539,0.4661971830985916,0.0384001972707577,0.02746793784763,0.437453192297368,0.0487980380262338,0.0349055882744539,0.4002341195010414,0.057433107967427,0.0410823160340077,5.0,0.0,0.0,0.0178571428571428,0.0,0.0,10,10,ranked_lazyfca,
ionosphere,global_topk,chi_squared,213.0,0.3931623931623931,0.0,0.0,0.647887323943662,0.0,0.0,0.3931623931623931,0.0,0.0,0.5094498615625376,0.0,0.0,213.0,0.0,0.0,0.7607142857142858,1.1702778228589004e-16,8.37108160567368e-17,10,10,ranked_lazyfca,
ionosphere,global_topk,delta_stability,5.0,0.8887017442150625,0.0454445239168735,0.0325067954641574,0.9014084507042252,0.0387146068133114,0.0276928372592833,0.8887017442150625,0.0454445239168735,0.0325067954641574,0.8997748510653233,0.0402054600657071,0.028759255334899,5.0,0.0,0.0,0.0178571428571428,0.0,0.0,10,10,ranked_lazyfca,
ionosphere,global_topk,description_volume,1.0,0.9003024918462778,0.0282021775962375,0.0201732208800705,0.9140845070422536,0.0224666405896815,0.0160705499248138,0.9003024918462778,0.0282021775962375,0.0201732208800705,0.911232035720822,0.0243782022119858,0.0174379037293568,1.0,0.0,0.0,0.0035714285714285,4.571397745542582e-19,3.2699537522162814e-19,10,10,ranked_lazyfca,
ionosphere,global_topk,error_rate,1.0,0.9003024918462778,0.0282021775962375,0.0201732208800705,0.9140845070422536,0.0224666405896815,0.0160705499248138,0.9003024918462778,0.0282021775962375,0.0201732208800705,0.911232035720822,0.0243782022119858,0.0174379037293568,1.0,0.0,0.0,0.0035714285714285,4.571397745542582e-19,3.2699537522162814e-19,10,10,ranked_lazyfca,
ionosphere,global_topk,fn,213.0,0.3931623931623931,0.0,0.0,0.647887323943662,0.0,0.0,0.3931623931623931,0.0,0.0,0.5094498615625376,0.0,0.0,213.0,0.0,0.0,0.7607142857142858,1.1702778228589004e-16,8.37108160567368e-17,10,10,ranked_lazyfca,
ionosphere,global_topk,fp,1.0,0.9003024918462778,0.0282021775962375,0.0201732208800705,0.9140845070422536,0.0224666405896815,0.0160705499248138,0.9003024918462778,0.0282021775962375,0.0201732208800705,0.911232035720822,0.0243782022119858,0.0174379037293568,1.0,0.0,0.0,0.0035714285714285,4.571397745542582e-19,3.2699537522162814e-19,10,10,ranked_lazyfca,
ionosphere,global_topk,g_test,213.0,0.3931623931623931,0.0,0.0,0.647887323943662,0.0,0.0,0.3931623931623931,0.0,0.0,0.5094498615625376,0.0,0.0,213.0,0.0,0.0,0.7607142857142858,1.1702778228589004e-16,8.37108160567368e-17,10,10,ranked_lazyfca,
ionosphere,global_topk,gini_gain,213.0,0.3931623931623931,0.0,0.0,0.647887323943662,0.0,0.0,0.3931623931623931,0.0,0.0,0.5094498615625376,0.0,0.0,213.0,0.0,0.0,0.7607142857142858,1.1702778228589004e-16,8.37108160567368e-17,10,10,ranked_lazyfca,
ionosphere,global_topk,information_gain,213.0,0.3931623931623931,0.0,0.0,0.647887323943662,0.0,0.0,0.3931623931623931,0.0,0.0,0.5094498615625376,0.0,0.0,213.0,0.0,0.0,0.7607142857142858,1.1702778228589004e-16,8.37108160567368e-17,10,10,ranked_lazyfca,
ionosphere,global_topk,interval_tightness,1.0,0.9003024918462778,0.0282021775962375,0.0201732208800705,0.9140845070422536,0.0224666405896815,0.0160705499248138,0.9003024918462778,0.0282021775962375,0.0201732208800705,0.911232035720822,0.0243782022119858,0.0174379037293568,1.0,0.0,0.0,0.0035714285714285,4.571397745542582e-19,3.2699537522162814e-19,10,10,ranked_lazyfca,
ionosphere,global_topk,lift,213.0,0.3931623931623931,0.0,0.0,0.647887323943662,0.0,0.0,0.3931623931623931,0.0,0.0,0.5094498615625376,0.0,0.0,213.0,0.0,0.0,0.7607142857142858,1.1702778228589004e-16,8.37108160567368e-17,10,10,ranked_lazyfca,
ionosphere,global_topk,log_odds_ratio,10.0,0.905238657762388,0.0260151852724763,0.0186088495098207,0.9169014084507042,0.0224666405896815,0.0160705499248138,0.905238657762388,0.0260151852724763,0.0186088495098207,0.915056110108488,0.0231545811476471,0.0165626387637286,10.0,0.0,0.0,0.0357142857142857,0.0,0.0,10,10,ranked_lazyfca,
ionosphere,global_topk,log_odds_ratio_log_tp,10.0,0.905238657762388,0.0260151852724763,0.0186088495098207,0.9169014084507042,0.0224666405896815,0.0160705499248138,0.905238657762388,0.0260151852724763,0.0186088495098207,0.915056110108488,0.0231545811476471,0.0165626387637286,10.0,0.0,0.0,0.0357142857142857,0.0,0.0,10,10,ranked_lazyfca,
ionosphere,global_topk,matthews_correlation,213.0,0.3931623931623931,0.0,0.0,0.647887323943662,0.0,0.0,0.3931623931623931,0.0,0.0,0.5094498615625376,0.0,0.0,213.0,0.0,0.0,0.7607142857142858,1.1702778228589004e-16,8.37108160567368e-17,10,10,ranked_lazyfca,
ionosphere,global_topk,precision,1.0,0.9003024918462778,0.0282021775962375,0.0201732208800705,0.9140845070422536,0.0224666405896815,0.0160705499248138,0.9003024918462778,0.0282021775962375,0.0201732208800705,0.911232035720822,0.0243782022119858,0.0174379037293568,1.0,0.0,0.0,0.0035714285714285,4.571397745542582e-19,3.2699537522162814e-19,10,10,ranked_lazyfca,
ionosphere,global_topk,precision_log_tp,10.0,0.905238657762388,0.0260151852724763,0.0186088495098207,0.9169014084507042,0.0224666405896815,0.0160705499248138,0.905238657762388,0.0260151852724763,0.0186088495098207,0.915056110108488,0.0231545811476471,0.0165626387637286,10.0,0.0,0.0,0.0357142857142857,0.0,0.0,10,10,ranked_lazyfca,
ionosphere,global_topk,precision_sqrt_tp,10.0,0.905238657762388,0.0260151852724763,0.0186088495098207,0.9169014084507042,0.0224666405896815,0.0160705499248138,0.905238657762388,0.0260151852724763,0.0186088495098207,0.915056110108488,0.0231545811476471,0.0165626387637286,10.0,0.0,0.0,0.0357142857142857,0.0,0.0,10,10,ranked_lazyfca,
ionosphere,global_topk,query_binary_similarity,1.0,0.9003024918462778,0.0282021775962375,0.0201732208800705,0.9140845070422536,0.0224666405896815,0.0160705499248138,0.9003024918462778,0.0282021775962375,0.0201732208800705,0.911232035720822,0.0243782022119858,0.0174379037293568,1.0,0.0,0.0,0.0035714285714285,4.571397745542582e-19,3.2699537522162814e-19,10,10,ranked_lazyfca,
ionosphere,global_topk,query_numeric_similarity,1.0,0.9003024918462778,0.0282021775962375,0.0201732208800705,0.9140845070422536,0.0224666405896815,0.0160705499248138,0.9003024918462778,0.0282021775962375,0.0201732208800705,0.911232035720822,0.0243782022119858,0.0174379037293568,1.0,0.0,0.0,0.0035714285714285,4.571397745542582e-19,3.2699537522162814e-19,10,10,ranked_lazyfca,
ionosphere,global_topk,query_similarity,1.0,0.9003024918462778,0.0282021775962375,0.0201732208800705,0.9140845070422536,0.0224666405896815,0.0160705499248138,0.9003024918462778,0.0282021775962375,0.0201732208800705,0.911232035720822,0.0243782022119858,0.0174379037293568,1.0,0.0,0.0,0.0035714285714285,4.571397745542582e-19,3.2699537522162814e-19,10,10,ranked_lazyfca,
ionosphere,global_topk,query_weighted_log_odds_ratio,10.0,0.9087164887308072,0.0241788868123103,0.0172953319875566,0.919718309859155,0.0210483678605257,0.01505604922054,0.9087164887308072,0.0241788868123103,0.0172953319875566,0.9180769370409768,0.0215919091263114,0.0154448482051116,10.0,0.0,0.0,0.0357142857142857,0.0,0.0,10,10,ranked_lazyfca,
ionosphere,global_topk,query_weighted_log_odds_ratio_log_tp,10.0,0.9069699575660138,0.0240101241177015,0.0171746148158757,0.9183098591549296,0.0207849235879612,0.0148676056338028,0.9069699575660138,0.0240101241177015,0.0171746148158757,0.9165607319123754,0.0213896416472601,0.0153001648196591,10.0,0.0,0.0,0.0357142857142857,0.0,0.0,10,10,ranked_lazyfca,
ionosphere,global_topk,query_weighted_precision,1.0,0.9003024918462778,0.0282021775962375,0.0201732208800705,0.9140845070422536,0.0224666405896815,0.0160705499248138,0.9003024918462778,0.0282021775962375,0.0201732208800705,0.911232035720822,0.0243782022119858,0.0174379037293568,1.0,0.0,0.0,0.0035714285714285,4.571397745542582e-19,3.2699537522162814e-19,10,10,ranked_lazyfca,
ionosphere,global_topk,query_weighted_precision_log_tp,10.0,0.9087164887308072,0.0241788868123103,0.0172953319875566,0.919718309859155,0.0210483678605257,0.01505604922054,0.9087164887308072,0.0241788868123103,0.0172953319875566,0.9180769370409768,0.0215919091263114,0.0154448482051116,10.0,0.0,0.0,0.0357142857142857,0.0,0.0,10,10,ranked_lazyfca,
ionosphere,global_topk,query_weighted_precision_sqrt_tp,10.0,0.9054893023089792,0.0247801333849876,0.0177254079940144,0.9169014084507044,0.0214631538979576,0.015352748662366,0.9054893023089792,0.0247801333849876,0.0177254079940144,0.9151873032006254,0.0220787612055709,0.0157930970060175,10.0,0.0,0.0,0.0357142857142857,0.0,0.0,10,10,ranked_lazyfca,
ionosphere,global_topk,query_weighted_wracc,213.0,0.3931623931623931,0.0,0.0,0.647887323943662,0.0,0.0,0.3931623931623931,0.0,0.0,0.5094498615625376,0.0,0.0,213.0,0.0,0.0,0.7607142857142858,1.1702778228589004e-16,8.37108160567368e-17,10,10,ranked_lazyfca,
ionosphere,global_topk,robustness,10.0,0.902673780690988,0.0287259052192871,0.0205478470232015,0.9140845070422534,0.0252388357853814,0.0180535211267605,0.902673780690988,0.0287259052192871,0.0205478470232015,0.9125090824943898,0.02574771405387,0.0184175254195588,10.0,0.0,0.0,0.0357142857142857,0.0,0.0,10,10,ranked_lazyfca,
ionosphere,global_topk,simplicity_prior,1.0,0.9003024918462778,0.0282021775962375,0.0201732208800705,0.9140845070422536,0.0224666405896815,0.0160705499248138,0.9003024918462778,0.0282021775962375,0.0201732208800705,0.911232035720822,0.0243782022119858,0.0174379037293568,1.0,0.0,0.0,0.0035714285714285,4.571397745542582e-19,3.2699537522162814e-19,10,10,ranked_lazyfca,
ionosphere,global_topk,stability,10.0,0.902673780690988,0.0287259052192871,0.0205478470232015,0.9140845070422534,0.0252388357853814,0.0180535211267605,0.902673780690988,0.0287259052192871,0.0205478470232015,0.9125090824943898,0.02574771405387,0.0184175254195588,10.0,0.0,0.0,0.0357142857142857,0.0,0.0,10,10,ranked_lazyfca,
ionosphere,global_topk,support,5.0,0.437453192297368,0.0487980380262338,0.0349055882744539,0.4661971830985916,0.0384001972707577,0.02746793784763,0.437453192297368,0.0487980380262338,0.0349055882744539,0.4002341195010414,0.057433107967427,0.0410823160340077,5.0,0.0,0.0,0.0178571428571428,0.0,0.0,10,10,ranked_lazyfca,
ionosphere,global_topk,supporter_opposer_ratio,1.0,0.9003024918462778,0.0282021775962375,0.0201732208800705,0.9140845070422536,0.0224666405896815,0.0160705499248138,0.9003024918462778,0.0282021775962375,0.0201732208800705,0.911232035720822,0.0243782022119858,0.0174379037293568,1.0,0.0,0.0,0.0035714285714285,4.571397745542582e-19,3.2699537522162814e-19,10,10,ranked_lazyfca,
ionosphere,global_topk,tn,213.0,0.3931623931623931,0.0,0.0,0.647887323943662,0.0,0.0,0.3931623931623931,0.0,0.0,0.5094498615625376,0.0,0.0,213.0,0.0,0.0,0.7607142857142858,1.1702778228589004e-16,8.37108160567368e-17,10,10,ranked_lazyfca,
ionosphere,global_topk,tp,10.0,0.902275802425348,0.0279226467424261,0.0199732704458358,0.9140845070422536,0.0243498638119999,0.0174176330676196,0.902275802425348,0.0279226467424261,0.0199732704458358,0.9123083254240842,0.0249537241437586,0.0178495787147851,10.0,0.0,0.0,0.0357142857142857,0.0,0.0,10,10,ranked_lazyfca,
ionosphere,global_topk,wracc,5.0,0.437453192297368,0.0487980380262338,0.0349055882744539,0.4661971830985916,0.0384001972707577,0.02746793784763,0.437453192297368,0.0487980380262338,0.0349055882744539,0.4002341195010414,0.057433107967427,0.0410823160340077,5.0,0.0,0.0,0.0178571428571428,0.0,0.0,10,10,ranked_lazyfca,
ionosphere,global_topk,youdens_j,5.0,0.437453192297368,0.0487980380262338,0.0349055882744539,0.4661971830985916,0.0384001972707577,0.02746793784763,0.437453192297368,0.0487980380262338,0.0349055882744539,0.4002341195010414,0.057433107967427,0.0410823160340077,5.0,0.0,0.0,0.0178571428571428,0.0,0.0,10,10,ranked_lazyfca,
ionosphere,ips_knn,imported_baseline,,0.8227865793452092,0.0578510487732555,0.0413812721044034,,,,0.8227865793452092,0.0578510487732555,0.0413812721044034,,,,,,,,,,10,10,imported_baseline,21.1713
ionosphere,knn,imported_baseline,,0.8747154955378036,0.0478514852256663,0.0342285122346574,,,,0.8747154955378036,0.0478514852256663,0.0342285122346574,,,,,,,,,,10,10,imported_baseline,0.499
ionosphere,logistic_regression,imported_baseline,,0.8506409037784912,0.0366908775168681,0.0262452491090666,,,,0.8506409037784912,0.0366908775168681,0.0262452491090666,,,,,,,,,,10,10,imported_baseline,5.128
ionosphere,naive_bayes,imported_baseline,,0.8805288306051173,0.030959564637372,0.0221455997023381,,,,0.8805288306051173,0.030959564637372,0.0221455997023381,,,,,,,,,,10,10,imported_baseline,0.0182999999999999
ionosphere,random_forest,imported_baseline,,0.928704749799981,0.0350376422633415,0.0250626780177988,,,,0.928704749799981,0.0350376422633415,0.0250626780177988,,,,,,,,,,10,10,imported_baseline,6.265000000000001
ionosphere,random_topk,random,3.0,0.4996593647707565,0.0209543808146857,0.0149888196093113,0.5619718309859154,0.0198852756662416,0.0142240809918771,0.4996593647707565,0.0209543808146857,0.0149888196093113,0.551421852970172,0.0192136739476024,0.0137436794424821,3.0,0.0,0.0,0.0107142857142857,0.0,0.0,10,50,ranked_lazyfca,
ionosphere,svm,imported_baseline,,0.9426978869549354,0.0346428911757236,0.0247803097199612,,,,0.9426978869549354,0.0346428911757236,0.0247803097199612,,,,,,,,,,10,10,imported_baseline,0.0822999999999999
ionosphere,xgboost,imported_baseline,,0.9260321111024232,0.0421107247362373,0.0301221048844575,,,,0.9260321111024232,0.0421107247362373,0.0301221048844575,,,,,,,,,,10,10,imported_baseline,0.2341
parkinsons,decision_tree,imported_baseline,,0.7705178168058664,0.091986817836002,0.0657988337222599,,,,0.7705178168058664,0.091986817836002,0.0657988337222599,,,,,,,,,,10,10,imported_baseline,0.0742
parkinsons,fcalc_deterministic,imported_baseline,,0.7300749317623781,0.0674320651205576,0.0482346421454274,,,,0.7300749317623781,0.0674320651205576,0.0482346421454274,,,,,,,,,,10,10,imported_baseline,2.1711
parkinsons,fcalc_randomized,imported_baseline,,0.7124619924354392,0.1019171498216126,0.0729020717567895,,,,0.7124619924354392,0.1019171498216126,0.0729020717567895,,,,,,,,,,10,10,imported_baseline,7.766599999999999
parkinsons,global_topk,balanced_precision_proxy,80.0,0.4264705882352941,0.0,0.0,0.7435897435897436,0.0,0.0,0.4264705882352941,0.0,0.0,0.6342383107088988,1.1702778228589004e-16,8.37108160567368e-17,80.0,0.0,0.0,0.5128205128205128,0.0,0.0,10,10,ranked_lazyfca,
parkinsons,global_topk,chi_squared,80.0,0.4264705882352941,0.0,0.0,0.7435897435897436,0.0,0.0,0.4264705882352941,0.0,0.0,0.6342383107088988,1.1702778228589004e-16,8.37108160567368e-17,80.0,0.0,0.0,0.5128205128205128,0.0,0.0,10,10,ranked_lazyfca,
parkinsons,global_topk,delta_stability,3.0,0.9366923690779484,0.0431466742526109,0.030863127039328,0.953846153846154,0.031519810110403,0.0225463473267351,0.9366923690779484,0.0431466742526109,0.030863127039328,0.9527217932529864,0.0322310841221576,0.023055126753303,3.0,0.0,0.0,0.0192307692307691,3.657118196434065e-18,2.615963001773025e-18,10,10,ranked_lazyfca,
parkinsons,global_topk,description_volume,1.0,0.8780262566255754,0.0672726173829141,0.0481205880295942,0.9102564102564104,0.0472023975093473,0.0337642151133744,0.8780262566255754,0.0672726173829141,0.0481205880295942,0.9084347898283468,0.049253420859921,0.0352313268972115,1.0,0.0,0.0,0.0064102564102564,0.0,0.0,10,10,ranked_lazyfca,
parkinsons,global_topk,error_rate,3.0,0.9366923690779484,0.0431466742526109,0.030863127039328,0.953846153846154,0.031519810110403,0.0225463473267351,0.9366923690779484,0.0431466742526109,0.030863127039328,0.9527217932529864,0.0322310841221576,0.023055126753303,3.0,0.0,0.0,0.0192307692307691,3.657118196434065e-18,2.615963001773025e-18,10,10,ranked_lazyfca,
parkinsons,global_topk,fn,80.0,0.4264705882352941,0.0,0.0,0.7435897435897436,0.0,0.0,0.4264705882352941,0.0,0.0,0.6342383107088988,1.1702778228589004e-16,8.37108160567368e-17,80.0,0.0,0.0,0.5128205128205128,0.0,0.0,10,10,ranked_lazyfca,
parkinsons,global_topk,fp,3.0,0.9366923690779484,0.0431466742526109,0.030863127039328,0.953846153846154,0.031519810110403,0.0225463473267351,0.9366923690779484,0.0431466742526109,0.030863127039328,0.9527217932529864,0.0322310841221576,0.023055126753303,3.0,0.0,0.0,0.0192307692307691,3.657118196434065e-18,2.615963001773025e-18,10,10,ranked_lazyfca,
parkinsons,global_topk,g_test,80.0,0.4264705882352941,0.0,0.0,0.7435897435897436,0.0,0.0,0.4264705882352941,0.0,0.0,0.6342383107088988,1.1702778228589004e-16,8.37108160567368e-17,80.0,0.0,0.0,0.5128205128205128,0.0,0.0,10,10,ranked_lazyfca,
parkinsons,global_topk,gini_gain,80.0,0.4264705882352941,0.0,0.0,0.7435897435897436,0.0,0.0,0.4264705882352941,0.0,0.0,0.6342383107088988,1.1702778228589004e-16,8.37108160567368e-17,80.0,0.0,0.0,0.5128205128205128,0.0,0.0,10,10,ranked_lazyfca,
parkinsons,global_topk,information_gain,80.0,0.4264705882352941,0.0,0.0,0.7435897435897436,0.0,0.0,0.4264705882352941,0.0,0.0,0.6342383107088988,1.1702778228589004e-16,8.37108160567368e-17,80.0,0.0,0.0,0.5128205128205128,0.0,0.0,10,10,ranked_lazyfca,
parkinsons,global_topk,interval_tightness,4.0,0.940735522812486,0.039553343819565,0.0282927918844078,0.9564102564102566,0.0297308156084206,0.0212666666666666,0.940735522812486,0.039553343819565,0.0282927918844078,0.9555667889120164,0.0299455075806936,0.0214202373816606,4.0,0.0,0.0,0.0256410256410256,0.0,0.0,10,10,ranked_lazyfca,
parkinsons,global_topk,lift,80.0,0.4264705882352941,0.0,0.0,0.7435897435897436,0.0,0.0,0.4264705882352941,0.0,0.0,0.6342383107088988,1.1702778228589004e-16,8.37108160567368e-17,80.0,0.0,0.0,0.5128205128205128,0.0,0.0,10,10,ranked_lazyfca,
parkinsons,global_topk,log_odds_ratio,5.0,0.7184932943400686,0.0879587885032648,0.0629175553116329,0.8307692307692308,0.048650425541052,0.0348,0.7184932943400686,0.0879587885032648,0.0629175553116329,0.8050232762825814,0.0590474455952365,0.0422370633732754,5.0,0.0,0.0,0.032051282051282,0.0,0.0,10,10,ranked_lazyfca,
parkinsons,global_topk,log_odds_ratio_log_tp,5.0,0.6997476647762931,0.0889774580283058,0.063646216964171,0.8153846153846155,0.0509963551800899,0.0364780603772855,0.6997476647762931,0.0889774580283058,0.063646216964171,0.7904557312977033,0.0604299580764899,0.0432259845145103,5.0,0.0,0.0,0.032051282051282,0.0,0.0,10,10,ranked_lazyfca,
parkinsons,global_topk,matthews_correlation,80.0,0.4264705882352941,0.0,0.0,0.7435897435897436,0.0,0.0,0.4264705882352941,0.0,0.0,0.6342383107088988,1.1702778228589004e-16,8.37108160567368e-17,80.0,0.0,0.0,0.5128205128205128,0.0,0.0,10,10,ranked_lazyfca,
parkinsons,global_topk,precision,3.0,0.9366923690779484,0.0431466742526109,0.030863127039328,0.953846153846154,0.031519810110403,0.0225463473267351,0.9366923690779484,0.0431466742526109,0.030863127039328,0.9527217932529864,0.0322310841221576,0.023055126753303,3.0,0.0,0.0,0.0192307692307691,3.657118196434065e-18,2.615963001773025e-18,10,10,ranked_lazyfca,
parkinsons,global_topk,precision_log_tp,5.0,0.6867415277681399,0.0928849585145117,0.0664412802222554,0.8051282051282053,0.0556540875080331,0.039809769878483,0.6867415277681399,0.0928849585145117,0.0664412802222554,0.7804687233717996,0.0639436497530364,0.0457393534929715,5.0,0.0,0.0,0.032051282051282,0.0,0.0,10,10,ranked_lazyfca,
parkinsons,global_topk,precision_sqrt_tp,5.0,0.6997476647762931,0.0889774580283058,0.063646216964171,0.8153846153846155,0.0509963551800899,0.0364780603772855,0.6997476647762931,0.0889774580283058,0.063646216964171,0.7904557312977033,0.0604299580764899,0.0432259845145103,5.0,0.0,0.0,0.032051282051282,0.0,0.0,10,10,ranked_lazyfca,
parkinsons,global_topk,query_binary_similarity,3.0,0.9366923690779484,0.0431466742526109,0.030863127039328,0.953846153846154,0.031519810110403,0.0225463473267351,0.9366923690779484,0.0431466742526109,0.030863127039328,0.9527217932529864,0.0322310841221576,0.023055126753303,3.0,0.0,0.0,0.0192307692307691,3.657118196434065e-18,2.615963001773025e-18,10,10,ranked_lazyfca,
parkinsons,global_topk,query_numeric_similarity,4.0,0.940735522812486,0.039553343819565,0.0282927918844078,0.9564102564102566,0.0297308156084206,0.0212666666666666,0.940735522812486,0.039553343819565,0.0282927918844078,0.9555667889120164,0.0299455075806936,0.0214202373816606,4.0,0.0,0.0,0.0256410256410256,0.0,0.0,10,10,ranked_lazyfca,
parkinsons,global_topk,query_similarity,4.0,0.940735522812486,0.039553343819565,0.0282927918844078,0.9564102564102566,0.0297308156084206,0.0212666666666666,0.940735522812486,0.039553343819565,0.0282927918844078,0.9555667889120164,0.0299455075806936,0.0214202373816606,4.0,0.0,0.0,0.0256410256410256,0.0,0.0,10,10,ranked_lazyfca,
parkinsons,global_topk,query_weighted_log_odds_ratio,5.0,0.7468082757296468,0.0839839876244983,0.0600743515977341,0.8435897435897436,0.0475109131955121,0.0339848986070774,0.7468082757296468,0.0839839876244983,0.0600743515977341,0.8230280584111229,0.0568948323999569,0.0406972836413896,5.0,0.0,0.0,0.032051282051282,0.0,0.0,10,10,ranked_lazyfca,
parkinsons,global_topk,query_weighted_log_odds_ratio_log_tp,5.0,0.7106286806984384,0.0884148131161982,0.0632437530037104,0.8230769230769232,0.0490243774348717,0.0350674904846196,0.7106286806984384,0.0884148131161982,0.0632437530037104,0.798456687678077,0.0594947765912041,0.0425570424584848,5.0,0.0,0.0,0.032051282051282,0.0,0.0,10,10,ranked_lazyfca,
parkinsons,global_topk,query_weighted_precision,4.0,0.940735522812486,0.039553343819565,0.0282927918844078,0.9564102564102566,0.0297308156084206,0.0212666666666666,0.940735522812486,0.039553343819565,0.0282927918844078,0.9555667889120164,0.0299455075806936,0.0214202373816606,4.0,0.0,0.0,0.0256410256410256,0.0,0.0,10,10,ranked_lazyfca,
parkinsons,global_topk,query_weighted_precision_log_tp,5.0,0.7357069261690221,0.0899216402998359,0.0643215973474632,0.8333333333333334,0.0530327933589352,0.0379347392826739,0.7357069261690221,0.0899216402998359,0.0643215973474632,0.8138908721723602,0.0616759424822488,0.0441172461394229,5.0,0.0,0.0,0.032051282051282,0.0,0.0,10,10,ranked_lazyfca,
parkinsons,global_topk,query_weighted_precision_sqrt_tp,12.0,0.7553458907224228,0.1078797110541429,0.0771671347769879,0.853846153846154,0.056758829797894,0.0406,0.7553458907224228,0.1078797110541429,0.0771671347769879,0.8308772857283573,0.0714714135596809,0.0511240171944262,12.0,0.0,0.0,0.0769230769230769,0.0,0.0,10,10,ranked_lazyfca,
parkinsons,global_topk,query_weighted_wracc,80.0,0.4264705882352941,0.0,0.0,0.7435897435897436,0.0,0.0,0.4264705882352941,0.0,0.0,0.6342383107088988,1.1702778228589004e-16,8.37108160567368e-17,80.0,0.0,0.0,0.5128205128205128,0.0,0.0,10,10,ranked_lazyfca,
parkinsons,global_topk,robustness,7.0,0.7004177518576704,0.1040018636987104,0.0743932826170478,0.8205128205128206,0.0483491816195929,0.0345845180519967,0.7004177518576704,0.1040018636987104,0.0743932826170478,0.7926434516740094,0.06640115759895,0.0474972265657493,7.0,0.0,0.0,0.0448717948717948,7.314236392868129e-18,5.23192600354605e-18,10,10,ranked_lazyfca,
parkinsons,global_topk,simplicity_prior,4.0,0.940735522812486,0.039553343819565,0.0282927918844078,0.9564102564102566,0.0297308156084206,0.0212666666666666,0.940735522812486,0.039553343819565,0.0282927918844078,0.9555667889120164,0.0299455075806936,0.0214202373816606,4.0,0.0,0.0,0.0256410256410256,0.0,0.0,10,10,ranked_lazyfca,
parkinsons,global_topk,stability,7.0,0.7004177518576704,0.1040018636987104,0.0743932826170478,0.8205128205128206,0.0483491816195929,0.0345845180519967,0.7004177518576704,0.1040018636987104,0.0743932826170478,0.7926434516740094,0.06640115759895,0.0474972265657493,7.0,0.0,0.0,0.0448717948717948,7.314236392868129e-18,5.23192600354605e-18,10,10,ranked_lazyfca,
parkinsons,global_topk,support,80.0,0.4264705882352941,0.0,0.0,0.7435897435897436,0.0,0.0,0.4264705882352941,0.0,0.0,0.6342383107088988,1.1702778228589004e-16,8.37108160567368e-17,80.0,0.0,0.0,0.5128205128205128,0.0,0.0,10,10,ranked_lazyfca,
parkinsons,global_topk,supporter_opposer_ratio,3.0,0.9366923690779484,0.0431466742526109,0.030863127039328,0.953846153846154,0.031519810110403,0.0225463473267351,0.9366923690779484,0.0431466742526109,0.030863127039328,0.9527217932529864,0.0322310841221576,0.023055126753303,3.0,0.0,0.0,0.0192307692307691,3.657118196434065e-18,2.615963001773025e-18,10,10,ranked_lazyfca,
parkinsons,global_topk,tn,80.0,0.4264705882352941,0.0,0.0,0.7435897435897436,0.0,0.0,0.4264705882352941,0.0,0.0,0.6342383107088988,1.1702778228589004e-16,8.37108160567368e-17,80.0,0.0,0.0,0.5128205128205128,0.0,0.0,10,10,ranked_lazyfca,
parkinsons,global_topk,tp,7.0,0.6762763791175074,0.105382020148361,0.0753805184718979,0.8102564102564104,0.0486504255410519,0.0347999999999999,0.6762763791175074,0.105382020148361,0.0753805184718979,0.7775530979623777,0.0671292421761193,0.0480180307109075,7.0,0.0,0.0,0.0448717948717948,7.314236392868129e-18,5.23192600354605e-18,10,10,ranked_lazyfca,
parkinsons,global_topk,wracc,80.0,0.4264705882352941,0.0,0.0,0.7435897435897436,0.0,0.0,0.4264705882352941,0.0,0.0,0.6342383107088988,1.1702778228589004e-16,8.37108160567368e-17,80.0,0.0,0.0,0.5128205128205128,0.0,0.0,10,10,ranked_lazyfca,
parkinsons,global_topk,youdens_j,80.0,0.4264705882352941,0.0,0.0,0.7435897435897436,0.0,0.0,0.4264705882352941,0.0,0.0,0.6342383107088988,1.1702778228589004e-16,8.37108160567368e-17,80.0,0.0,0.0,0.5128205128205128,0.0,0.0,10,10,ranked_lazyfca,
parkinsons,ips_knn,imported_baseline,,0.9169909483042954,0.0429613904812892,0.0307305922224116,,,,0.9169909483042954,0.0429613904812892,0.0307305922224116,,,,,,,,,,10,10,imported_baseline,7.8649
parkinsons,knn,imported_baseline,,0.9306178607732886,0.0295267003708109,0.021120661566201,,,,0.9306178607732886,0.0295267003708109,0.021120661566201,,,,,,,,,,10,10,imported_baseline,0.4017
parkinsons,logistic_regression,imported_baseline,,0.7640444076939628,0.0822373939306336,0.0588250005412833,,,,0.7640444076939628,0.0822373939306336,0.0588250005412833,,,,,,,,,,10,10,imported_baseline,1.5984
parkinsons,naive_bayes,imported_baseline,,0.7497598400666698,0.0656211160276474,0.0469392572082474,,,,0.7497598400666698,0.0656211160276474,0.0469392572082474,,,,,,,,,,10,10,imported_baseline,0.0828
parkinsons,random_forest,imported_baseline,,0.8339022871698585,0.1002425694971385,0.0717042323824448,,,,0.8339022871698585,0.1002425694971385,0.0717042323824448,,,,,,,,,,10,10,imported_baseline,4.214499999999999
parkinsons,random_topk,random,1.0,0.4955590370060804,0.0230753035108159,0.0165059308987707,0.6225641025641026,0.0157041833543328,0.0112333155291649,0.4955590370060804,0.0230753035108159,0.0165059308987707,0.6177680589375094,0.0154116412990923,0.0110240580887797,1.0,0.0,0.0,0.0064102564102564,0.0,0.0,10,50,ranked_lazyfca,
parkinsons,svm,imported_baseline,,0.8776145534518077,0.0673844800294915,0.0482006041868549,,,,0.8776145534518077,0.0673844800294915,0.0482006041868549,,,,,,,,,,10,10,imported_baseline,0.0670999999999999
parkinsons,xgboost,imported_baseline,,0.8665042358898996,0.0622544494432225,0.0445310563377509,,,,0.8665042358898996,0.0622544494432225,0.0445310563377509,,,,,,,,,,10,10,imported_baseline,0.1674
rice,decision_tree,imported_baseline,,0.9255251899312488,0.0093344385197346,0.0066769911439451,,,,0.9255251899312488,0.0093344385197346,0.0066769911439451,,,,,,,,,,10,10,imported_baseline,0.139
rice,fcalc_deterministic,imported_baseline,,0.928740159591972,0.0091256266195826,0.0065276264869154,,,,0.928740159591972,0.0091256266195826,0.0065276264869154,,,,,,,,,,10,10,imported_baseline,3193.2062
rice,fcalc_randomized,imported_baseline,,0.9281880080916328,0.0099160060191584,0.0070929905674829,,,,0.9281880080916328,0.0099160060191584,0.0070929905674829,,,,,,,,,,10,10,imported_baseline,495.6133
rice,global_topk,balanced_precision_proxy,2396.0,0.8850154888915946,0.0073614663518874,0.0052657099336061,0.8914698162729658,0.0067782854483049,0.0048485564304462,0.8850154888915946,0.0073614663518874,0.0052657099336061,0.8889463444438302,0.0070560115037472,0.0050472158794008,2396.0,0.0,0.0,0.7860892388451444,0.0,0.0,10,10,ranked_lazyfca,
rice,global_topk,chi_squared,2396.0,0.6366469854301601,0.0250580057166883,0.0179241720754309,0.6997375328083988,0.0162480170747176,0.011622323708619,0.6366469854301601,0.0250580057166883,0.0179241720754309,0.6584888064713349,0.022763591717317,0.0162829612064582,2396.0,0.0,0.0,0.7860892388451444,0.0,0.0,10,10,ranked_lazyfca,
rice,global_topk,delta_stability,19.0,0.928904036690952,0.0083050314669814,0.005940648860452,0.9304461942257218,0.0080660931384889,0.0057697345521172,0.928904036690952,0.0083050314669814,0.005940648860452,0.9304131129909928,0.0080996933495908,0.005793769025266,19.0,0.0,0.0,0.0062335958005249,0.0,0.0,10,10,ranked_lazyfca,
rice,global_topk,description_volume,31.0,0.9250896024626404,0.0094646565767069,0.0067701370585438,0.926771653543307,0.0092133918578482,0.0065904055943471,0.9250896024626404,0.0094646565767069,0.0067701370585438,0.9267066604028148,0.009240626323198,0.0066098866036833,31.0,0.0,0.0,0.0101706036745406,0.0,0.0,10,10,ranked_lazyfca,
rice,global_topk,error_rate,19.0,0.9288980950802844,0.0084967930822356,0.0060778173258174,0.9304461942257218,0.0082537017778272,0.0059039323638807,0.9288980950802844,0.0084967930822356,0.0060778173258174,0.9304100045627172,0.0082873906958139,0.0059280302897035,19.0,0.0,0.0,0.0062335958005249,0.0,0.0,10,10,ranked_lazyfca,
rice,global_topk,fn,3048.0,0.3639398998330551,0.0,0.0,0.5721784776902886,1.1702778228589004e-16,8.37108160567368e-17,0.3639398998330551,0.0,0.0,0.4164771557144672,0.0,0.0,3048.0,0.0,0.0,1.0,0.0,0.0,10,10,ranked_lazyfca,
rice,global_topk,fp,19.0,0.9288980950802844,0.0084967930822356,0.0060778173258174,0.9304461942257218,0.0082537017778272,0.0059039323638807,0.9288980950802844,0.0084967930822356,0.0060778173258174,0.9304100045627172,0.0082873906958139,0.0059280302897035,19.0,0.0,0.0,0.0062335958005249,0.0,0.0,10,10,ranked_lazyfca,
rice,global_topk,g_test,2396.0,0.7123785314485589,0.0234566993137561,0.0167787460652304,0.7506561679790026,0.0171331198841348,0.0122554441268922,0.7123785314485589,0.0234566993137561,0.0167787460652304,0.7275106693118388,0.0215731982601908,0.0154314641877315,2396.0,0.0,0.0,0.7860892388451444,0.0,0.0,10,10,ranked_lazyfca,
rice,global_topk,gini_gain,2396.0,0.6366469854301601,0.0250580057166883,0.0179241720754309,0.6997375328083988,0.0162480170747176,0.011622323708619,0.6366469854301601,0.0250580057166883,0.0179241720754309,0.6584888064713349,0.022763591717317,0.0162829612064582,2396.0,0.0,0.0,0.7860892388451444,0.0,0.0,10,10,ranked_lazyfca,
rice,global_topk,information_gain,2396.0,0.7123785314485589,0.0234566993137561,0.0167787460652304,0.7506561679790026,0.0171331198841348,0.0122554441268922,0.7123785314485589,0.0234566993137561,0.0167787460652304,0.7275106693118388,0.0215731982601908,0.0154314641877315,2396.0,0.0,0.0,0.7860892388451444,0.0,0.0,10,10,ranked_lazyfca,
rice,global_topk,interval_tightness,19.0,0.928904036690952,0.0083050314669814,0.005940648860452,0.9304461942257218,0.0080660931384889,0.0057697345521172,0.928904036690952,0.0083050314669814,0.005940648860452,0.9304131129909928,0.0080996933495908,0.005793769025266,19.0,0.0,0.0,0.0062335958005249,0.0,0.0,10,10,ranked_lazyfca,
rice,global_topk,lift,2396.0,0.9262266925779676,0.0069128162782452,0.0049447873026298,0.9280839895013124,0.0067144650408923,0.0048029052330875,0.9262266925779676,0.0069128162782452,0.0049447873026298,0.9279131735535214,0.0067428434445416,0.0048232045097333,2396.0,0.0,0.0,0.7860892388451444,0.0,0.0,10,10,ranked_lazyfca,
rice,global_topk,log_odds_ratio,444.0,0.9249731170447072,0.0074970428806469,0.0053626888016912,0.927034120734908,0.0071932825165685,0.0051454068241469,0.9249731170447072,0.0074970428806469,0.0053626888016912,0.9267629942409188,0.0072735619453739,0.0052028312781236,444.0,0.0,0.0,0.1456692913385826,0.0,0.0,10,10,ranked_lazyfca,
rice,global_topk,log_odds_ratio_log_tp,170.0,0.9241989814159872,0.0079768307293902,0.0057058845075988,0.926246719160105,0.0076221002675851,0.0054521432518229,0.9241989814159872,0.0079768307293902,0.0057058845075988,0.9259919803245398,0.0077247848251051,0.0055255942558368,170.0,0.0,0.0,0.055774278215223,7.314236392868129e-18,5.23192600354605e-18,10,10,ranked_lazyfca,
rice,global_topk,matthews_correlation,2396.0,0.9127992097737468,0.0081815157111923,0.0058522971501913,0.916010498687664,0.0077268249049237,0.0055270535396334,0.9127992097737468,0.0081815157111923,0.0058522971501913,0.9152128024424254,0.0078964103162413,0.0056483592065052,2396.0,0.0,0.0,0.7860892388451444,0.0,0.0,10,10,ranked_lazyfca,
rice,global_topk,precision,19.0,0.9288980950802844,0.0084967930822356,0.0060778173258174,0.9304461942257218,0.0082537017778272,0.0059039323638807,0.9288980950802844,0.0084967930822356,0.0060778173258174,0.9304100045627172,0.0082873906958139,0.0059280302897035,19.0,0.0,0.0,0.0062335958005249,0.0,0.0,10,10,ranked_lazyfca,
rice,global_topk,precision_log_tp,216.0,0.6978809598751059,0.0094915936959829,0.0067894053740905,0.7304461942257218,0.0071666307668494,0.0051263426355009,0.6978809598751059,0.0094915936959829,0.0067894053740905,0.7121796184152824,0.0086251082983423,0.0061696021246317,216.0,0.0,0.0,0.0708661417322833,1.4628472785736258e-17,1.04638520070921e-17,10,10,ranked_lazyfca,
rice,global_topk,precision_sqrt_tp,2396.0,0.5582059477403164,0.0171528259761278,0.0122695400365113,0.6614173228346456,0.0092382817506312,0.0066082095140295,0.5582059477403164,0.0171528259761278,0.0122695400365113,0.5890265121773479,0.0153713817935885,0.0109952601743535,2396.0,0.0,0.0,0.7860892388451444,0.0,0.0,10,10,ranked_lazyfca,
rice,global_topk,query_binary_similarity,19.0,0.928904036690952,0.0083050314669814,0.005940648860452,0.9304461942257218,0.0080660931384889,0.0057697345521172,0.928904036690952,0.0083050314669814,0.005940648860452,0.9304131129909928,0.0080996933495908,0.005793769025266,19.0,0.0,0.0,0.0062335958005249,0.0,0.0,10,10,ranked_lazyfca,
rice,global_topk,query_numeric_similarity,19.0,0.928904036690952,0.0083050314669814,0.005940648860452,0.9304461942257218,0.0080660931384889,0.0057697345521172,0.928904036690952,0.0083050314669814,0.005940648860452,0.9304131129909928,0.0080996933495908,0.005793769025266,19.0,0.0,0.0,0.0062335958005249,0.0,0.0,10,10,ranked_lazyfca,
rice,global_topk,query_similarity,19.0,0.928904036690952,0.0083050314669814,0.005940648860452,0.9304461942257218,0.0080660931384889,0.0057697345521172,0.928904036690952,0.0083050314669814,0.005940648860452,0.9304131129909928,0.0080996933495908,0.005793769025266,19.0,0.0,0.0,0.0062335958005249,0.0,0.0,10,10,ranked_lazyfca,
rice,global_topk,query_weighted_log_odds_ratio,274.0,0.9252859320561578,0.0084097841454896,0.0060155792063131,0.927296587926509,0.0080708365044611,0.0057731275159813,0.9252859320561578,0.0084097841454896,0.0060155792063131,0.927049809064787,0.0081598324594843,0.0058367869639792,274.0,0.0,0.0,0.0898950131233594,1.4628472785736258e-17,1.04638520070921e-17,10,10,ranked_lazyfca,
rice,global_topk,query_weighted_log_odds_ratio_log_tp,349.0,0.9250470435332612,0.0075098805345818,0.0053718716680683,0.9271653543307088,0.0071679657078626,0.0051272975284282,0.9250470435332612,0.0075098805345818,0.0053718716680683,0.926860742572603,0.0072699762090082,0.0052002663750598,349.0,0.0,0.0,0.1145013123359579,1.4628472785736258e-17,1.04638520070921e-17,10,10,ranked_lazyfca,
rice,global_topk,query_weighted_precision,19.0,0.9288980950802844,0.0084967930822356,0.0060778173258174,0.9304461942257218,0.0082537017778272,0.0059039323638807,0.9288980950802844,0.0084967930822356,0.0060778173258174,0.9304100045627172,0.0082873906958139,0.0059280302897035,19.0,0.0,0.0,0.0062335958005249,0.0,0.0,10,10,ranked_lazyfca,
rice,global_topk,query_weighted_precision_log_tp,1.0,0.889779270564215,0.0090477258408536,0.0064719034984806,0.8952755905511811,0.0080613469814798,0.0057663395918043,0.889779270564215,0.0090477258408536,0.0064719034984806,0.8933259741701551,0.0085782426576289,0.0061360787940814,1.0,0.0,0.0,0.0003280839895013,5.714247181928225e-20,4.087442190270352e-20,10,10,ranked_lazyfca,
rice,global_topk,query_weighted_precision_sqrt_tp,2396.0,0.646748231590172,0.0167628484219903,0.0119905862815737,0.7127296587926508,0.0103416736508375,0.0073974736920947,0.646748231590172,0.0167628484219903,0.0119905862815737,0.6687813052514812,0.0151721208269817,0.0108527273689196,2396.0,0.0,0.0,0.7860892388451444,0.0,0.0,10,10,ranked_lazyfca,
rice,global_topk,query_weighted_wracc,2396.0,0.885306756897419,0.0075894546365848,0.0054287915967002,0.8917322834645669,0.0069785897347085,0.0049918355300496,0.885306756897419,0.0075894546365848,0.0054287915967002,0.8892237530757343,0.0072716645224419,0.0052014740378262,2396.0,0.0,0.0,0.7860892388451444,0.0,0.0,10,10,ranked_lazyfca,
rice,global_topk,robustness,65.0,0.7710315745724501,0.0120215694775898,0.0085991152835264,0.7879265091863517,0.0100174023002396,0.0071655200580759,0.7710315745724501,0.0120215694775898,0.0085991152835264,0.7799928216198263,0.011216020420627,0.0080229002377063,65.0,0.0,0.0,0.0213254593175853,3.657118196434065e-18,2.615963001773025e-18,10,10,ranked_lazyfca,
rice,global_topk,simplicity_prior,19.0,0.928904036690952,0.0083050314669814,0.005940648860452,0.9304461942257218,0.0080660931384889,0.0057697345521172,0.928904036690952,0.0083050314669814,0.005940648860452,0.9304131129909928,0.0080996933495908,0.005793769025266,19.0,0.0,0.0,0.0062335958005249,0.0,0.0,10,10,ranked_lazyfca,
rice,global_topk,stability,65.0,0.7710315745724501,0.0120215694775898,0.0085991152835264,0.7879265091863517,0.0100174023002396,0.0071655200580759,0.7710315745724501,0.0120215694775898,0.0085991152835264,0.7799928216198263,0.011216020420627,0.0080229002377063,65.0,0.0,0.0,0.0213254593175853,3.657118196434065e-18,2.615963001773025e-18,10,10,ranked_lazyfca,
rice,global_topk,support,3048.0,0.3639398998330551,0.0,0.0,0.5721784776902886,1.1702778228589004e-16,8.37108160567368e-17,0.3639398998330551,0.0,0.0,0.4164771557144672,0.0,0.0,3048.0,0.0,0.0,1.0,0.0,0.0,10,10,ranked_lazyfca,
rice,global_topk,supporter_opposer_ratio,19.0,0.9288980950802844,0.0084967930822356,0.0060778173258174,0.9304461942257218,0.0082537017778272,0.0059039323638807,0.9288980950802844,0.0084967930822356,0.0060778173258174,0.9304100045627172,0.0082873906958139,0.0059280302897035,19.0,0.0,0.0,0.0062335958005249,0.0,0.0,10,10,ranked_lazyfca,
rice,global_topk,tn,3048.0,0.3639398998330551,0.0,0.0,0.5721784776902886,1.1702778228589004e-16,8.37108160567368e-17,0.3639398998330551,0.0,0.0,0.4164771557144672,0.0,0.0,3048.0,0.0,0.0,1.0,0.0,0.0,10,10,ranked_lazyfca,
rice,global_topk,tp,2396.0,0.3639398998330551,0.0,0.0,0.5721784776902886,1.1702778228589004e-16,8.37108160567368e-17,0.3639398998330551,0.0,0.0,0.4164771557144672,0.0,0.0,2396.0,0.0,0.0,0.7860892388451444,0.0,0.0,10,10,ranked_lazyfca,
rice,global_topk,wracc,2396.0,0.8850154888915946,0.0073614663518874,0.0052657099336061,0.8914698162729658,0.0067782854483049,0.0048485564304462,0.8850154888915946,0.0073614663518874,0.0052657099336061,0.8889463444438302,0.0070560115037472,0.0050472158794008,2396.0,0.0,0.0,0.7860892388451444,0.0,0.0,10,10,ranked_lazyfca,
rice,global_topk,youdens_j,2396.0,0.8850154888915946,0.0073614663518874,0.0052657099336061,0.8914698162729658,0.0067782854483049,0.0048485564304462,0.8850154888915946,0.0073614663518874,0.0052657099336061,0.8889463444438302,0.0070560115037472,0.0050472158794008,2396.0,0.0,0.0,0.7860892388451444,0.0,0.0,10,10,ranked_lazyfca,
rice,ips_knn,imported_baseline,,0.9300677653631,0.0070801542151515,0.0050644853348583,,,,0.9300677653631,0.0070801542151515,0.0050644853348583,,,,,,,,,,10,10,imported_baseline,66.5035
rice,knn,imported_baseline,,0.9301320303819732,0.0071893139954124,0.005142568112364,,,,0.9301320303819732,0.0071893139954124,0.005142568112364,,,,,,,,,,10,10,imported_baseline,1.4214999999999998
rice,logistic_regression,imported_baseline,,0.932828169330276,0.0098475161671085,0.0070439992827237,,,,0.932828169330276,0.0098475161671085,0.0070439992827237,,,,,,,,,,10,10,imported_baseline,0.2782
rice,naive_bayes,imported_baseline,,0.91532716925053,0.0095929793010132,0.0068619272280273,,,,0.91532716925053,0.0095929793010132,0.0068619272280273,,,,,,,,,,10,10,imported_baseline,0.0305
rice,random_forest,imported_baseline,,0.929641441093488,0.0078354784995329,0.0056047742388945,,,,0.929641441093488,0.0078354784995329,0.0056047742388945,,,,,,,,,,10,10,imported_baseline,18.6775
rice,random_topk,random,1.0,0.5053640341867766,0.00913183449656,0.0065320670260557,0.5158267716535433,0.0087681765033521,0.0062719398427292,0.5053640341867766,0.00913183449656,0.0065320670260557,0.5156757580550843,0.0088162348768286,0.0063063163436206,1.0,0.0,0.0,0.0003280839895013,5.714247181928225e-20,4.087442190270352e-20,10,50,ranked_lazyfca,
rice,svm,imported_baseline,,0.9336409102355036,0.0109863043095712,0.0078585826479661,,,,0.9336409102355036,0.0109863043095712,0.0078585826479661,,,,,,,,,,10,10,imported_baseline,0.2925
rice,xgboost,imported_baseline,,0.927375508300586,0.008474207286425,0.0060616615433044,,,,0.927375508300586,0.008474207286425,0.0060616615433044,,,,,,,,,,10,10,imported_baseline,0.8499000000000001
sonar,decision_tree,imported_baseline,,0.7260089588286568,0.070608707230546,0.0505069171399043,,,,0.7260089588286568,0.070608707230546,0.0505069171399043,,,,,,,,,,10,10,imported_baseline,0.1066999999999999
sonar,fcalc_deterministic,imported_baseline,,0.6718023750822337,0.065104194361492,0.0465694994151315,,,,0.6718023750822337,0.065104194361492,0.0465694994151315,,,,,,,,,,10,10,imported_baseline,3.0384
sonar,fcalc_randomized,imported_baseline,,0.6778097193063435,0.1193060479279773,0.0853404758893674,,,,0.6778097193063435,0.1193060479279773,0.0853404758893674,,,,,,,,,,10,10,imported_baseline,10.035600000000002
sonar,global_topk,balanced_precision_proxy,166.0,0.34375,0.0,0.0,0.5238095238095238,0.0,0.0,0.34375,0.0,0.0,0.3601190476190475,5.851389114294502e-17,4.18554080283684e-17,166.0,0.0,0.0,1.0,0.0,0.0,10,10,ranked_lazyfca,
sonar,global_topk,chi_squared,166.0,0.34375,0.0,0.0,0.5238095238095238,0.0,0.0,0.34375,0.0,0.0,0.3601190476190475,5.851389114294502e-17,4.18554080283684e-17,166.0,0.0,0.0,1.0,0.0,0.0,10,10,ranked_lazyfca,
sonar,global_topk,delta_stability,1.0,0.8372877001603068,0.0526588441976804,0.0376672507526776,0.8404761904761905,0.051495645071455,0.0368352060348264,0.8372877001603068,0.0526588441976804,0.0376672507526776,0.8383088299958038,0.0523298140769852,0.0374318931361131,1.0,0.0,0.0,0.0060240963855421,0.0,0.0,10,10,ranked_lazyfca,
sonar,global_topk,description_volume,38.0,0.7498393926283298,0.0745252285201504,0.0533084330436702,0.7595238095238095,0.0686863381695834,0.0491318326966029,0.7498393926283298,0.0745252285201504,0.0533084330436702,0.7520945818556903,0.0734230929932479,0.0525200675584836,38.0,0.0,0.0,0.2289156626506024,2.925694557147251e-17,2.09277040141842e-17,10,10,ranked_lazyfca,
sonar,global_topk,error_rate,1.0,0.8372877001603068,0.0526588441976804,0.0376672507526776,0.8404761904761905,0.051495645071455,0.0368352060348264,0.8372877001603068,0.0526588441976804,0.0376672507526776,0.8383088299958038,0.0523298140769852,0.0374318931361131,1.0,0.0,0.0,0.0060240963855421,0.0,0.0,10,10,ranked_lazyfca,
sonar,global_topk,fn,166.0,0.34375,0.0,0.0,0.5238095238095238,0.0,0.0,0.34375,0.0,0.0,0.3601190476190475,5.851389114294502e-17,4.18554080283684e-17,166.0,0.0,0.0,1.0,0.0,0.0,10,10,ranked_lazyfca,
sonar,global_topk,fp,1.0,0.8372877001603068,0.0526588441976804,0.0376672507526776,0.8404761904761905,0.051495645071455,0.0368352060348264,0.8372877001603068,0.0526588441976804,0.0376672507526776,0.8383088299958038,0.0523298140769852,0.0374318931361131,1.0,0.0,0.0,0.0060240963855421,0.0,0.0,10,10,ranked_lazyfca,
sonar,global_topk,g_test,166.0,0.34375,0.0,0.0,0.5238095238095238,0.0,0.0,0.34375,0.0,0.0,0.3601190476190475,5.851389114294502e-17,4.18554080283684e-17,166.0,0.0,0.0,1.0,0.0,0.0,10,10,ranked_lazyfca,
sonar,global_topk,gini_gain,166.0,0.34375,0.0,0.0,0.5238095238095238,0.0,0.0,0.34375,0.0,0.0,0.3601190476190475,5.851389114294502e-17,4.18554080283684e-17,166.0,0.0,0.0,1.0,0.0,0.0,10,10,ranked_lazyfca,
sonar,global_topk,information_gain,166.0,0.34375,0.0,0.0,0.5238095238095238,0.0,0.0,0.34375,0.0,0.0,0.3601190476190475,5.851389114294502e-17,4.18554080283684e-17,166.0,0.0,0.0,1.0,0.0,0.0,10,10,ranked_lazyfca,
sonar,global_topk,interval_tightness,4.0,0.8428376592453466,0.0609899465334441,0.0436265482934553,0.8476190476190476,0.0574506700662027,0.0410948783298273,0.8428376592453466,0.0609899465334441,0.0436265482934553,0.8440195082097122,0.0602728456044468,0.0431136008309906,4.0,0.0,0.0,0.0240963855421685,3.657118196434065e-18,2.615963001773025e-18,10,10,ranked_lazyfca,
sonar,global_topk,lift,166.0,0.34375,0.0,0.0,0.5238095238095238,0.0,0.0,0.34375,0.0,0.0,0.3601190476190475,5.851389114294502e-17,4.18554080283684e-17,166.0,0.0,0.0,1.0,0.0,0.0,10,10,ranked_lazyfca,
sonar,global_topk,log_odds_ratio,1.0,0.8372877001603068,0.0526588441976804,0.0376672507526776,0.8404761904761905,0.051495645071455,0.0368352060348264,0.8372877001603068,0.0526588441976804,0.0376672507526776,0.8383088299958038,0.0523298140769852,0.0374318931361131,1.0,0.0,0.0,0.0060240963855421,0.0,0.0,10,10,ranked_lazyfca,
sonar,global_topk,log_odds_ratio_log_tp,1.0,0.8372877001603068,0.0526588441976804,0.0376672507526776,0.8404761904761905,0.051495645071455,0.0368352060348264,0.8372877001603068,0.0526588441976804,0.0376672507526776,0.8383088299958038,0.0523298140769852,0.0374318931361131,1.0,0.0,0.0,0.0060240963855421,0.0,0.0,10,10,ranked_lazyfca,
sonar,global_topk,matthews_correlation,166.0,0.34375,0.0,0.0,0.5238095238095238,0.0,0.0,0.34375,0.0,0.0,0.3601190476190475,5.851389114294502e-17,4.18554080283684e-17,166.0,0.0,0.0,1.0,0.0,0.0,10,10,ranked_lazyfca,
sonar,global_topk,precision,1.0,0.8372877001603068,0.0526588441976804,0.0376672507526776,0.8404761904761905,0.051495645071455,0.0368352060348264,0.8372877001603068,0.0526588441976804,0.0376672507526776,0.8383088299958038,0.0523298140769852,0.0374318931361131,1.0,0.0,0.0,0.0060240963855421,0.0,0.0,10,10,ranked_lazyfca,
sonar,global_topk,precision_log_tp,1.0,0.8372877001603068,0.0526588441976804,0.0376672507526776,0.8404761904761905,0.051495645071455,0.0368352060348264,0.8372877001603068,0.0526588441976804,0.0376672507526776,0.8383088299958038,0.0523298140769852,0.0374318931361131,1.0,0.0,0.0,0.0060240963855421,0.0,0.0,10,10,ranked_lazyfca,
sonar,global_topk,precision_sqrt_tp,1.0,0.8372877001603068,0.0526588441976804,0.0376672507526776,0.8404761904761905,0.051495645071455,0.0368352060348264,0.8372877001603068,0.0526588441976804,0.0376672507526776,0.8383088299958038,0.0523298140769852,0.0374318931361131,1.0,0.0,0.0,0.0060240963855421,0.0,0.0,10,10,ranked_lazyfca,
sonar,global_topk,query_binary_similarity,1.0,0.8372877001603068,0.0526588441976804,0.0376672507526776,0.8404761904761905,0.051495645071455,0.0368352060348264,0.8372877001603068,0.0526588441976804,0.0376672507526776,0.8383088299958038,0.0523298140769852,0.0374318931361131,1.0,0.0,0.0,0.0060240963855421,0.0,0.0,10,10,ranked_lazyfca,
sonar,global_topk,query_numeric_similarity,4.0,0.8428376592453466,0.0609899465334441,0.0436265482934553,0.8476190476190476,0.0574506700662027,0.0410948783298273,0.8428376592453466,0.0609899465334441,0.0436265482934553,0.8440195082097122,0.0602728456044468,0.0431136008309906,4.0,0.0,0.0,0.0240963855421685,3.657118196434065e-18,2.615963001773025e-18,10,10,ranked_lazyfca,
sonar,global_topk,query_similarity,4.0,0.8428376592453466,0.0609899465334441,0.0436265482934553,0.8476190476190476,0.0574506700662027,0.0410948783298273,0.8428376592453466,0.0609899465334441,0.0436265482934553,0.8440195082097122,0.0602728456044468,0.0431136008309906,4.0,0.0,0.0,0.0240963855421685,3.657118196434065e-18,2.615963001773025e-18,10,10,ranked_lazyfca,
sonar,global_topk,query_weighted_log_odds_ratio,4.0,0.8428376592453466,0.0609899465334441,0.0436265482934553,0.8476190476190476,0.0574506700662027,0.0410948783298273,0.8428376592453466,0.0609899465334441,0.0436265482934553,0.8440195082097122,0.0602728456044468,0.0431136008309906,4.0,0.0,0.0,0.0240963855421685,3.657118196434065e-18,2.615963001773025e-18,10,10,ranked_lazyfca,
sonar,global_topk,query_weighted_log_odds_ratio_log_tp,4.0,0.8428376592453466,0.0609899465334441,0.0436265482934553,0.8476190476190476,0.0574506700662027,0.0410948783298273,0.8428376592453466,0.0609899465334441,0.0436265482934553,0.8440195082097122,0.0602728456044468,0.0431136008309906,4.0,0.0,0.0,0.0240963855421685,3.657118196434065e-18,2.615963001773025e-18,10,10,ranked_lazyfca,
sonar,global_topk,query_weighted_precision,4.0,0.8428376592453466,0.0609899465334441,0.0436265482934553,0.8476190476190476,0.0574506700662027,0.0410948783298273,0.8428376592453466,0.0609899465334441,0.0436265482934553,0.8440195082097122,0.0602728456044468,0.0431136008309906,4.0,0.0,0.0,0.0240963855421685,3.657118196434065e-18,2.615963001773025e-18,10,10,ranked_lazyfca,
sonar,global_topk,query_weighted_precision_log_tp,4.0,0.8428376592453466,0.0609899465334441,0.0436265482934553,0.8476190476190476,0.0574506700662027,0.0410948783298273,0.8428376592453466,0.0609899465334441,0.0436265482934553,0.8440195082097122,0.0602728456044468,0.0431136008309906,4.0,0.0,0.0,0.0240963855421685,3.657118196434065e-18,2.615963001773025e-18,10,10,ranked_lazyfca,
sonar,global_topk,query_weighted_precision_sqrt_tp,4.0,0.8428376592453466,0.0609899465334441,0.0436265482934553,0.8476190476190476,0.0574506700662027,0.0410948783298273,0.8428376592453466,0.0609899465334441,0.0436265482934553,0.8440195082097122,0.0602728456044468,0.0431136008309906,4.0,0.0,0.0,0.0240963855421685,3.657118196434065e-18,2.615963001773025e-18,10,10,ranked_lazyfca,
sonar,global_topk,query_weighted_wracc,166.0,0.34375,0.0,0.0,0.5238095238095238,0.0,0.0,0.34375,0.0,0.0,0.3601190476190475,5.851389114294502e-17,4.18554080283684e-17,166.0,0.0,0.0,1.0,0.0,0.0,10,10,ranked_lazyfca,
sonar,global_topk,robustness,1.0,0.8372877001603068,0.0526588441976804,0.0376672507526776,0.8404761904761905,0.051495645071455,0.0368352060348264,0.8372877001603068,0.0526588441976804,0.0376672507526776,0.8383088299958038,0.0523298140769852,0.0374318931361131,1.0,0.0,0.0,0.0060240963855421,0.0,0.0,10,10,ranked_lazyfca,
sonar,global_topk,simplicity_prior,4.0,0.8428376592453466,0.0609899465334441,0.0436265482934553,0.8476190476190476,0.0574506700662027,0.0410948783298273,0.8428376592453466,0.0609899465334441,0.0436265482934553,0.8440195082097122,0.0602728456044468,0.0431136008309906,4.0,0.0,0.0,0.0240963855421685,3.657118196434065e-18,2.615963001773025e-18,10,10,ranked_lazyfca,
sonar,global_topk,stability,1.0,0.8372877001603068,0.0526588441976804,0.0376672507526776,0.8404761904761905,0.051495645071455,0.0368352060348264,0.8372877001603068,0.0526588441976804,0.0376672507526776,0.8383088299958038,0.0523298140769852,0.0374318931361131,1.0,0.0,0.0,0.0060240963855421,0.0,0.0,10,10,ranked_lazyfca,
sonar,global_topk,support,166.0,0.34375,0.0,0.0,0.5238095238095238,0.0,0.0,0.34375,0.0,0.0,0.3601190476190475,5.851389114294502e-17,4.18554080283684e-17,166.0,0.0,0.0,1.0,0.0,0.0,10,10,ranked_lazyfca,
sonar,global_topk,supporter_opposer_ratio,1.0,0.8372877001603068,0.0526588441976804,0.0376672507526776,0.8404761904761905,0.051495645071455,0.0368352060348264,0.8372877001603068,0.0526588441976804,0.0376672507526776,0.8383088299958038,0.0523298140769852,0.0374318931361131,1.0,0.0,0.0,0.0060240963855421,0.0,0.0,10,10,ranked_lazyfca,
sonar,global_topk,tn,166.0,0.34375,0.0,0.0,0.5238095238095238,0.0,0.0,0.34375,0.0,0.0,0.3601190476190475,5.851389114294502e-17,4.18554080283684e-17,166.0,0.0,0.0,1.0,0.0,0.0,10,10,ranked_lazyfca,
sonar,global_topk,tp,1.0,0.8372877001603068,0.0526588441976804,0.0376672507526776,0.8404761904761905,0.051495645071455,0.0368352060348264,0.8372877001603068,0.0526588441976804,0.0376672507526776,0.8383088299958038,0.0523298140769852,0.0374318931361131,1.0,0.0,0.0,0.0060240963855421,0.0,0.0,10,10,ranked_lazyfca,
sonar,global_topk,wracc,166.0,0.34375,0.0,0.0,0.5238095238095238,0.0,0.0,0.34375,0.0,0.0,0.3601190476190475,5.851389114294502e-17,4.18554080283684e-17,166.0,0.0,0.0,1.0,0.0,0.0,10,10,ranked_lazyfca,
sonar,global_topk,youdens_j,166.0,0.34375,0.0,0.0,0.5238095238095238,0.0,0.0,0.34375,0.0,0.0,0.3601190476190475,5.851389114294502e-17,4.18554080283684e-17,166.0,0.0,0.0,1.0,0.0,0.0,10,10,ranked_lazyfca,
sonar,ips_knn,imported_baseline,,0.8445979380680656,0.0498568821229041,0.0356629870876058,,,,0.8445979380680656,0.0498568821229041,0.0356629870876058,,,,,,,,,,10,10,imported_baseline,21.313
sonar,knn,imported_baseline,,0.8421911781613056,0.0443593349001001,0.0317305519397951,,,,0.8421911781613056,0.0443593349001001,0.0317305519397951,,,,,,,,,,10,10,imported_baseline,0.4655999999999999
sonar,logistic_regression,imported_baseline,,0.7504666598974379,0.0639509594110683,0.0457445821440405,,,,0.7504666598974379,0.0639509594110683,0.0457445821440405,,,,,,,,,,10,10,imported_baseline,0.1491999999999999
sonar,naive_bayes,imported_baseline,,0.6423288155514412,0.0575585472823187,0.0411720436799571,,,,0.6423288155514412,0.0575585472823187,0.0411720436799571,,,,,,,,,,10,10,imported_baseline,0.0174
sonar,random_forest,imported_baseline,,0.7840887242813631,0.0716690335516234,0.0512653761988567,,,,0.7840887242813631,0.0716690335516234,0.0512653761988567,,,,,,,,,,10,10,imported_baseline,6.2611
sonar,random_topk,random,9.0,0.516647989752614,0.0303188370734012,0.0216872826582792,0.5233333333333332,0.0299028409048353,0.0213897176009319,0.516647989752614,0.0303188370734012,0.0216872826582792,0.5188050000443938,0.030205813421556,0.0216064360255834,9.0,0.0,0.0,0.0542168674698795,0.0,0.0,10,50,ranked_lazyfca,
sonar,svm,imported_baseline,,0.8586979196496893,0.0480985237095268,0.0344052206425025,,,,0.8586979196496893,0.0480985237095268,0.0344052206425025,,,,,,,,,,10,10,imported_baseline,0.1031
sonar,xgboost,imported_baseline,,0.816891608651385,0.0614279752944885,0.0439398734229854,,,,0.816891608651385,0.0614279752944885,0.0439398734229854,,,,,,,,,,10,10,imported_baseline,0.2682
spambase,decision_tree,imported_baseline,,0.9231879221640474,0.0077845446690193,0.0055683409028617,,,,0.9231879221640474,0.0077845446690193,0.0055683409028617,,,,,,,,,,10,10,imported_baseline,0.3238999999999999
spambase,fcalc_deterministic,imported_baseline,,0.8296381991262564,0.0110727115395476,0.0079203903622818,,,,0.8296381991262564,0.0110727115395476,0.0079203903622818,,,,,,,,,,10,10,imported_baseline,38540.59790000001
spambase,fcalc_randomized,imported_baseline,,0.7525517660168911,0.1311795017047288,0.0938336429446543,,,,0.7525517660168911,0.1311795017047288,0.0938336429446543,,,,,,,,,,10,10,imported_baseline,1911.1537
spambase,global_topk,balanced_precision_proxy,2869.0,0.7866480284333102,0.0325532300927668,0.0232855600876989,0.8089033659066232,0.0220922800753266,0.0158027671509806,0.7866480284333102,0.0325532300927668,0.0232855600876989,0.8010354353425797,0.0280111626923158,0.0200365865427024,2869.0,0.0,0.0,0.7796195652173913,0.0,0.0,10,10,ranked_lazyfca,
spambase,global_topk,chi_squared,2869.0,0.801855214299293,0.0152231903313567,0.0108892577534432,0.8077090119435397,0.0154779733672716,0.0110715058951857,0.801855214299293,0.0152231903313567,0.0108892577534432,0.8088965142253013,0.015078772942319,0.0107859549542874,2869.0,0.0,0.0,0.7796195652173913,0.0,0.0,10,10,ranked_lazyfca,
spambase,global_topk,delta_stability,826.0,0.6236967289103709,0.0189628562710431,0.013564267750864,0.7157437567861021,0.010685078714792,0.0076431138091689,0.6236967289103709,0.0189628562710431,0.013564267750864,0.6630941564466077,0.0161920903468895,0.0115823189171547,826.0,0.0,0.0,0.2244565217391304,2.925694557147251e-17,2.09277040141842e-17,10,10,ranked_lazyfca,
spambase,global_topk,description_volume,5.0,0.9085082521478788,0.0075389814640956,0.0053926877726721,0.914115092290988,0.0069325493681134,0.0049589025240236,0.9085082521478788,0.0075389814640956,0.0053926877726721,0.9133021923580642,0.0070799309379462,0.0050643256230642,5.0,0.0,0.0,0.0013586956521739,0.0,0.0,10,10,ranked_lazyfca,
spambase,global_topk,error_rate,5.0,0.912803044963444,0.0080493415778686,0.0057577520400815,0.9180238870792616,0.0074568938755108,0.0053339699289743,0.912803044963444,0.0080493415778686,0.0057577520400815,0.917319253592227,0.0075830457051702,0.0054242072418718,5.0,0.0,0.0,0.0013586956521739,0.0,0.0,10,10,ranked_lazyfca,
spambase,global_topk,fn,3680.0,0.3772819472616633,0.0,0.0,0.6058631921824105,0.0,0.0,0.3772819472616633,0.0,0.0,0.4571624898414942,1.1702778228589004e-16,8.37108160567368e-17,3680.0,0.0,0.0,1.0,0.0,0.0,10,10,ranked_lazyfca,
spambase,global_topk,fp,5.0,0.912803044963444,0.0080493415778686,0.0057577520400815,0.9180238870792616,0.0074568938755108,0.0053339699289743,0.912803044963444,0.0080493415778686,0.0057577520400815,0.917319253592227,0.0075830457051702,0.0054242072418718,5.0,0.0,0.0,0.0013586956521739,0.0,0.0,10,10,ranked_lazyfca,
spambase,global_topk,g_test,2869.0,0.7859858460755713,0.0352373889011625,0.0252055582273523,0.8042345276872964,0.0244188390358741,0.0174669715423427,0.7859858460755713,0.0352373889011625,0.0252055582273523,0.7988736145299875,0.0302475783991993,0.0216363108150806,2869.0,0.0,0.0,0.7796195652173913,0.0,0.0,10,10,ranked_lazyfca,
spambase,global_topk,gini_gain,2869.0,0.8016198697565574,0.0153320238007486,0.0109671071184327,0.8074918566775245,0.0155842423051952,0.011147520832334,0.8016198697565574,0.0153320238007486,0.0109671071184327,0.8086778369729604,0.0151846652612966,0.0108617004931895,2869.0,0.0,0.0,0.7796195652173913,0.0,0.0,10,10,ranked_lazyfca,
spambase,global_topk,information_gain,2869.0,0.7859858460755713,0.0352373889011625,0.0252055582273523,0.8042345276872964,0.0244188390358741,0.0174669715423427,0.7859858460755713,0.0352373889011625,0.0252055582273523,0.7988736145299875,0.0302475783991993,0.0216363108150806,2869.0,0.0,0.0,0.7796195652173913,0.0,0.0,10,10,ranked_lazyfca,
spambase,global_topk,interval_tightness,6.0,0.9155000324115014,0.0041518709096654,0.0029698631830967,0.9205211726384362,0.0038234129992744,0.0027349148726865,0.9155000324115014,0.0041518709096654,0.0029698631830967,0.9198606628887293,0.0039015600692247,0.0027908140350068,6.0,0.0,0.0,0.0016304347826086,0.0,0.0,10,10,ranked_lazyfca,
spambase,global_topk,lift,2869.0,0.7473282666940396,0.0560473575959512,0.0400910788065622,0.7857763300760043,0.0349555155399615,0.0250039321807,0.7473282666940396,0.0560473575959512,0.0400910788065622,0.7679123225238517,0.0479513339581996,0.0342999347526213,2869.0,0.0,0.0,0.7796195652173913,0.0,0.0,10,10,ranked_lazyfca,
spambase,global_topk,log_odds_ratio,1360.0,0.631956048328376,0.010678988391984,0.0076387573573731,0.7197611292073833,0.0063815984874096,0.0045648033885019,0.631956048328376,0.010678988391984,0.0076387573573731,0.6700152736690235,0.0091849601755452,0.0065700682070963,1360.0,0.0,0.0,0.3695652173913043,0.0,0.0,10,10,ranked_lazyfca,
spambase,global_topk,log_odds_ratio_log_tp,1360.0,0.6070335656090201,0.0119261030375382,0.0085308274509567,0.7062975027144408,0.0066980656979087,0.0047911746648656,0.6070335656090201,0.0119261030375382,0.0085308274509567,0.6488471239420928,0.0101747024010442,0.0072780379538008,1360.0,0.0,0.0,0.3695652173913043,0.0,0.0,10,10,ranked_lazyfca,
spambase,global_topk,matthews_correlation,2869.0,0.7689173174332253,0.046628451635993,0.0333536674938911,0.798914223669924,0.030123852806876,0.0215478090072348,0.7689173174332253,0.046628451635993,0.0333536674938911,0.7862801677800199,0.039994902483775,0.0286086419791113,2869.0,0.0,0.0,0.7796195652173913,0.0,0.0,10,10,ranked_lazyfca,
spambase,global_topk,precision,5.0,0.912803044963444,0.0080493415778686,0.0057577520400815,0.9180238870792616,0.0074568938755108,0.0053339699289743,0.912803044963444,0.0080493415778686,0.0057577520400815,0.917319253592227,0.0075830457051702,0.0054242072418718,5.0,0.0,0.0,0.0013586956521739,0.0,0.0,10,10,ranked_lazyfca,
spambase,global_topk,precision_log_tp,1360.0,0.5941589865567539,0.0120888364431912,0.008647231828796,0.6993485342019544,0.0067019758358353,0.0047939716147039,0.5941589865567539,0.0120888364431912,0.008647231828796,0.6379018624207156,0.0102944504633536,0.0073636946057627,1360.0,0.0,0.0,0.3695652173913043,0.0,0.0,10,10,ranked_lazyfca,
spambase,global_topk,precision_sqrt_tp,1360.0,0.6046927828935659,0.0115267876369609,0.0082451942671654,0.7051031487513573,0.0064377981018774,0.0046050033777462,0.6046927828935659,0.0115267876369609,0.0082451942671654,0.6468724404429868,0.0098287994883708,0.0070306111075366,1360.0,0.0,0.0,0.3695652173913043,0.0,0.0,10,10,ranked_lazyfca,
spambase,global_topk,query_binary_similarity,5.0,0.9085082521478788,0.0075389814640956,0.0053926877726721,0.914115092290988,0.0069325493681134,0.0049589025240236,0.9085082521478788,0.0075389814640956,0.0053926877726721,0.9133021923580642,0.0070799309379462,0.0050643256230642,5.0,0.0,0.0,0.0013586956521739,0.0,0.0,10,10,ranked_lazyfca,
spambase,global_topk,query_numeric_similarity,6.0,0.9155000324115014,0.0041518709096654,0.0029698631830967,0.9205211726384362,0.0038234129992744,0.0027349148726865,0.9155000324115014,0.0041518709096654,0.0029698631830967,0.9198606628887293,0.0039015600692247,0.0027908140350068,6.0,0.0,0.0,0.0016304347826086,0.0,0.0,10,10,ranked_lazyfca,
spambase,global_topk,query_similarity,6.0,0.9155000324115014,0.0041518709096654,0.0029698631830967,0.9205211726384362,0.0038234129992744,0.0027349148726865,0.9155000324115014,0.0041518709096654,0.0029698631830967,0.9198606628887293,0.0039015600692247,0.0027908140350068,6.0,0.0,0.0,0.0016304347826086,0.0,0.0,10,10,ranked_lazyfca,
spambase,global_topk,query_weighted_log_odds_ratio,1360.0,0.631956048328376,0.010678988391984,0.0076387573573731,0.7197611292073833,0.0063815984874096,0.0045648033885019,0.631956048328376,0.010678988391984,0.0076387573573731,0.6700152736690235,0.0091849601755452,0.0065700682070963,1360.0,0.0,0.0,0.3695652173913043,0.0,0.0,10,10,ranked_lazyfca,
spambase,global_topk,query_weighted_log_odds_ratio_log_tp,1360.0,0.6070335656090201,0.0119261030375382,0.0085308274509567,0.7062975027144408,0.0066980656979087,0.0047911746648656,0.6070335656090201,0.0119261030375382,0.0085308274509567,0.6488471239420928,0.0101747024010442,0.0072780379538008,1360.0,0.0,0.0,0.3695652173913043,0.0,0.0,10,10,ranked_lazyfca,
spambase,global_topk,query_weighted_precision,6.0,0.9179987926038116,0.0058219078494406,0.0041644526416233,0.922801302931596,0.0053791910976443,0.0038477741585233,0.9179987926038116,0.0058219078494406,0.0041644526416233,0.9221995819202282,0.0054788083148656,0.0039190310719161,6.0,0.0,0.0,0.0016304347826086,0.0,0.0,10,10,ranked_lazyfca,
spambase,global_topk,query_weighted_precision_log_tp,1360.0,0.5941589865567539,0.0120888364431912,0.008647231828796,0.6993485342019544,0.0067019758358353,0.0047939716147039,0.5941589865567539,0.0120888364431912,0.008647231828796,0.6379018624207156,0.0102944504633536,0.0073636946057627,1360.0,0.0,0.0,0.3695652173913043,0.0,0.0,10,10,ranked_lazyfca,
spambase,global_topk,query_weighted_precision_sqrt_tp,1360.0,0.6046927828935659,0.0115267876369609,0.0082451942671654,0.7051031487513573,0.0064377981018774,0.0046050033777462,0.6046927828935659,0.0115267876369609,0.0082451942671654,0.6468724404429868,0.0098287994883708,0.0070306111075366,1360.0,0.0,0.0,0.3695652173913043,0.0,0.0,10,10,ranked_lazyfca,
spambase,global_topk,query_weighted_wracc,2869.0,0.7866480284333102,0.0325532300927668,0.0232855600876989,0.8089033659066232,0.0220922800753266,0.0158027671509806,0.7866480284333102,0.0325532300927668,0.0232855600876989,0.8010354353425797,0.0280111626923158,0.0200365865427024,2869.0,0.0,0.0,0.7796195652173913,0.0,0.0,10,10,ranked_lazyfca,
spambase,global_topk,robustness,1360.0,0.5198908442175121,0.0153394771682965,0.0109724385659541,0.6627578718783931,0.0074384263937257,0.0053207600061633,0.5198908442175121,0.0153394771682965,0.0109724385659541,0.5753382260878643,0.0129090497435236,0.0092339363135796,1360.0,0.0,0.0,0.3695652173913043,0.0,0.0,10,10,ranked_lazyfca,
spambase,global_topk,simplicity_prior,6.0,0.9156198545289288,0.0041092686250421,0.0029393894618824,0.9206297502714442,0.0037768788557928,0.002701628664495,0.9156198545289288,0.0041092686250421,0.0029393894618824,0.9199724671888708,0.0038583125786837,0.0027598787933498,6.0,0.0,0.0,0.0016304347826086,0.0,0.0,10,10,ranked_lazyfca,
spambase,global_topk,stability,1360.0,0.5198908442175121,0.0153394771682965,0.0109724385659541,0.6627578718783931,0.0074384263937257,0.0053207600061633,0.5198908442175121,0.0153394771682965,0.0109724385659541,0.5753382260878643,0.0129090497435236,0.0092339363135796,1360.0,0.0,0.0,0.3695652173913043,0.0,0.0,10,10,ranked_lazyfca,
spambase,global_topk,support,1360.0,0.6086571468537443,0.0141094688948906,0.0100926047836492,0.6116178067318132,0.0135328177450251,0.0096801220603813,0.6086571468537443,0.0141094688948906,0.0100926047836492,0.6015386639065614,0.0150091869984169,0.0107361796271271,1360.0,0.0,0.0,0.3695652173913043,0.0,0.0,10,10,ranked_lazyfca,
spambase,global_topk,supporter_opposer_ratio,5.0,0.912803044963444,0.0080493415778686,0.0057577520400815,0.9180238870792616,0.0074568938755108,0.0053339699289743,0.912803044963444,0.0080493415778686,0.0057577520400815,0.917319253592227,0.0075830457051702,0.0054242072418718,5.0,0.0,0.0,0.0013586956521739,0.0,0.0,10,10,ranked_lazyfca,
spambase,global_topk,tn,3680.0,0.3772819472616633,0.0,0.0,0.6058631921824105,0.0,0.0,0.3772819472616633,0.0,0.0,0.4571624898414942,1.1702778228589004e-16,8.37108160567368e-17,3680.0,0.0,0.0,1.0,0.0,0.0,10,10,ranked_lazyfca,
spambase,global_topk,tp,1360.0,0.5809377726079299,0.0116506117791722,0.0083337665684563,0.6926167209554832,0.0063404131685804,0.0045353432331319,0.5809377726079299,0.0116506117791722,0.0083337665684563,0.6267390783470762,0.0099162555247861,0.0070931690406565,1360.0,0.0,0.0,0.3695652173913043,0.0,0.0,10,10,ranked_lazyfca,
spambase,global_topk,wracc,2869.0,0.7866480284333102,0.0325532300927668,0.0232855600876989,0.8089033659066232,0.0220922800753266,0.0158027671509806,0.7866480284333102,0.0325532300927668,0.0232855600876989,0.8010354353425797,0.0280111626923158,0.0200365865427024,2869.0,0.0,0.0,0.7796195652173913,0.0,0.0,10,10,ranked_lazyfca,
spambase,global_topk,youdens_j,2869.0,0.7866480284333102,0.0325532300927668,0.0232855600876989,0.8089033659066232,0.0220922800753266,0.0158027671509806,0.7866480284333102,0.0325532300927668,0.0232855600876989,0.8010354353425797,0.0280111626923158,0.0200365865427024,2869.0,0.0,0.0,0.7796195652173913,0.0,0.0,10,10,ranked_lazyfca,
spambase,ips_knn,imported_baseline,,0.9165206410347316,0.010260652847417,0.0073395189275129,,,,0.9165206410347316,0.010260652847417,0.0073395189275129,,,,,,,,,,10,10,imported_baseline,490.9198
spambase,knn,imported_baseline,,0.9180137585244724,0.0108766473169663,0.0077801442108875,,,,0.9180137585244724,0.0108766473169663,0.0077801442108875,,,,,,,,,,10,10,imported_baseline,2.4724
spambase,logistic_regression,imported_baseline,,0.9228028125288794,0.0083478317708561,0.0059712642262638,,,,0.9228028125288794,0.0083478317708561,0.0059712642262638,,,,,,,,,,10,10,imported_baseline,2.7448
spambase,naive_bayes,imported_baseline,,0.8191003370492356,0.0099298837264197,0.0071029173914998,,,,0.8191003370492356,0.0099298837264197,0.0071029173914998,,,,,,,,,,10,10,imported_baseline,0.1378
spambase,random_forest,imported_baseline,,0.9520625468104268,0.0058122599134829,0.0041575514035027,,,,0.9520625468104268,0.0058122599134829,0.0041575514035027,,,,,,,,,,10,10,imported_baseline,46.8164
spambase,random_topk,random,1.0,0.4991723685201437,0.0053654917874999,0.0038379749432498,0.5216503800217155,0.0059679738755419,0.004268934722752,0.4991723685201437,0.0053654917874999,0.0038379749432498,0.5215651869869244,0.0055392115966778,0.0039622379747065,1.0,0.0,0.0,0.0002717391304347,0.0,0.0,10,50,ranked_lazyfca,
spambase,svm,imported_baseline,,0.9295859546120364,0.0076471347617317,0.0054700506059028,,,,0.9295859546120364,0.0076471347617317,0.0054700506059028,,,,,,,,,,10,10,imported_baseline,2.0976000000000004
spambase,xgboost,imported_baseline,,0.9537224548135088,0.0055789684910286,0.0039906763677528,,,,0.9537224548135088,0.0055789684910286,0.0039906763677528,,,,,,,,,,10,10,imported_baseline,2.9468
waveform,decision_tree,imported_baseline,,0.7593594045816239,0.0138821081860043,0.0099299720300556,,,,0.7593594045816239,0.0138821081860043,0.0099299720300556,,,,,,,,,,10,10,imported_baseline,0.259
waveform,fcalc_deterministic,imported_baseline,,0.7452883935700003,0.0151210902569857,0.0108162248344379,,,,0.7452883935700003,0.0151210902569857,0.0108162248344379,,,,,,,,,,10,10,imported_baseline,26458.8788
waveform,fcalc_randomized,imported_baseline,,0.7965391713768595,0.0423351398347384,0.0302826306217144,,,,0.7965391713768595,0.0423351398347384,0.0302826306217144,,,,,,,,,,10,10,imported_baseline,1759.5961
waveform,global_topk,balanced_precision_proxy,1.0,0.498936204142946,0.0158608220403331,0.0113453603101137,0.5083207261724659,0.0156897117358588,0.0112229638761774,0.498936204142946,0.0158608220403331,0.0113453603101137,0.4986272459224626,0.0158717031114525,0.0113531436187023,1.0,0.0,0.0,0.0003783579265985,0.0,0.0,10,10,ranked_lazyfca,
waveform,global_topk,chi_squared,1.0,0.4980621292591964,0.015497963123217,0.0110858047116742,0.5075642965204236,0.0153828028670394,0.0110034297505015,0.4980621292591964,0.015497963123217,0.0110858047116742,0.4977509319133931,0.0155078675355108,0.0110928894091665,1.0,0.0,0.0,0.0003783579265985,0.0,0.0,10,10,ranked_lazyfca,
waveform,global_topk,delta_stability,158.0,0.917216606649816,0.0091082646999317,0.0065152073806664,0.9173978819969744,0.0089700636185009,0.006416351151141,0.917216606649816,0.0091082646999317,0.0065152073806664,0.9172000931960816,0.0091152229762305,0.0065201846858493,158.0,0.0,0.0,0.0597805524025728,7.314236392868129e-18,5.23192600354605e-18,10,10,ranked_lazyfca,
waveform,global_topk,description_volume,405.0,0.89542833994951,0.0144247241870573,0.0103181091660959,0.8962178517397883,0.013942402784359,0.0099731011907856,0.89542833994951,0.0144247241870573,0.0103181091660959,0.8953879690276692,0.0144393848773384,0.0103285960635096,405.0,0.0,0.0,0.1532349602724177,0.0,0.0,10,10,ranked_lazyfca,
waveform,global_topk,error_rate,158.0,0.917216606649816,0.0091082646999317,0.0065152073806664,0.9173978819969744,0.0089700636185009,0.006416351151141,0.917216606649816,0.0091082646999317,0.0065152073806664,0.9172000931960816,0.0091152229762305,0.0065201846858493,158.0,0.0,0.0,0.0597805524025728,7.314236392868129e-18,5.23192600354605e-18,10,10,ranked_lazyfca,
waveform,global_topk,fn,2.0,0.3374993253773423,0.005775534572233,0.0041312815022371,0.4975794251134644,0.0033029799079804,0.002362645331863,0.3374993253773423,0.005775534572233,0.0041312815022371,0.3360213362406424,0.0057956559528577,0.0041456744708073,2.0,0.0,0.0,0.000756715853197,1.1428494363856452e-19,8.174884380540703e-20,10,10,ranked_lazyfca,
waveform,global_topk,fp,158.0,0.917216606649816,0.0091082646999317,0.0065152073806664,0.9173978819969744,0.0089700636185009,0.006416351151141,0.917216606649816,0.0091082646999317,0.0065152073806664,0.9172000931960816,0.0091152229762305,0.0065201846858493,158.0,0.0,0.0,0.0597805524025728,7.314236392868129e-18,5.23192600354605e-18,10,10,ranked_lazyfca,
waveform,global_topk,g_test,1.0,0.498592272560459,0.0157322127720231,0.0112533651736392,0.508018154311649,0.0156214882122453,0.0111741630980682,0.498592272560459,0.0157322127720231,0.0112533651736392,0.4982824443994221,0.0157419565209776,0.0112603349474869,1.0,0.0,0.0,0.0003783579265985,0.0,0.0,10,10,ranked_lazyfca,
waveform,global_topk,gini_gain,1.0,0.4980621292591964,0.015497963123217,0.0110858047116742,0.5075642965204236,0.0153828028670394,0.0110034297505015,0.4980621292591964,0.015497963123217,0.0110858047116742,0.4977509319133931,0.0155078675355108,0.0110928894091665,1.0,0.0,0.0,0.0003783579265985,0.0,0.0,10,10,ranked_lazyfca,
waveform,global_topk,information_gain,1.0,0.498592272560459,0.0157322127720231,0.0112533651736392,0.508018154311649,0.0156214882122453,0.0111741630980682,0.498592272560459,0.0157322127720231,0.0112533651736392,0.4982824443994221,0.0157419565209776,0.0112603349474869,1.0,0.0,0.0,0.0003783579265985,0.0,0.0,10,10,ranked_lazyfca,
waveform,global_topk,interval_tightness,158.0,0.9167505546506995,0.0100246290578408,0.0071706894098694,0.9169440242057488,0.0098677916002723,0.0070585024461854,0.9167505546506995,0.0100246290578408,0.0071706894098694,0.9167334731354092,0.0100322060000471,0.0071761092512345,158.0,0.0,0.0,0.0597805524025728,7.314236392868129e-18,5.23192600354605e-18,10,10,ranked_lazyfca,
waveform,global_topk,lift,2643.0,0.3343403826787511,5.851389114294502e-17,4.18554080283684e-17,0.502269288956127,1.1702778228589004e-16,8.37108160567368e-17,0.3343403826787511,5.851389114294502e-17,4.18554080283684e-17,0.3358578125547516,5.851389114294502e-17,4.18554080283684e-17,2643.0,0.0,0.0,1.0,0.0,0.0,10,10,ranked_lazyfca,
waveform,global_topk,log_odds_ratio,200.0,0.915279084662734,0.0070168867924665,0.0050192296914604,0.9154311649016644,0.0068571830250751,0.0049049924357034,0.915279084662734,0.0070168867924665,0.0050192296914604,0.9152641589743912,0.007024674245924,0.0050248001130406,200.0,0.0,0.0,0.0756715853197124,0.0,0.0,10,10,ranked_lazyfca,
waveform,global_topk,log_odds_ratio_log_tp,200.0,0.915279084662734,0.0070168867924665,0.0050192296914604,0.9154311649016644,0.0068571830250751,0.0049049924357034,0.915279084662734,0.0070168867924665,0.0050192296914604,0.9152641589743912,0.007024674245924,0.0050248001130406,200.0,0.0,0.0,0.0756715853197124,0.0,0.0,10,10,ranked_lazyfca,
waveform,global_topk,matthews_correlation,1.0,0.498936204142946,0.0158608220403331,0.0113453603101137,0.5083207261724659,0.0156897117358588,0.0112229638761774,0.498936204142946,0.0158608220403331,0.0113453603101137,0.4986272459224626,0.0158717031114525,0.0113531436187023,1.0,0.0,0.0,0.0003783579265985,0.0,0.0,10,10,ranked_lazyfca,
waveform,global_topk,precision,158.0,0.917216606649816,0.0091082646999317,0.0065152073806664,0.9173978819969744,0.0089700636185009,0.006416351151141,0.917216606649816,0.0091082646999317,0.0065152073806664,0.9172000931960816,0.0091152229762305,0.0065201846858493,158.0,0.0,0.0,0.0597805524025728,7.314236392868129e-18,5.23192600354605e-18,10,10,ranked_lazyfca,
waveform,global_topk,precision_log_tp,200.0,0.915279084662734,0.0070168867924665,0.0050192296914604,0.9154311649016644,0.0068571830250751,0.0049049924357034,0.915279084662734,0.0070168867924665,0.0050192296914604,0.9152641589743912,0.007024674245924,0.0050248001130406,200.0,0.0,0.0,0.0756715853197124,0.0,0.0,10,10,ranked_lazyfca,
waveform,global_topk,precision_sqrt_tp,200.0,0.915279084662734,0.0070168867924665,0.0050192296914604,0.9154311649016644,0.0068571830250751,0.0049049924357034,0.915279084662734,0.0070168867924665,0.0050192296914604,0.9152641589743912,0.007024674245924,0.0050248001130406,200.0,0.0,0.0,0.0756715853197124,0.0,0.0,10,10,ranked_lazyfca,
waveform,global_topk,query_binary_similarity,158.0,0.917216606649816,0.0091082646999317,0.0065152073806664,0.9173978819969744,0.0089700636185009,0.006416351151141,0.917216606649816,0.0091082646999317,0.0065152073806664,0.9172000931960816,0.0091152229762305,0.0065201846858493,158.0,0.0,0.0,0.0597805524025728,7.314236392868129e-18,5.23192600354605e-18,10,10,ranked_lazyfca,
waveform,global_topk,query_numeric_similarity,158.0,0.9167505546506995,0.0100246290578408,0.0071706894098694,0.9169440242057488,0.0098677916002723,0.0070585024461854,0.9167505546506995,0.0100246290578408,0.0071706894098694,0.9167334731354092,0.0100322060000471,0.0071761092512345,158.0,0.0,0.0,0.0597805524025728,7.314236392868129e-18,5.23192600354605e-18,10,10,ranked_lazyfca,
waveform,global_topk,query_similarity,158.0,0.9167505546506995,0.0100246290578408,0.0071706894098694,0.9169440242057488,0.0098677916002723,0.0070585024461854,0.9167505546506995,0.0100246290578408,0.0071706894098694,0.9167334731354092,0.0100322060000471,0.0071761092512345,158.0,0.0,0.0,0.0597805524025728,7.314236392868129e-18,5.23192600354605e-18,10,10,ranked_lazyfca,
waveform,global_topk,query_weighted_log_odds_ratio,200.0,0.9149696636666638,0.0073898913518082,0.0052860425409007,0.9151285930408474,0.0072185216771666,0.0051634605776146,0.9149696636666638,0.0073898913518082,0.0052860425409007,0.914954411210164,0.0073980842035202,0.005291902946774,200.0,0.0,0.0,0.0756715853197124,0.0,0.0,10,10,ranked_lazyfca,
waveform,global_topk,query_weighted_log_odds_ratio_log_tp,200.0,0.9149696636666638,0.0073898913518082,0.0052860425409007,0.9151285930408474,0.0072185216771666,0.0051634605776146,0.9149696636666638,0.0073898913518082,0.0052860425409007,0.914954411210164,0.0073980842035202,0.005291902946774,200.0,0.0,0.0,0.0756715853197124,0.0,0.0,10,10,ranked_lazyfca,
waveform,global_topk,query_weighted_precision,158.0,0.9167505546506995,0.0100246290578408,0.0071706894098694,0.9169440242057488,0.0098677916002723,0.0070585024461854,0.9167505546506995,0.0100246290578408,0.0071706894098694,0.9167334731354092,0.0100322060000471,0.0071761092512345,158.0,0.0,0.0,0.0597805524025728,7.314236392868129e-18,5.23192600354605e-18,10,10,ranked_lazyfca,
waveform,global_topk,query_weighted_precision_log_tp,200.0,0.9149696636666638,0.0073898913518082,0.0052860425409007,0.9151285930408474,0.0072185216771666,0.0051634605776146,0.9149696636666638,0.0073898913518082,0.0052860425409007,0.914954411210164,0.0073980842035202,0.005291902946774,200.0,0.0,0.0,0.0756715853197124,0.0,0.0,10,10,ranked_lazyfca,
waveform,global_topk,query_weighted_precision_sqrt_tp,200.0,0.9161695860298688,0.0078507584476522,0.0056157040959027,0.9163388804841148,0.0076827173569795,0.0054955030927178,0.9161695860298688,0.0078507584476522,0.0056157040959027,0.9161538336467095,0.0078587850300777,0.0056214455681571,200.0,0.0,0.0,0.0756715853197124,0.0,0.0,10,10,ranked_lazyfca,
waveform,global_topk,query_weighted_wracc,78.0,0.8835158456257484,0.0200510553333185,0.0143426643824664,0.8845688350983358,0.0193747084470852,0.0138588685804943,0.8835158456257484,0.0200510553333185,0.0143426643824664,0.8834666295264988,0.0200704750054294,0.0143565554138797,78.0,0.0,0.0,0.0295119182746878,0.0,0.0,10,10,ranked_lazyfca,
waveform,global_topk,robustness,158.0,0.9156339892745096,0.0069728799009555,0.0049877512448168,0.915733736762481,0.0068793985790357,0.004920883381553,0.9156339892745096,0.0069728799009555,0.0049877512448168,0.915622485851123,0.0069784075214611,0.0049917051916006,158.0,0.0,0.0,0.0597805524025728,7.314236392868129e-18,5.23192600354605e-18,10,10,ranked_lazyfca,
waveform,global_topk,simplicity_prior,158.0,0.9167505546506995,0.0100246290578408,0.0071706894098694,0.9169440242057488,0.0098677916002723,0.0070585024461854,0.9167505546506995,0.0100246290578408,0.0071706894098694,0.9167334731354092,0.0100322060000471,0.0071761092512345,158.0,0.0,0.0,0.0597805524025728,7.314236392868129e-18,5.23192600354605e-18,10,10,ranked_lazyfca,
waveform,global_topk,stability,158.0,0.9156339892745096,0.0069728799009555,0.0049877512448168,0.915733736762481,0.0068793985790357,0.004920883381553,0.9156339892745096,0.0069728799009555,0.0049877512448168,0.915622485851123,0.0069784075214611,0.0049917051916006,158.0,0.0,0.0,0.0597805524025728,7.314236392868129e-18,5.23192600354605e-18,10,10,ranked_lazyfca,
waveform,global_topk,support,1.0,0.4964808919277385,0.0154214861391777,0.011031100173842,0.5062027231467473,0.015299089694593,0.0109435491149524,0.4964808919277385,0.0154214861391777,0.011031100173842,0.4961655989171107,0.0154315373095238,0.0110382898484266,1.0,0.0,0.0,0.0003783579265985,0.0,0.0,10,10,ranked_lazyfca,
waveform,global_topk,supporter_opposer_ratio,158.0,0.917216606649816,0.0091082646999317,0.0065152073806664,0.9173978819969744,0.0089700636185009,0.006416351151141,0.917216606649816,0.0091082646999317,0.0065152073806664,0.9172000931960816,0.0091152229762305,0.0065201846858493,158.0,0.0,0.0,0.0597805524025728,7.314236392868129e-18,5.23192600354605e-18,10,10,ranked_lazyfca,
waveform,global_topk,tn,2643.0,0.3343403826787511,5.851389114294502e-17,4.18554080283684e-17,0.502269288956127,1.1702778228589004e-16,8.37108160567368e-17,0.3343403826787511,5.851389114294502e-17,4.18554080283684e-17,0.3358578125547516,5.851389114294502e-17,4.18554080283684e-17,2643.0,0.0,0.0,1.0,0.0,0.0,10,10,ranked_lazyfca,
waveform,global_topk,tp,200.0,0.915279084662734,0.0070168867924665,0.0050192296914604,0.9154311649016644,0.0068571830250751,0.0049049924357034,0.915279084662734,0.0070168867924665,0.0050192296914604,0.9152641589743912,0.007024674245924,0.0050248001130406,200.0,0.0,0.0,0.0756715853197124,0.0,0.0,10,10,ranked_lazyfca,
waveform,global_topk,wracc,1.0,0.498936204142946,0.0158608220403331,0.0113453603101137,0.5083207261724659,0.0156897117358588,0.0112229638761774,0.498936204142946,0.0158608220403331,0.0113453603101137,0.4986272459224626,0.0158717031114525,0.0113531436187023,1.0,0.0,0.0,0.0003783579265985,0.0,0.0,10,10,ranked_lazyfca,
waveform,global_topk,youdens_j,1.0,0.498936204142946,0.0158608220403331,0.0113453603101137,0.5083207261724659,0.0156897117358588,0.0112229638761774,0.498936204142946,0.0158608220403331,0.0113453603101137,0.4986272459224626,0.0158717031114525,0.0113531436187023,1.0,0.0,0.0,0.0003783579265985,0.0,0.0,10,10,ranked_lazyfca,
waveform,ips_knn,imported_baseline,,0.8408825164153428,0.0120161131909854,0.0085952123623963,,,,0.8408825164153428,0.0120161131909854,0.0085952123623963,,,,,,,,,,10,10,imported_baseline,215.92890000000003
waveform,knn,imported_baseline,,0.8516560893211247,0.0116645011035865,0.0083437017023065,,,,0.8516560893211247,0.0116645011035865,0.0083437017023065,,,,,,,,,,10,10,imported_baseline,2.1201
waveform,logistic_regression,imported_baseline,,0.8686019339843734,0.0111506415475032,0.0079761342585929,,,,0.8686019339843734,0.0111506415475032,0.0079761342585929,,,,,,,,,,10,10,imported_baseline,0.2738
waveform,naive_bayes,imported_baseline,,0.7987834501786653,0.0138082685530331,0.009877154008449,,,,0.7987834501786653,0.0138082685530331,0.009877154008449,,,,,,,,,,10,10,imported_baseline,0.0297
waveform,random_forest,imported_baseline,,0.8503016109167648,0.0094483347887863,0.0067584619660174,,,,0.8503016109167648,0.0094483347887863,0.0067584619660174,,,,,,,,,,10,10,imported_baseline,68.72040000000001
waveform,random_topk,random,39.0,0.5041570958025594,0.0053963303171607,0.0038600339657611,0.5043872919818456,0.0053463876069384,0.0038243095852154,0.5041570958025594,0.0053963303171607,0.0038600339657611,0.5041846546535329,0.0053910996062949,0.0038562924005824,39.0,0.0,0.0,0.0147559591373439,0.0,0.0,10,50,ranked_lazyfca,
waveform,svm,imported_baseline,,0.8663862610659147,0.0103938244712655,0.0074347775497837,,,,0.8663862610659147,0.0103938244712655,0.0074347775497837,,,,,,,,,,10,10,imported_baseline,0.9277
waveform,xgboost,imported_baseline,,0.8535573965835402,0.0092803614598451,0.0066383094332874,,,,0.8535573965835402,0.0092803614598451,0.0066383094332874,,,,,,,,,,10,10,imported_baseline,5.9896
vehicle,decision_tree,imported_baseline,,0.7096738043782149,0.021582122739545,0.0154378479321298,,,,0.7096738043782149,0.021582122739545,0.0154378479321298,,,,,,,,,,10,10,imported_baseline,0.1861999999999999
vehicle,fcalc_deterministic,imported_baseline,,0.5197980573372212,0.0280452444033252,0.0200609654362052,,,,0.5197980573372212,0.0280452444033252,0.0200609654362052,,,,,,,,,,10,10,imported_baseline,207.4281
vehicle,fcalc_randomized,imported_baseline,,0.4848303357687258,0.0656669655472993,0.0469720537000795,,,,0.4848303357687258,0.0656669655472993,0.0469720537000795,,,,,,,,,,10,10,imported_baseline,156.7563
vehicle,global_topk,balanced_precision_proxy,24.0,0.3889934643814797,0.0367418014577087,0.0262816753709451,0.4029411764705881,0.0342155458168924,0.0244746265050266,0.3889934643814797,0.0367418014577087,0.0262816753709451,0.3899574361921211,0.0366009429683885,0.0261809182784052,24.0,0.0,0.0,0.0355029585798816,0.0,0.0,10,10,ranked_lazyfca,
vehicle,global_topk,chi_squared,20.0,0.4053079127185827,0.0440640661841841,0.0315193440993784,0.4211764705882353,0.0385432545107627,0.0275702677223805,0.4053079127185827,0.0440640661841841,0.0315193440993784,0.4057950394499239,0.0440987145159413,0.0315441283007855,20.0,0.0,0.0,0.0295857988165679,3.657118196434065e-18,2.615963001773025e-18,10,10,ranked_lazyfca,
vehicle,global_topk,delta_stability,5.0,0.7046314203457283,0.0287285880388977,0.0205497660634033,0.7158823529411764,0.0243405923665611,0.0174110011358805,0.7046314203457283,0.0287285880388977,0.0205497660634033,0.7030493668634813,0.0284102359565767,0.0203220465246415,5.0,0.0,0.0,0.0073964497041419,9.142795491085161e-19,6.539907504432565e-19,10,10,ranked_lazyfca,
vehicle,global_topk,description_volume,7.0,0.7062282158175712,0.0371089872882813,0.0265443260417628,0.7194117647058823,0.0338540640802278,0.0242160560136891,0.7062282158175712,0.0371089872882813,0.0265443260417628,0.7049864461880387,0.0370645147645543,0.0265125145250394,7.0,0.0,0.0,0.0103550295857988,0.0,0.0,10,10,ranked_lazyfca,
vehicle,global_topk,error_rate,5.0,0.7046314203457283,0.0287285880388977,0.0205497660634033,0.7158823529411764,0.0243405923665611,0.0174110011358805,0.7046314203457283,0.0287285880388977,0.0205497660634033,0.7030493668634813,0.0284102359565767,0.0203220465246415,5.0,0.0,0.0,0.0073964497041419,9.142795491085161e-19,6.539907504432565e-19,10,10,ranked_lazyfca,
vehicle,global_topk,fn,2.0,0.1212174653688829,0.0105147169392567,0.0075212528033772,0.2429411764705882,0.0055804899885324,0.0039917647058823,0.1212174653688829,0.0105147169392567,0.0075212528033772,0.1163544009546468,0.0108656408511514,0.0077722712065694,2.0,0.0,0.0,0.0029585798816568,0.0,0.0,10,10,ranked_lazyfca,
vehicle,global_topk,fp,5.0,0.7046314203457283,0.0287285880388977,0.0205497660634033,0.7158823529411764,0.0243405923665611,0.0174110011358805,0.7046314203457283,0.0287285880388977,0.0205497660634033,0.7030493668634813,0.0284102359565767,0.0203220465246415,5.0,0.0,0.0,0.0073964497041419,9.142795491085161e-19,6.539907504432565e-19,10,10,ranked_lazyfca,
vehicle,global_topk,g_test,20.0,0.4074094238552968,0.0393969687076242,0.0281809356398833,0.4235294117647059,0.0348556643816297,0.0249325079275449,0.4074094238552968,0.0393969687076242,0.0281809356398833,0.4077626751216835,0.0394143523377205,0.0281933702757703,20.0,0.0,0.0,0.0295857988165679,3.657118196434065e-18,2.615963001773025e-18,10,10,ranked_lazyfca,
vehicle,global_topk,gini_gain,20.0,0.4101912397594466,0.043668010344662,0.0312360425031007,0.4252941176470588,0.0383281928251794,0.0274164325487912,0.4101912397594466,0.043668010344662,0.0312360425031007,0.410639381186682,0.04356027821922,0.0311589809373757,20.0,0.0,0.0,0.0295857988165679,3.657118196434065e-18,2.615963001773025e-18,10,10,ranked_lazyfca,
vehicle,global_topk,information_gain,20.0,0.4074094238552968,0.0393969687076242,0.0281809356398833,0.4235294117647059,0.0348556643816297,0.0249325079275449,0.4074094238552968,0.0393969687076242,0.0281809356398833,0.4077626751216835,0.0394143523377205,0.0281933702757703,20.0,0.0,0.0,0.0295857988165679,3.657118196434065e-18,2.615963001773025e-18,10,10,ranked_lazyfca,
vehicle,global_topk,interval_tightness,5.0,0.7065891611660797,0.0270321753953315,0.0193363098738723,0.7152941176470587,0.0233983276708647,0.0167369924084015,0.7065891611660797,0.0270321753953315,0.0193363098738723,0.7050939769883249,0.0267974602637522,0.0191684164487251,5.0,0.0,0.0,0.0073964497041419,9.142795491085161e-19,6.539907504432565e-19,10,10,ranked_lazyfca,
vehicle,global_topk,lift,567.0,0.2475504340032359,0.0381113438406487,0.0272613189073843,0.2629411764705882,0.0292216075062927,0.0209024264414892,0.2475504340032359,0.0381113438406487,0.0272613189073843,0.2475335122404378,0.0381907265440974,0.0273181019272509,567.0,0.0,0.0,0.8387573964497042,0.0,0.0,10,10,ranked_lazyfca,
vehicle,global_topk,log_odds_ratio,58.0,0.6527236103402406,0.0269279849895735,0.0192617817257615,0.6729411764705884,0.0232334325389782,0.0166190417322084,0.6527236103402406,0.0269279849895735,0.0192617817257615,0.6519411040075782,0.026851771235269,0.0192072654780555,58.0,0.0,0.0,0.0857988165680473,0.0,0.0,10,10,ranked_lazyfca,
vehicle,global_topk,log_odds_ratio_log_tp,98.0,0.6409291246633133,0.0245184503080216,0.0175382242031813,0.6588235294117648,0.0223563808842968,0.0159916803629402,0.6409291246633133,0.0245184503080216,0.0175382242031813,0.6395666195199009,0.0247785955083733,0.0177243079397892,98.0,0.0,0.0,0.1449704142011834,0.0,0.0,10,10,ranked_lazyfca,
vehicle,global_topk,matthews_correlation,20.0,0.4029267621435355,0.0425753402600245,0.0304544477169812,0.4188235294117647,0.0375939167410411,0.0268911995740776,0.4029267621435355,0.0425753402600245,0.0304544477169812,0.4033839051590805,0.042559646354938,0.0304432217535711,20.0,0.0,0.0,0.0295857988165679,3.657118196434065e-18,2.615963001773025e-18,10,10,ranked_lazyfca,
vehicle,global_topk,precision,5.0,0.7046314203457283,0.0287285880388977,0.0205497660634033,0.7158823529411764,0.0243405923665611,0.0174110011358805,0.7046314203457283,0.0287285880388977,0.0205497660634033,0.7030493668634813,0.0284102359565767,0.0203220465246415,5.0,0.0,0.0,0.0073964497041419,9.142795491085161e-19,6.539907504432565e-19,10,10,ranked_lazyfca,
vehicle,global_topk,precision_log_tp,98.0,0.6165440273612031,0.0286990015353625,0.0205286026242026,0.6376470588235295,0.0258942337556379,0.0185223320181612,0.6165440273612031,0.0286990015353625,0.0205286026242026,0.6162856445135315,0.0287840857757411,0.0205894639945246,98.0,0.0,0.0,0.1449704142011834,0.0,0.0,10,10,ranked_lazyfca,
vehicle,global_topk,precision_sqrt_tp,98.0,0.6253424553929932,0.0248010009132623,0.017740334687376,0.6458823529411765,0.0189700182312907,0.0135693907526433,0.6253424553929932,0.0248010009132623,0.017740334687376,0.6243071127199463,0.0248030693248469,0.0177418142370889,98.0,0.0,0.0,0.1449704142011834,0.0,0.0,10,10,ranked_lazyfca,
vehicle,global_topk,query_binary_similarity,5.0,0.7046314203457283,0.0287285880388977,0.0205497660634033,0.7158823529411764,0.0243405923665611,0.0174110011358805,0.7046314203457283,0.0287285880388977,0.0205497660634033,0.7030493668634813,0.0284102359565767,0.0203220465246415,5.0,0.0,0.0,0.0073964497041419,9.142795491085161e-19,6.539907504432565e-19,10,10,ranked_lazyfca,
vehicle,global_topk,query_numeric_similarity,5.0,0.7065891611660797,0.0270321753953315,0.0193363098738723,0.7152941176470587,0.0233983276708647,0.0167369924084015,0.7065891611660797,0.0270321753953315,0.0193363098738723,0.7050939769883249,0.0267974602637522,0.0191684164487251,5.0,0.0,0.0,0.0073964497041419,9.142795491085161e-19,6.539907504432565e-19,10,10,ranked_lazyfca,
vehicle,global_topk,query_similarity,5.0,0.7065891611660797,0.0270321753953315,0.0193363098738723,0.7152941176470587,0.0233983276708647,0.0167369924084015,0.7065891611660797,0.0270321753953315,0.0193363098738723,0.7050939769883249,0.0267974602637522,0.0191684164487251,5.0,0.0,0.0,0.0073964497041419,9.142795491085161e-19,6.539907504432565e-19,10,10,ranked_lazyfca,
vehicle,global_topk,query_weighted_log_odds_ratio,58.0,0.6632412304125708,0.0312580618865065,0.0223591169358332,0.681764705882353,0.0272330283223006,0.0194799814200262,0.6632412304125708,0.0312580618865065,0.0223591169358332,0.6622673344825232,0.0311769630558065,0.0223011063577761,58.0,0.0,0.0,0.0857988165680473,0.0,0.0,10,10,ranked_lazyfca,
vehicle,global_topk,query_weighted_log_odds_ratio_log_tp,98.0,0.6481041568202012,0.0196472299415098,0.0140538051694451,0.6641176470588237,0.0169695659007206,0.0121384527838666,0.6481041568202012,0.0196472299415098,0.0140538051694451,0.6464968817124036,0.0197326817777587,0.0141149294837422,98.0,0.0,0.0,0.1449704142011834,0.0,0.0,10,10,ranked_lazyfca,
vehicle,global_topk,query_weighted_precision,5.0,0.7065891611660797,0.0270321753953315,0.0193363098738723,0.7152941176470587,0.0233983276708647,0.0167369924084015,0.7065891611660797,0.0270321753953315,0.0193363098738723,0.7050939769883249,0.0267974602637522,0.0191684164487251,5.0,0.0,0.0,0.0073964497041419,9.142795491085161e-19,6.539907504432565e-19,10,10,ranked_lazyfca,
vehicle,global_topk,query_weighted_precision_log_tp,83.0,0.645907908300406,0.0298275362563609,0.0213358516431779,0.6652941176470588,0.0265177502883202,0.0189683378875043,0.645907908300406,0.0298275362563609,0.0213358516431779,0.6449006757127381,0.0299279930809048,0.0214077091337394,83.0,0.0,0.0,0.1227810650887573,1.4628472785736258e-17,1.04638520070921e-17,10,10,ranked_lazyfca,
vehicle,global_topk,query_weighted_precision_sqrt_tp,58.0,0.6684196120077729,0.0349842420887639,0.0250244804880829,0.6894117647058824,0.0302240766556826,0.0216194998485724,0.6684196120077729,0.0349842420887639,0.0250244804880829,0.6678870845646138,0.0348875322810945,0.0249553032656954,58.0,0.0,0.0,0.0857988165680473,0.0,0.0,10,10,ranked_lazyfca,
vehicle,global_topk,query_weighted_wracc,83.0,0.5926489305743675,0.0396916974700433,0.0283917572476723,0.6041176470588236,0.0386279486381797,0.0276308500420896,0.5926489305743675,0.0396916974700433,0.0283917572476723,0.5929783348049656,0.0401006983356339,0.0286843185143882,83.0,0.0,0.0,0.1227810650887573,1.4628472785736258e-17,1.04638520070921e-17,10,10,ranked_lazyfca,
vehicle,global_topk,robustness,83.0,0.6001252250721546,0.0332742659138138,0.0238013222068043,0.6164705882352941,0.0335975686127119,0.0240325829572814,0.6001252250721546,0.0332742659138138,0.0238013222068043,0.6004747123805921,0.0334376014839059,0.0239181573172065,83.0,0.0,0.0,0.1227810650887573,1.4628472785736258e-17,1.04638520070921e-17,10,10,ranked_lazyfca,
vehicle,global_topk,simplicity_prior,5.0,0.7059046910978068,0.0269713530599299,0.0192928032190294,0.7147058823529411,0.0232417050806464,0.0166249591408816,0.7059046910978068,0.0269713530599299,0.0192928032190294,0.7044106644433719,0.0267439428717088,0.0191301350725111,5.0,0.0,0.0,0.0073964497041419,9.142795491085161e-19,6.539907504432565e-19,10,10,ranked_lazyfca,
vehicle,global_topk,stability,83.0,0.6001252250721546,0.0332742659138138,0.0238013222068043,0.6164705882352941,0.0335975686127119,0.0240325829572814,0.6001252250721546,0.0332742659138138,0.0238013222068043,0.6004747123805921,0.0334376014839059,0.0239181573172065,83.0,0.0,0.0,0.1227810650887573,1.4628472785736258e-17,1.04638520070921e-17,10,10,ranked_lazyfca,
vehicle,global_topk,support,24.0,0.3382212557081272,0.0351356667831432,0.0251327956632493,0.3429411764705882,0.0292216075062927,0.0209024264414892,0.3382212557081272,0.0351356667831432,0.0251327956632493,0.3387277228177787,0.0352860920281565,0.0252403959250814,24.0,0.0,0.0,0.0355029585798816,0.0,0.0,10,10,ranked_lazyfca,
vehicle,global_topk,supporter_opposer_ratio,5.0,0.7046314203457283,0.0287285880388977,0.0205497660634033,0.7158823529411764,0.0243405923665611,0.0174110011358805,0.7046314203457283,0.0287285880388977,0.0205497660634033,0.7030493668634813,0.0284102359565767,0.0203220465246415,5.0,0.0,0.0,0.0073964497041419,9.142795491085161e-19,6.539907504432565e-19,10,10,ranked_lazyfca,
vehicle,global_topk,tn,567.0,0.1467238805208624,0.0177129956343026,0.0126702334299952,0.2241176470588235,0.0254826534843682,0.0182279256839741,0.1467238805208624,0.0177129956343026,0.0126702334299952,0.1438435811590529,0.0175918010577129,0.012583542075944,567.0,0.0,0.0,0.8387573964497042,0.0,0.0,10,10,ranked_lazyfca,
vehicle,global_topk,tp,117.0,0.5845767086215305,0.0241594049086935,0.0172813964414987,0.5964705882352941,0.0225618037076745,0.0161386207889292,0.5845767086215305,0.0241594049086935,0.0172813964414987,0.5846974254969487,0.0239987652069775,0.0171664897051743,117.0,0.0,0.0,0.1730769230769229,2.925694557147251e-17,2.09277040141842e-17,10,10,ranked_lazyfca,
vehicle,global_topk,wracc,24.0,0.3896977648612784,0.0373217132333774,0.0266964904433485,0.4041176470588234,0.0346399062714884,0.0247781745964504,0.3896977648612784,0.0373217132333774,0.0266964904433485,0.390717952426034,0.03713496162194,0.0265629056698189,24.0,0.0,0.0,0.0355029585798816,0.0,0.0,10,10,ranked_lazyfca,
vehicle,global_topk,youdens_j,24.0,0.3889934643814797,0.0367418014577087,0.0262816753709451,0.4029411764705881,0.0342155458168924,0.0244746265050266,0.3889934643814797,0.0367418014577087,0.0262816753709451,0.3899574361921211,0.0366009429683885,0.0261809182784052,24.0,0.0,0.0,0.0355029585798816,0.0,0.0,10,10,ranked_lazyfca,
vehicle,ips_knn,imported_baseline,,0.7257597532704539,0.031345000326816,0.0224213046287284,,,,0.7257597532704539,0.031345000326816,0.0224213046287284,,,,,,,,,,10,10,imported_baseline,48.581
vehicle,knn,imported_baseline,,0.7282452174128269,0.0322436073309908,0.0230640846948327,,,,0.7282452174128269,0.0322436073309908,0.0230640846948327,,,,,,,,,,10,10,imported_baseline,1.1651
vehicle,logistic_regression,imported_baseline,,0.8062819626285869,0.0364684596347493,0.0260861519950814,,,,0.8062819626285869,0.0364684596347493,0.0260861519950814,,,,,,,,,,10,10,imported_baseline,11.7535
vehicle,naive_bayes,imported_baseline,,0.438923411278444,0.0550141782618217,0.0393520381830148,,,,0.438923411278444,0.0550141782618217,0.0393520381830148,,,,,,,,,,10,10,imported_baseline,0.2147
vehicle,random_forest,imported_baseline,,0.7588274819151719,0.0235388629167866,0.0168375182826091,,,,0.7588274819151719,0.0235388629167866,0.0168375182826091,,,,,,,,,,10,10,imported_baseline,12.2056
vehicle,random_topk,random,1.0,0.2514421928878088,0.0186339038281161,0.0133289656977668,0.2531764705882353,0.0189440585636635,0.0135508216153053,0.2514421928878088,0.0186339038281161,0.0133289656977668,0.2518761849679199,0.019158292494224,0.0137040646897614,1.0,0.0,0.0,0.0014792899408284,0.0,0.0,10,50,ranked_lazyfca,
vehicle,svm,imported_baseline,,0.8353610412680925,0.0205303810493096,0.0146855295214859,,,,0.8353610412680925,0.0205303810493096,0.0146855295214859,,,,,,,,,,10,10,imported_baseline,0.1999
vehicle,xgboost,imported_baseline,,0.7824626608423606,0.0168851145269829,0.0120780441076137,,,,0.7824626608423606,0.0168851145269829,0.0120780441076137,,,,,,,,,,10,10,imported_baseline,2.2088
page_blocks,decision_tree,imported_baseline,,0.8157009325466926,0.0370642425894512,0.0265123198362266,,,,0.8157009325466926,0.0370642425894512,0.0265123198362266,,,,,,,,,,10,10,imported_baseline,0.1934
page_blocks,fcalc_deterministic,imported_baseline,,0.6114970730182407,0.0738696657842378,0.0528395042942082,,,,0.6114970730182407,0.0738696657842378,0.0528395042942082,,,,,,,,,,10,10,imported_baseline,29213.4843
page_blocks,fcalc_randomized,imported_baseline,,0.6276032596622452,0.0637530674141932,0.0456030285725215,,,,0.6276032596622452,0.0637530674141932,0.0456030285725215,,,,,,,,,,10,10,imported_baseline,2515.0444
page_blocks,global_topk,balanced_precision_proxy,337.0,0.3736293242349892,0.0216674034028483,0.0154988498051854,0.9403652968036528,0.0047560730428966,0.0034020533233186,0.3736293242349892,0.0216674034028483,0.0154988498051854,0.9213111002165644,0.005458305129205,0.0039043649954521,337.0,0.0,0.0,0.0769757880310644,0.0,0.0,10,10,ranked_lazyfca,
page_blocks,global_topk,chi_squared,156.0,0.3653094944012325,0.0177686241821199,0.0127100249311489,0.78,0.0121723737095604,0.0087069866374604,0.3653094944012325,0.0177686241821199,0.0127100249311489,0.8231215440149274,0.0086463428314275,0.0061847913391791,156.0,0.0,0.0,0.035632708999543,7.314236392868129e-18,5.23192600354605e-18,10,10,ranked_lazyfca,
page_blocks,global_topk,delta_stability,93.0,0.4553058437010778,0.0216691474975954,0.0155000973687272,0.9352511415525114,0.004954565854094,0.0035440366616522,0.4553058437010778,0.0216691474975954,0.0155000973687272,0.9176931454917996,0.0070564521738481,0.0050475310938997,93.0,0.0,0.0,0.0212425765189583,3.657118196434065e-18,2.615963001773025e-18,10,10,ranked_lazyfca,
page_blocks,global_topk,description_volume,1.0,0.7339353392132862,0.0441396760618013,0.031573428389738,0.9572602739726026,0.0045315784635442,0.003241470732836,0.7339353392132862,0.0441396760618013,0.031573428389738,0.9554587580824718,0.004199353097126,0.0030038275339785,1.0,0.0,0.0,0.0002284148012791,0.0,0.0,10,10,ranked_lazyfca,
page_blocks,global_topk,error_rate,1.0,0.8133369270722568,0.035314150564246,0.0252604663981565,0.9629223744292238,0.0034224582825095,0.0024481090742121,0.8133369270722568,0.035314150564246,0.0252604663981565,0.9621918688660064,0.0033318452313478,0.0023832929056924,1.0,0.0,0.0,0.0002284148012791,0.0,0.0,10,10,ranked_lazyfca,
page_blocks,global_topk,fn,727.0,0.1892204042348411,0.0,0.0,0.897716894977169,0.0,0.0,0.1892204042348411,0.0,0.0,0.849331768780132,0.0,0.0,727.0,0.0,0.0,0.1660575605299223,2.925694557147251e-17,2.09277040141842e-17,10,10,ranked_lazyfca,
page_blocks,global_topk,fp,1.0,0.8155374342332895,0.0359625589779707,0.0257242776093982,0.9636529680365298,0.0037233205117614,0.0026633179950289,0.8155374342332895,0.0359625589779707,0.0257242776093982,0.962821491104695,0.0036274985266695,0.0025947758385294,1.0,0.0,0.0,0.0002284148012791,0.0,0.0,10,10,ranked_lazyfca,
page_blocks,global_topk,g_test,56.0,0.3772491218916685,0.019740099078259,0.0141202351322446,0.9287671232876712,0.0044113780049282,0.0031554904785357,0.3772491218916685,0.019740099078259,0.0141202351322446,0.9132613858347312,0.0042959880886905,0.0030729512398669,56.0,0.0,0.0,0.0127912288716308,0.0,0.0,10,10,ranked_lazyfca,
page_blocks,global_topk,gini_gain,261.0,0.370780862114247,0.0183150279606255,0.0131008714916984,0.9136073059360732,0.0070896446285587,0.0050712738959633,0.370780862114247,0.0183150279606255,0.0131008714916984,0.9012764341502424,0.0064167310566416,0.0045899339684645,261.0,0.0,0.0,0.059616263133851,7.314236392868129e-18,5.23192600354605e-18,10,10,ranked_lazyfca,
page_blocks,global_topk,information_gain,56.0,0.3772491218916685,0.019740099078259,0.0141202351322446,0.9287671232876712,0.0044113780049282,0.0031554904785357,0.3772491218916685,0.019740099078259,0.0141202351322446,0.9132613858347312,0.0042959880886905,0.0030729512398669,56.0,0.0,0.0,0.0127912288716308,0.0,0.0,10,10,ranked_lazyfca,
page_blocks,global_topk,interval_tightness,1.0,0.8177467611871456,0.0342335983831162,0.0244875396357465,0.9638356164383562,0.0037825813252989,0.0027057076820289,0.8177467611871456,0.0342335983831162,0.0244875396357465,0.9630108263674264,0.00366867702937,0.0026242311182735,1.0,0.0,0.0,0.0002284148012791,0.0,0.0,10,10,ranked_lazyfca,
page_blocks,global_topk,lift,727.0,0.1892204042348411,0.0,0.0,0.897716894977169,0.0,0.0,0.1892204042348411,0.0,0.0,0.849331768780132,0.0,0.0,727.0,0.0,0.0,0.1660575605299223,2.925694557147251e-17,2.09277040141842e-17,10,10,ranked_lazyfca,
page_blocks,global_topk,log_odds_ratio,72.0,0.2070143348967699,0.013728502559823,0.0098200968186538,0.9005479452054793,0.0022555413762974,0.0016134050015434,0.2070143348967699,0.013728502559823,0.0098200968186538,0.8558790793693861,0.0050817092051314,0.0036349832169371,72.0,0.0,0.0,0.0164458656920968,0.0,0.0,10,10,ranked_lazyfca,
page_blocks,global_topk,log_odds_ratio_log_tp,56.0,0.2031942719438992,0.0110739500909583,0.0079212763070318,0.8999086757990868,0.0017854341916122,0.0012771339444025,0.2031942719438992,0.0110739500909583,0.0079212763070318,0.8544598427874123,0.0040846085599334,0.0029217499395918,56.0,0.0,0.0,0.0127912288716308,0.0,0.0,10,10,ranked_lazyfca,
page_blocks,global_topk,matthews_correlation,156.0,0.3734510959399358,0.0173427049061876,0.0124053618035892,0.7852968036529681,0.0121799842978427,0.0087124305461062,0.3734510959399358,0.0173427049061876,0.0124053618035892,0.8277359643232396,0.0086571368501214,0.0061925123785404,156.0,0.0,0.0,0.035632708999543,7.314236392868129e-18,5.23192600354605e-18,10,10,ranked_lazyfca,
page_blocks,global_topk,precision,1.0,0.7883220117173673,0.0332324837635506,0.0237714351336083,0.9605479452054796,0.0039877072496347,0.0028524357339935,0.7883220117173673,0.0332324837635506,0.0237714351336083,0.9590990196086516,0.0040159576684425,0.0028726434621599,1.0,0.0,0.0,0.0002284148012791,0.0,0.0,10,10,ranked_lazyfca,
page_blocks,global_topk,precision_log_tp,26.0,0.2054875936898929,0.0107600570059871,0.0076967463212091,0.9002739726027397,0.0017645512019712,0.0012621961914143,0.2054875936898929,0.0107600570059871,0.0076967463212091,0.8553038622420022,0.0039815710453334,0.0028480464628348,26.0,0.0,0.0,0.005938784833257,9.142795491085161e-19,6.539907504432565e-19,10,10,ranked_lazyfca,
page_blocks,global_topk,precision_sqrt_tp,9.0,0.2073445570313934,0.006755276004254,0.0048320976092937,0.9005479452054793,0.0010933506846921,0.0007820816242435,0.2073445570313934,0.006755276004254,0.0048320976092937,0.8559778237389628,0.0024935690955316,0.0017836679445132,9.0,0.0,0.0,0.0020557332115121,0.0,0.0,10,10,ranked_lazyfca,
page_blocks,global_topk,query_binary_similarity,1.0,0.8177467611871456,0.0342335983831162,0.0244875396357465,0.9638356164383562,0.0037825813252989,0.0027057076820289,0.8177467611871456,0.0342335983831162,0.0244875396357465,0.9630108263674264,0.00366867702937,0.0026242311182735,1.0,0.0,0.0,0.0002284148012791,0.0,0.0,10,10,ranked_lazyfca,
page_blocks,global_topk,query_numeric_similarity,1.0,0.8177467611871456,0.0342335983831162,0.0244875396357465,0.9638356164383562,0.0037825813252989,0.0027057076820289,0.8177467611871456,0.0342335983831162,0.0244875396357465,0.9630108263674264,0.00366867702937,0.0026242311182735,1.0,0.0,0.0,0.0002284148012791,0.0,0.0,10,10,ranked_lazyfca,
page_blocks,global_topk,query_similarity,1.0,0.8177467611871456,0.0342335983831162,0.0244875396357465,0.9638356164383562,0.0037825813252989,0.0027057076820289,0.8177467611871456,0.0342335983831162,0.0244875396357465,0.9630108263674264,0.00366867702937,0.0026242311182735,1.0,0.0,0.0,0.0002284148012791,0.0,0.0,10,10,ranked_lazyfca,
page_blocks,global_topk,query_weighted_log_odds_ratio,72.0,0.2069688126999859,0.0144016458704083,0.0103016010798776,0.9005479452054794,0.0023755997583107,0.0016992836274259,0.2069688126999859,0.0144016458704083,0.0103016010798776,0.8558654711342422,0.0053350835712558,0.0038162237270265,72.0,0.0,0.0,0.0164458656920968,0.0,0.0,10,10,ranked_lazyfca,
page_blocks,global_topk,query_weighted_log_odds_ratio_log_tp,56.0,0.2043084328686052,0.0116161454830291,0.0083091125784359,0.9000913242009133,0.0018863845826276,0.0013493444866181,0.2043084328686052,0.0116161454830291,0.0083091125784359,0.854872131696198,0.0042904247871363,0.003068971770172,56.0,0.0,0.0,0.0127912288716308,0.0,0.0,10,10,ranked_lazyfca,
page_blocks,global_topk,query_weighted_precision,1.0,0.8154827732944566,0.0358301843631963,0.025629589093462,0.9635616438356164,0.003813081587853,0.002727524739641,0.8154827732944566,0.0358301843631963,0.025629589093462,0.9627582214173828,0.0036710764506634,0.0026259474416166,1.0,0.0,0.0,0.0002284148012791,0.0,0.0,10,10,ranked_lazyfca,
page_blocks,global_topk,query_weighted_precision_log_tp,33.0,0.208732799473984,0.0130765839017001,0.0093537747042967,0.9008219178082192,0.0021611250349222,0.0015458683121246,0.208732799473984,0.0130765839017001,0.0093537747042967,0.8565116337015976,0.0048460980611967,0.0034664488676947,33.0,0.0,0.0,0.007537688442211,0.0,0.0,10,10,ranked_lazyfca,
page_blocks,global_topk,query_weighted_precision_sqrt_tp,33.0,0.2070919178475755,0.0124580992208737,0.0089113681548494,0.9005479452054796,0.0020398009823745,0.0014590843429876,0.2070919178475755,0.0124580992208737,0.0089113681548494,0.8559022759815187,0.0046087514528434,0.0032966731282467,33.0,0.0,0.0,0.007537688442211,0.0,0.0,10,10,ranked_lazyfca,
page_blocks,global_topk,query_weighted_wracc,72.0,0.3583195850166356,0.0071632803562535,0.0051239460626562,0.9379908675799088,0.0035356608604529,0.0025290836940354,0.3583195850166356,0.0071632803562535,0.0051239460626562,0.9173212301126602,0.0037669328360818,0.0026945142049175,72.0,0.0,0.0,0.0164458656920968,0.0,0.0,10,10,ranked_lazyfca,
page_blocks,global_topk,robustness,93.0,0.2236344491139738,0.021218500223582,0.0151777461259322,0.8917808219178083,0.0030212227155676,0.0021611023815821,0.2236344491139738,0.021218500223582,0.0151777461259322,0.8509448045615423,0.0028015806615954,0.0020039908374748,93.0,0.0,0.0,0.0212425765189583,3.657118196434065e-18,2.615963001773025e-18,10,10,ranked_lazyfca,
page_blocks,global_topk,simplicity_prior,1.0,0.8177467611871456,0.0342335983831162,0.0244875396357465,0.9638356164383562,0.0037825813252989,0.0027057076820289,0.8177467611871456,0.0342335983831162,0.0244875396357465,0.9630108263674264,0.00366867702937,0.0026242311182735,1.0,0.0,0.0,0.0002284148012791,0.0,0.0,10,10,ranked_lazyfca,
page_blocks,global_topk,stability,93.0,0.2236344491139738,0.021218500223582,0.0151777461259322,0.8917808219178083,0.0030212227155676,0.0021611023815821,0.2236344491139738,0.021218500223582,0.0151777461259322,0.8509448045615423,0.0028015806615954,0.0020039908374748,93.0,0.0,0.0,0.0212425765189583,3.657118196434065e-18,2.615963001773025e-18,10,10,ranked_lazyfca,
page_blocks,global_topk,support,121.0,0.3508665292775562,0.0115492719054805,0.0082612774264755,0.9324200913242008,0.0039923522217972,0.0028557583160564,0.3508665292775562,0.0115492719054805,0.0082612774264755,0.9149371480562676,0.0038542976491362,0.0027570068853099,121.0,0.0,0.0,0.0276381909547738,0.0,0.0,10,10,ranked_lazyfca,
page_blocks,global_topk,supporter_opposer_ratio,1.0,0.7883220117173673,0.0332324837635506,0.0237714351336083,0.9605479452054796,0.0039877072496347,0.0028524357339935,0.7883220117173673,0.0332324837635506,0.0237714351336083,0.9590990196086516,0.0040159576684425,0.0028726434621599,1.0,0.0,0.0,0.0002284148012791,0.0,0.0,10,10,ranked_lazyfca,
page_blocks,global_topk,tn,727.0,0.1892204042348411,0.0,0.0,0.897716894977169,0.0,0.0,0.1892204042348411,0.0,0.0,0.849331768780132,0.0,0.0,727.0,0.0,0.0,0.1660575605299223,2.925694557147251e-17,2.09277040141842e-17,10,10,ranked_lazyfca,
page_blocks,global_topk,tp,9.0,0.2112842011828792,0.0050975829183154,0.0036463377983752,0.901187214611872,0.0008392114917558,0.0006002940280236,0.2112842011828792,0.0050975829183154,0.0036463377983752,0.8574328028898115,0.0018878101915405,0.0013503642349474,9.0,0.0,0.0,0.0020557332115121,0.0,0.0,10,10,ranked_lazyfca,
page_blocks,global_topk,wracc,72.0,0.3570779768345348,0.0078705273937596,0.0056298449655228,0.9376255707762556,0.0035773502698137,0.0025589044289956,0.3570779768345348,0.0078705273937596,0.0056298449655228,0.91691003819849,0.0039390328152135,0.0028176185602685,72.0,0.0,0.0,0.0164458656920968,0.0,0.0,10,10,ranked_lazyfca,
page_blocks,global_topk,youdens_j,337.0,0.3736293242349892,0.0216674034028483,0.0154988498051854,0.9403652968036528,0.0047560730428966,0.0034020533233186,0.3736293242349892,0.0216674034028483,0.0154988498051854,0.9213111002165644,0.005458305129205,0.0039043649954521,337.0,0.0,0.0,0.0769757880310644,0.0,0.0,10,10,ranked_lazyfca,
page_blocks,ips_knn,imported_baseline,,0.8336370816134048,0.0255927999070858,0.0183067142139396,,,,0.8336370816134048,0.0255927999070858,0.0183067142139396,,,,,,,,,,10,10,imported_baseline,130.3799
page_blocks,knn,imported_baseline,,0.8399031059257261,0.0333282430598075,0.0238399324483323,,,,0.8399031059257261,0.0333282430598075,0.0238399324483323,,,,,,,,,,10,10,imported_baseline,2.6488
page_blocks,logistic_regression,imported_baseline,,0.8104879858406898,0.038558504671671,0.027581176272382,,,,0.8104879858406898,0.038558504671671,0.027581176272382,,,,,,,,,,10,10,imported_baseline,9.3626
page_blocks,naive_bayes,imported_baseline,,0.5609169149809979,0.0584969337538873,0.0418432782857681,,,,0.5609169149809979,0.0584969337538873,0.0418432782857681,,,,,,,,,,10,10,imported_baseline,0.0281
page_blocks,random_forest,imported_baseline,,0.8686017696251668,0.0194081513556058,0.0138827905339731,,,,0.8686017696251668,0.0194081513556058,0.0138827905339731,,,,,,,,,,10,10,imported_baseline,34.701100000000004
page_blocks,random_topk,random,1.0,0.1980623867229893,0.0026312040030887,0.0018821191857864,0.8091506849315069,0.0047764487516198,0.0034166282146106,0.1980623867229893,0.0026312040030887,0.0018821191857864,0.8095443192691141,0.0030008981825027,0.0021465640966074,1.0,0.0,0.0,0.0002284148012791,0.0,0.0,10,50,ranked_lazyfca,
page_blocks,svm,imported_baseline,,0.772978731071227,0.0416861563967013,0.029818408091438,,,,0.772978731071227,0.0416861563967013,0.029818408091438,,,,,,,,,,10,10,imported_baseline,0.3351
page_blocks,xgboost,imported_baseline,,0.8704322042712962,0.0243014421921169,0.0173829967339559,,,,0.8704322042712962,0.0243014421921169,0.0173829967339559,,,,,,,,,,10,10,imported_baseline,4.035
glass,decision_tree,imported_baseline,,0.6204049775638987,0.0846739339199291,0.0605678751551125,,,,0.6204049775638987,0.0846739339199291,0.0605678751551125,,,,,,,,,,10,10,imported_baseline,0.0800999999999999
glass,fcalc_deterministic,imported_baseline,,0.4414538306857033,0.0849729614841524,0.0607817717268123,,,,0.4414538306857033,0.0849729614841524,0.0607817717268123,,,,,,,,,,10,10,imported_baseline,2.4326
glass,fcalc_randomized,imported_baseline,,0.4215461497469284,0.0990515725481086,0.0708523036816101,,,,0.4215461497469284,0.0990515725481086,0.0708523036816101,,,,,,,,,,10,10,imported_baseline,11.767
glass,global_topk,balanced_precision_proxy,152.0,0.119341865213318,0.0280053943603201,0.0200324604132551,0.3674418604651163,0.0392220484982124,0.0280558139534883,0.119341865213318,0.0280053943603201,0.0200324604132551,0.2374148652153703,0.0583071470843883,0.0417075225133341,152.0,0.0,0.0,0.888888888888889,1.1702778228589004e-16,8.37108160567368e-17,10,10,ranked_lazyfca,
glass,global_topk,chi_squared,152.0,0.1323687159965193,0.0289348171825827,0.020697283256119,0.3790697674418604,0.0439200479820629,0.0314163268415008,0.1323687159965193,0.0289348171825827,0.020697283256119,0.2644997533621559,0.0604494208971045,0.0432399064103592,152.0,0.0,0.0,0.888888888888889,1.1702778228589004e-16,8.37108160567368e-17,10,10,ranked_lazyfca,
glass,global_topk,delta_stability,8.0,0.4975948947160864,0.0622064276882622,0.044496706030348,0.6465116279069768,0.0741921619473203,0.0530701881238039,0.4975948947160864,0.0622064276882622,0.044496706030348,0.6115257452861342,0.0729128887417929,0.0521551147805135,8.0,0.0,0.0,0.0467836257309941,0.0,0.0,10,10,ranked_lazyfca,
glass,global_topk,description_volume,1.0,0.6599185593472956,0.1139527349002677,0.0815112125007646,0.7069767441860466,0.0784440969964249,0.0561116279069767,0.6599185593472956,0.1139527349002677,0.0815112125007646,0.7030676377255377,0.0807817227621448,0.0577837484638341,1.0,0.0,0.0,0.0058479532163742,0.0,0.0,10,10,ranked_lazyfca,
glass,global_topk,error_rate,1.0,0.6675152783006417,0.1164121389523491,0.0832704419434796,0.7162790697674419,0.0781370739122738,0.0558920120822509,0.6675152783006417,0.1164121389523491,0.0832704419434796,0.7120419192793537,0.0826951680654647,0.0591524496789827,1.0,0.0,0.0,0.0058479532163742,0.0,0.0,10,10,ranked_lazyfca,
glass,global_topk,fn,171.0,0.0862068965517241,0.0,0.0,0.3488372093023256,5.851389114294502e-17,4.18554080283684e-17,0.0862068965517241,0.0,0.0,0.1804330392943063,0.0,0.0,171.0,0.0,0.0,1.0,0.0,0.0,10,10,ranked_lazyfca,
glass,global_topk,fp,1.0,0.6675152783006417,0.1164121389523491,0.0832704419434796,0.7162790697674419,0.0781370739122738,0.0558920120822509,0.6675152783006417,0.1164121389523491,0.0832704419434796,0.7120419192793537,0.0826951680654647,0.0591524496789827,1.0,0.0,0.0,0.0058479532163742,0.0,0.0,10,10,ranked_lazyfca,
glass,global_topk,g_test,1.0,0.1899944989668946,0.0595915339853904,0.0426262537198506,0.2046511627906976,0.0407253505009727,0.0291311367099545,0.1899944989668946,0.0595915339853904,0.0426262537198506,0.2309219880210298,0.0431372458077303,0.0308563828047567,1.0,0.0,0.0,0.0058479532163742,0.0,0.0,10,10,ranked_lazyfca,
glass,global_topk,gini_gain,3.0,0.2034644147344007,0.0554434441358121,0.0396590951562834,0.2395348837209302,0.0465761825916272,0.0333162790697674,0.2034644147344007,0.0554434441358121,0.0396590951562834,0.2746599852955897,0.048951492877749,0.0350153556356504,3.0,0.0,0.0,0.0175438596491228,0.0,0.0,10,10,ranked_lazyfca,
glass,global_topk,information_gain,1.0,0.1899944989668946,0.0595915339853904,0.0426262537198506,0.2046511627906976,0.0407253505009727,0.0291311367099545,0.1899944989668946,0.0595915339853904,0.0426262537198506,0.2309219880210298,0.0431372458077303,0.0308563828047567,1.0,0.0,0.0,0.0058479532163742,0.0,0.0,10,10,ranked_lazyfca,
glass,global_topk,interval_tightness,1.0,0.6675152783006417,0.1164121389523491,0.0832704419434796,0.7162790697674419,0.0781370739122738,0.0558920120822509,0.6675152783006417,0.1164121389523491,0.0832704419434796,0.7120419192793537,0.0826951680654647,0.0591524496789827,1.0,0.0,0.0,0.0058479532163742,0.0,0.0,10,10,ranked_lazyfca,
glass,global_topk,lift,152.0,0.1529086588012251,0.0249036717167244,0.0178137758530132,0.4023255813953488,0.0478489902698014,0.0342267275747467,0.1529086588012251,0.0249036717167244,0.0178137758530132,0.307606894475842,0.0517653495837994,0.037028127616194,152.0,0.0,0.0,0.888888888888889,1.1702778228589004e-16,8.37108160567368e-17,10,10,ranked_lazyfca,
glass,global_topk,log_odds_ratio,24.0,0.3350005447176482,0.0352495868859888,0.0252142835338061,0.5767441860465117,0.0545947809663845,0.0390520402751054,0.3350005447176482,0.0352495868859888,0.0252142835338061,0.5135490165184343,0.0612251468882347,0.0437947888022624,24.0,0.0,0.0,0.1403508771929824,0.0,0.0,10,10,ranked_lazyfca,
glass,global_topk,log_odds_ratio_log_tp,34.0,0.3323124031335577,0.0305696229188696,0.0218666715808886,0.572093023255814,0.0480370027436578,0.0343612142522514,0.3323124031335577,0.0305696229188696,0.0218666715808886,0.5058238889257558,0.0524426120624371,0.0375125783480115,34.0,0.0,0.0,0.198830409356725,2.925694557147251e-17,2.09277040141842e-17,10,10,ranked_lazyfca,
glass,global_topk,matthews_correlation,152.0,0.1323758682645411,0.0289365693522869,0.0206985365957358,0.3790697674418604,0.0439200479820629,0.0314163268415008,0.1323758682645411,0.0289365693522869,0.0206985365957358,0.2645413012985471,0.0604591454532517,0.0432468624554535,152.0,0.0,0.0,0.888888888888889,1.1702778228589004e-16,8.37108160567368e-17,10,10,ranked_lazyfca,
glass,global_topk,precision,1.0,0.6675152783006417,0.1164121389523491,0.0832704419434796,0.7162790697674419,0.0781370739122738,0.0558920120822509,0.6675152783006417,0.1164121389523491,0.0832704419434796,0.7120419192793537,0.0826951680654647,0.0591524496789827,1.0,0.0,0.0,0.0058479532163742,0.0,0.0,10,10,ranked_lazyfca,
glass,global_topk,precision_log_tp,38.0,0.3226429211847619,0.0368587820182915,0.0263653524089772,0.5465116279069768,0.0632151412027135,0.045218246076761,0.3226429211847619,0.0368587820182915,0.0263653524089772,0.4836858819538381,0.0611961771758194,0.0437740665581949,38.0,0.0,0.0,0.2222222222222222,2.925694557147251e-17,2.09277040141842e-17,10,10,ranked_lazyfca,
glass,global_topk,precision_sqrt_tp,38.0,0.3273419668447166,0.0264390273285296,0.0189120267870309,0.5674418604651164,0.0413113568820906,0.029550311297558,0.3273419668447166,0.0264390273285296,0.0189120267870309,0.5001344937071049,0.0438517538143687,0.0313674755311715,38.0,0.0,0.0,0.2222222222222222,2.925694557147251e-17,2.09277040141842e-17,10,10,ranked_lazyfca,
glass,global_topk,query_binary_similarity,1.0,0.6675152783006417,0.1164121389523491,0.0832704419434796,0.7162790697674419,0.0781370739122738,0.0558920120822509,0.6675152783006417,0.1164121389523491,0.0832704419434796,0.7120419192793537,0.0826951680654647,0.0591524496789827,1.0,0.0,0.0,0.0058479532163742,0.0,0.0,10,10,ranked_lazyfca,
glass,global_topk,query_numeric_similarity,1.0,0.6675152783006417,0.1164121389523491,0.0832704419434796,0.7162790697674419,0.0781370739122738,0.0558920120822509,0.6675152783006417,0.1164121389523491,0.0832704419434796,0.7120419192793537,0.0826951680654647,0.0591524496789827,1.0,0.0,0.0,0.0058479532163742,0.0,0.0,10,10,ranked_lazyfca,
glass,global_topk,query_similarity,1.0,0.6675152783006417,0.1164121389523491,0.0832704419434796,0.7162790697674419,0.0781370739122738,0.0558920120822509,0.6675152783006417,0.1164121389523491,0.0832704419434796,0.7120419192793537,0.0826951680654647,0.0591524496789827,1.0,0.0,0.0,0.0058479532163742,0.0,0.0,10,10,ranked_lazyfca,
glass,global_topk,query_weighted_log_odds_ratio,38.0,0.3367532095132687,0.0373359858292433,0.0267066997340301,0.5813953488372092,0.0629770418964027,0.0450479319270395,0.3367532095132687,0.0373359858292433,0.0267066997340301,0.517833600751407,0.0595838173778201,0.0426207339748441,38.0,0.0,0.0,0.2222222222222222,2.925694557147251e-17,2.09277040141842e-17,10,10,ranked_lazyfca,
glass,global_topk,query_weighted_log_odds_ratio_log_tp,34.0,0.3301289235739051,0.0307485901340664,0.0219946881196873,0.5674418604651164,0.0467693120279018,0.0334544259473663,0.3301289235739051,0.0307485901340664,0.0219946881196873,0.5013725729954043,0.0519078827187611,0.03713008259483,34.0,0.0,0.0,0.198830409356725,2.925694557147251e-17,2.09277040141842e-17,10,10,ranked_lazyfca,
glass,global_topk,query_weighted_precision,1.0,0.6675152783006417,0.1164121389523491,0.0832704419434796,0.7162790697674419,0.0781370739122738,0.0558920120822509,0.6675152783006417,0.1164121389523491,0.0832704419434796,0.7120419192793537,0.0826951680654647,0.0591524496789827,1.0,0.0,0.0,0.0058479532163742,0.0,0.0,10,10,ranked_lazyfca,
glass,global_topk,query_weighted_precision_log_tp,38.0,0.3243263943933504,0.0251895325508214,0.0180182541677646,0.5604651162790699,0.0386820928678283,0.0276695797997601,0.3243263943933504,0.0251895325508214,0.0180182541677646,0.4927653733815099,0.0406740893591615,0.0290944692457918,38.0,0.0,0.0,0.2222222222222222,2.925694557147251e-17,2.09277040141842e-17,10,10,ranked_lazyfca,
glass,global_topk,query_weighted_precision_sqrt_tp,34.0,0.3273309084845183,0.0363632877839714,0.0260109218122749,0.5627906976744187,0.0598457645445543,0.0428081066709917,0.3273309084845183,0.0363632877839714,0.0260109218122749,0.4955378941820297,0.0638648868848094,0.045683013845706,34.0,0.0,0.0,0.198830409356725,2.925694557147251e-17,2.09277040141842e-17,10,10,ranked_lazyfca,
glass,global_topk,query_weighted_wracc,21.0,0.3062178002448151,0.072268550990702,0.0516942153435899,0.3186046511627907,0.0600962711420598,0.0429872958455207,0.3062178002448151,0.072268550990702,0.0516942153435899,0.3063966882941227,0.0615088389677329,0.0439977157912197,21.0,0.0,0.0,0.1228070175438596,1.4628472785736258e-17,1.04638520070921e-17,10,10,ranked_lazyfca,
glass,global_topk,robustness,48.0,0.3207528631657827,0.0279970911993383,0.0200265211023662,0.5465116279069768,0.0582685906138484,0.0416799427920909,0.3207528631657827,0.0279970911993383,0.0200265211023662,0.4855130454962769,0.0508003481173944,0.0363378551127694,48.0,0.0,0.0,0.2807017543859649,0.0,0.0,10,10,ranked_lazyfca,
glass,global_topk,simplicity_prior,1.0,0.6675152783006417,0.1164121389523491,0.0832704419434796,0.7162790697674419,0.0781370739122738,0.0558920120822509,0.6675152783006417,0.1164121389523491,0.0832704419434796,0.7120419192793537,0.0826951680654647,0.0591524496789827,1.0,0.0,0.0,0.0058479532163742,0.0,0.0,10,10,ranked_lazyfca,
glass,global_topk,stability,48.0,0.3207528631657827,0.0279970911993383,0.0200265211023662,0.5465116279069768,0.0582685906138484,0.0416799427920909,0.3207528631657827,0.0279970911993383,0.0200265211023662,0.4855130454962769,0.0508003481173944,0.0363378551127694,48.0,0.0,0.0,0.2807017543859649,0.0,0.0,10,10,ranked_lazyfca,
glass,global_topk,support,86.0,0.1049468189686425,0.0226984869074418,0.0162363912667616,0.3162790697674418,0.0294165363736593,0.0210418604651162,0.1049468189686425,0.0226984869074418,0.0162363912667616,0.1825072167386313,0.0241712044228446,0.0172898367190069,86.0,0.0,0.0,0.5029239766081871,0.0,0.0,10,10,ranked_lazyfca,
glass,global_topk,supporter_opposer_ratio,1.0,0.6675152783006417,0.1164121389523491,0.0832704419434796,0.7162790697674419,0.0781370739122738,0.0558920120822509,0.6675152783006417,0.1164121389523491,0.0832704419434796,0.7120419192793537,0.0826951680654647,0.0591524496789827,1.0,0.0,0.0,0.0058479532163742,0.0,0.0,10,10,ranked_lazyfca,
glass,global_topk,tn,152.0,0.0864766081871344,0.0093346169123281,0.0066771187494529,0.3302325581395349,0.0098055121245531,0.0070139534883721,0.0864766081871344,0.0093346169123281,0.0066771187494529,0.1695124439004487,0.0194593842578226,0.0139194377981505,152.0,0.0,0.0,0.888888888888889,1.1702778228589004e-16,8.37108160567368e-17,10,10,ranked_lazyfca,
glass,global_topk,tp,48.0,0.3310014767655494,0.0293578208372834,0.0209998608187995,0.569767441860465,0.0493330312455731,0.035288272779799,0.3310014767655494,0.0293578208372834,0.0209998608187995,0.5050011755138307,0.0474746713033962,0.0339589745204614,48.0,0.0,0.0,0.2807017543859649,0.0,0.0,10,10,ranked_lazyfca,
glass,global_topk,wracc,1.0,0.1720837043522683,0.0224890142471405,0.0160865539632352,0.2860465116279069,0.0425298193002952,0.0304218862464295,0.1720837043522683,0.0224890142471405,0.0160865539632352,0.2669238132373345,0.0377526221417734,0.0270047226909683,1.0,0.0,0.0,0.0058479532163742,0.0,0.0,10,10,ranked_lazyfca,
glass,global_topk,youdens_j,152.0,0.119341865213318,0.0280053943603201,0.0200324604132551,0.3674418604651163,0.0392220484982124,0.0280558139534883,0.119341865213318,0.0280053943603201,0.0200324604132551,0.2374148652153703,0.0583071470843883,0.0417075225133341,152.0,0.0,0.0,0.888888888888889,1.1702778228589004e-16,8.37108160567368e-17,10,10,ranked_lazyfca,
glass,ips_knn,imported_baseline,,0.6502486615291693,0.0825795508365357,0.0590697478419076,,,,0.6502486615291693,0.0825795508365357,0.0590697478419076,,,,,,,,,,10,10,imported_baseline,4.1543
glass,knn,imported_baseline,,0.6708398007101495,0.1131716787684651,0.0809525174208255,,,,0.6708398007101495,0.1131716787684651,0.0809525174208255,,,,,,,,,,10,10,imported_baseline,0.4049999999999999
glass,logistic_regression,imported_baseline,,0.5874967094437258,0.0602459058538863,0.0430943306332672,,,,0.5874967094437258,0.0602459058538863,0.0430943306332672,,,,,,,,,,10,10,imported_baseline,2.6473000000000004
glass,naive_bayes,imported_baseline,,0.4243765733476021,0.0820544799704977,0.0586941608673866,,,,0.4243765733476021,0.0820544799704977,0.0586941608673866,,,,,,,,,,10,10,imported_baseline,0.0143
glass,random_forest,imported_baseline,,0.7743256537043616,0.0761764013993996,0.0544895289037545,,,,0.7743256537043616,0.0761764013993996,0.0544895289037545,,,,,,,,,,10,10,imported_baseline,3.8199
glass,random_topk,random,1.0,0.159855792520465,0.0137486291559252,0.0098344935178927,0.2581395348837209,0.0212860933608464,0.0152260959841429,0.159855792520465,0.0137486291559252,0.0098344935178927,0.2514363151861892,0.0223511652499929,0.015987949582135,1.0,0.0,0.0,0.0058479532163742,0.0,0.0,10,50,ranked_lazyfca,
glass,svm,imported_baseline,,0.6114160256649732,0.105537285590082,0.075491580961317,,,,0.6114160256649732,0.105537285590082,0.075491580961317,,,,,,,,,,10,10,imported_baseline,0.0559999999999999
glass,xgboost,imported_baseline,,0.7260515031882183,0.0807502134874346,0.057761209652555,,,,0.7260515031882183,0.0807502134874346,0.057761209652555,,,,,,,,,,10,10,imported_baseline,0.3548
image_segmentation,decision_tree,imported_baseline,,0.9485973570193078,0.0116210236843643,0.0083126019910068,,,,0.9485973570193078,0.0116210236843643,0.0083126019910068,,,,,,,,,,10,10,imported_baseline,0.3089
image_segmentation,fcalc_deterministic,imported_baseline,,0.8437376475067955,0.0190376137163261,0.0136177422902316,,,,0.8437376475067955,0.0190376137163261,0.0136177422902316,,,,,,,,,,10,10,imported_baseline,2163.2417
image_segmentation,fcalc_randomized,imported_baseline,,0.8447823276406309,0.0156726193938564,0.0112107376007632,,,,0.8447823276406309,0.0156726193938564,0.0112107376007632,,,,,,,,,,10,10,imported_baseline,1113.3234
image_segmentation,global_topk,balanced_precision_proxy,1346.0,0.5517400830877758,0.0241556090239942,0.0172786812178174,0.574401913875598,0.0209912230866918,0.0150151731519896,0.5517400830877758,0.0241556090239942,0.0172786812178174,0.5518524083123696,0.0240808013497724,0.0172251707493278,1346.0,0.0,0.0,0.8069544364508394,1.1702778228589004e-16,8.37108160567368e-17,10,10,ranked_lazyfca,
image_segmentation,global_topk,chi_squared,1346.0,0.5475860508960244,0.0222266565538973,0.0158988876145172,0.5722488038277511,0.0186609686485215,0.0133483253588516,0.5475860508960244,0.0222266565538973,0.0158988876145172,0.5477251826461893,0.0221538951055738,0.0158468408261593,1346.0,0.0,0.0,0.8069544364508394,1.1702778228589004e-16,8.37108160567368e-17,10,10,ranked_lazyfca,
image_segmentation,global_topk,delta_stability,15.0,0.9354808225760326,0.0132079200838352,0.0094477204218824,0.9346889952153112,0.0137683992670783,0.0098486352208783,0.9354808225760326,0.0132079200838352,0.0094477204218824,0.9352725132248224,0.0132656511777147,0.0094890158893868,15.0,0.0,0.0,0.0089928057553956,0.0,0.0,10,10,ranked_lazyfca,
image_segmentation,global_topk,description_volume,1.0,0.9678849617938404,0.0085567291264667,0.0061206900101988,0.9677033492822966,0.0086808377420563,0.0062094657973474,0.9678849617938404,0.0085567291264667,0.0061206900101988,0.9677963905399212,0.0085781264792165,0.0061359956908257,1.0,0.0,0.0,0.000599520383693,0.0,0.0,10,10,ranked_lazyfca,
image_segmentation,global_topk,error_rate,1.0,0.9678849617938404,0.0085567291264667,0.0061206900101988,0.9677033492822966,0.0086808377420563,0.0062094657973474,0.9678849617938404,0.0085567291264667,0.0061206900101988,0.9677963905399212,0.0085781264792165,0.0061359956908257,1.0,0.0,0.0,0.000599520383693,0.0,0.0,10,10,ranked_lazyfca,
image_segmentation,global_topk,fn,1346.0,0.3637237758994366,0.0138477469620399,0.0099053931989218,0.4526315789473684,0.0150799957302364,0.010786829623297,0.3637237758994366,0.0138477469620399,0.0099053931989218,0.3654640810472809,0.0139140041245377,0.0099527874247539,1346.0,0.0,0.0,0.8069544364508394,1.1702778228589004e-16,8.37108160567368e-17,10,10,ranked_lazyfca,
image_segmentation,global_topk,fp,1.0,0.9678849617938404,0.0085567291264667,0.0061206900101988,0.9677033492822966,0.0086808377420563,0.0062094657973474,0.9678849617938404,0.0085567291264667,0.0061206900101988,0.9677963905399212,0.0085781264792165,0.0061359956908257,1.0,0.0,0.0,0.000599520383693,0.0,0.0,10,10,ranked_lazyfca,
image_segmentation,global_topk,g_test,1346.0,0.5502708863337447,0.0227892437769153,0.0163013103095563,0.5741626794258373,0.0190388140132588,0.0136186008712778,0.5502708863337447,0.0227892437769153,0.0163013103095563,0.5504160899526251,0.0227175844550407,0.01625005188019,1346.0,0.0,0.0,0.8069544364508394,1.1702778228589004e-16,8.37108160567368e-17,10,10,ranked_lazyfca,
image_segmentation,global_topk,gini_gain,1346.0,0.5477616070302334,0.0226604133265676,0.0162091569599763,0.5724880382775119,0.0191071642505679,0.0136674922886067,0.5477616070302334,0.0226604133265676,0.0162091569599763,0.5479036414378295,0.0225865626962315,0.0161563310718753,1346.0,0.0,0.0,0.8069544364508394,1.1702778228589004e-16,8.37108160567368e-17,10,10,ranked_lazyfca,
image_segmentation,global_topk,information_gain,1346.0,0.5502708863337447,0.0227892437769153,0.0163013103095563,0.5741626794258373,0.0190388140132588,0.0136186008712778,0.5502708863337447,0.0227892437769153,0.0163013103095563,0.5504160899526251,0.0227175844550407,0.01625005188019,1346.0,0.0,0.0,0.8069544364508394,1.1702778228589004e-16,8.37108160567368e-17,10,10,ranked_lazyfca,
image_segmentation,global_topk,interval_tightness,1.0,0.9678849617938404,0.0085567291264667,0.0061206900101988,0.9677033492822966,0.0086808377420563,0.0062094657973474,0.9678849617938404,0.0085567291264667,0.0061206900101988,0.9677963905399212,0.0085781264792165,0.0061359956908257,1.0,0.0,0.0,0.000599520383693,0.0,0.0,10,10,ranked_lazyfca,
image_segmentation,global_topk,lift,1346.0,0.4809724717254499,0.0192793471848645,0.013790655982385,0.5267942583732057,0.0152477427785864,0.0109068202958895,0.4809724717254499,0.0192793471848645,0.013790655982385,0.4805477700811442,0.0192568589378079,0.0137745699771986,1346.0,0.0,0.0,0.8069544364508394,1.1702778228589004e-16,8.37108160567368e-17,10,10,ranked_lazyfca,
image_segmentation,global_topk,log_odds_ratio,195.0,0.8675479805541066,0.0134761339619662,0.0096395757418545,0.8688995215311006,0.0125986715522369,0.0090119205565404,0.8675479805541066,0.0134761339619662,0.0096395757418545,0.8673990361031201,0.0133954024750207,0.0095818279274324,195.0,0.0,0.0,0.1169064748201438,0.0,0.0,10,10,ranked_lazyfca,
image_segmentation,global_topk,log_odds_ratio_log_tp,242.0,0.8573912654804612,0.0146900862530924,0.0105079245643236,0.8605263157894738,0.0138145092396428,0.0098816180165559,0.8573912654804612,0.0146900862530924,0.0105079245643236,0.8572439194459666,0.0145823571612658,0.0104308651685655,242.0,0.0,0.0,0.145083932853717,0.0,0.0,10,10,ranked_lazyfca,
image_segmentation,global_topk,matthews_correlation,1346.0,0.541525620287816,0.0208831729755993,0.0149378841288371,0.5684210526315788,0.0179097697462581,0.0128109873703749,0.541525620287816,0.0208831729755993,0.0149378841288371,0.5416181787554628,0.0208236691854145,0.0148953206388902,1346.0,0.0,0.0,0.8069544364508394,1.1702778228589004e-16,8.37108160567368e-17,10,10,ranked_lazyfca,
image_segmentation,global_topk,precision,1.0,0.9678849617938404,0.0085567291264667,0.0061206900101988,0.9677033492822966,0.0086808377420563,0.0062094657973474,0.9678849617938404,0.0085567291264667,0.0061206900101988,0.9677963905399212,0.0085781264792165,0.0061359956908257,1.0,0.0,0.0,0.000599520383693,0.0,0.0,10,10,ranked_lazyfca,
image_segmentation,global_topk,precision_log_tp,242.0,0.8482546146241793,0.0170720628305426,0.0122117695764359,0.8504784688995215,0.0166988768671227,0.0119448269673512,0.8482546146241793,0.0170720628305426,0.0122117695764359,0.848119463501078,0.0169824335356615,0.0121476570958734,242.0,0.0,0.0,0.145083932853717,0.0,0.0,10,10,ranked_lazyfca,
image_segmentation,global_topk,precision_sqrt_tp,242.0,0.8550867215104135,0.0162337911286778,0.0116121477868942,0.8578947368421053,0.0154713165075314,0.0110667441954394,0.8550867215104135,0.0162337911286778,0.0116121477868942,0.8549321007495306,0.0161201759764193,0.0115308780496899,242.0,0.0,0.0,0.145083932853717,0.0,0.0,10,10,ranked_lazyfca,
image_segmentation,global_topk,query_binary_similarity,1.0,0.9678849617938404,0.0085567291264667,0.0061206900101988,0.9677033492822966,0.0086808377420563,0.0062094657973474,0.9678849617938404,0.0085567291264667,0.0061206900101988,0.9677963905399212,0.0085781264792165,0.0061359956908257,1.0,0.0,0.0,0.000599520383693,0.0,0.0,10,10,ranked_lazyfca,
image_segmentation,global_topk,query_numeric_similarity,1.0,0.9678849617938404,0.0085567291264667,0.0061206900101988,0.9677033492822966,0.0086808377420563,0.0062094657973474,0.9678849617938404,0.0085567291264667,0.0061206900101988,0.9677963905399212,0.0085781264792165,0.0061359956908257,1.0,0.0,0.0,0.000599520383693,0.0,0.0,10,10,ranked_lazyfca,
image_segmentation,global_topk,query_similarity,1.0,0.9678849617938404,0.0085567291264667,0.0061206900101988,0.9677033492822966,0.0086808377420563,0.0062094657973474,0.9678849617938404,0.0085567291264667,0.0061206900101988,0.9677963905399212,0.0085781264792165,0.0061359956908257,1.0,0.0,0.0,0.000599520383693,0.0,0.0,10,10,ranked_lazyfca,
image_segmentation,global_topk,query_weighted_log_odds_ratio,195.0,0.8698699469030595,0.0139079575357933,0.009948462256249,0.871291866028708,0.0132386002994878,0.0094696662012427,0.8698699469030595,0.0139079575357933,0.009948462256249,0.8697282388951683,0.0138295847945968,0.0098924016696599,195.0,0.0,0.0,0.1169064748201438,0.0,0.0,10,10,ranked_lazyfca,
image_segmentation,global_topk,query_weighted_log_odds_ratio_log_tp,195.0,0.8582081764808812,0.0150741847564952,0.0107826729919019,0.8593301435406697,0.0150377665917999,0.0107566228162394,0.8582081764808812,0.0150741847564952,0.0107826729919019,0.8581049548577623,0.015013738214944,0.0107394351451083,195.0,0.0,0.0,0.1169064748201438,0.0,0.0,10,10,ranked_lazyfca,
image_segmentation,global_topk,query_weighted_precision,1.0,0.9678849617938404,0.0085567291264667,0.0061206900101988,0.9677033492822966,0.0086808377420563,0.0062094657973474,0.9678849617938404,0.0085567291264667,0.0061206900101988,0.9677963905399212,0.0085781264792165,0.0061359956908257,1.0,0.0,0.0,0.000599520383693,0.0,0.0,10,10,ranked_lazyfca,
image_segmentation,global_topk,query_weighted_precision_log_tp,242.0,0.8556951873426388,0.0163969059177205,0.0117288249710207,0.8588516746411484,0.0153806232232742,0.0110018706356082,0.8556951873426388,0.0163969059177205,0.0117288249710207,0.8555504050372331,0.0162790075100468,0.0116444913903496,242.0,0.0,0.0,0.145083932853717,0.0,0.0,10,10,ranked_lazyfca,
image_segmentation,global_topk,query_weighted_precision_sqrt_tp,195.0,0.8619845253379342,0.0143454486835938,0.0102614028271513,0.8638755980861245,0.0135072748662527,0.0096618510551147,0.8619845253379342,0.0143454486835938,0.0102614028271513,0.8619049915271033,0.0142672306733116,0.0102054529207003,195.0,0.0,0.0,0.1169064748201438,0.0,0.0,10,10,ranked_lazyfca,
image_segmentation,global_topk,query_weighted_wracc,300.0,0.8220258494395773,0.0205160785669211,0.0146752988527593,0.8313397129186603,0.0188794905929054,0.0135046356804981,0.8220258494395773,0.0205160785669211,0.0146752988527593,0.8219993014738778,0.0203941285998678,0.0145880671624656,300.0,0.0,0.0,0.1798561151079136,0.0,0.0,10,10,ranked_lazyfca,
image_segmentation,global_topk,robustness,300.0,0.829536091577148,0.0205558266505905,0.0147037309434618,0.8344497607655501,0.0195268988044187,0.0139677314398898,0.829536091577148,0.0205558266505905,0.0147037309434618,0.8294816666601191,0.0204320678053911,0.014615205349594,300.0,0.0,0.0,0.1798561151079136,0.0,0.0,10,10,ranked_lazyfca,
image_segmentation,global_topk,simplicity_prior,1.0,0.9678849617938404,0.0085567291264667,0.0061206900101988,0.9677033492822966,0.0086808377420563,0.0062094657973474,0.9678849617938404,0.0085567291264667,0.0061206900101988,0.9677963905399212,0.0085781264792165,0.0061359956908257,1.0,0.0,0.0,0.000599520383693,0.0,0.0,10,10,ranked_lazyfca,
image_segmentation,global_topk,stability,300.0,0.829536091577148,0.0205558266505905,0.0147037309434618,0.8344497607655501,0.0195268988044187,0.0139677314398898,0.829536091577148,0.0205558266505905,0.0147037309434618,0.8294816666601191,0.0204320678053911,0.014615205349594,300.0,0.0,0.0,0.1798561151079136,0.0,0.0,10,10,ranked_lazyfca,
image_segmentation,global_topk,support,1346.0,0.3623121068035022,0.0133780952480002,0.0095694479432161,0.4552631578947367,0.0160304933662688,0.0114667274323309,0.3623121068035022,0.0133780952480002,0.0095694479432161,0.3640456575537582,0.0134421052731102,0.0096152347754802,1346.0,0.0,0.0,0.8069544364508394,1.1702778228589004e-16,8.37108160567368e-17,10,10,ranked_lazyfca,
image_segmentation,global_topk,supporter_opposer_ratio,1.0,0.9678849617938404,0.0085567291264667,0.0061206900101988,0.9677033492822966,0.0086808377420563,0.0062094657973474,0.9678849617938404,0.0085567291264667,0.0061206900101988,0.9677963905399212,0.0085781264792165,0.0061359956908257,1.0,0.0,0.0,0.000599520383693,0.0,0.0,10,10,ranked_lazyfca,
image_segmentation,global_topk,tn,1346.0,0.4887571193191398,0.0189521627605952,0.0135566186057753,0.5117224880382774,0.0171571857805463,0.0122726586360318,0.4887571193191398,0.0189521627605952,0.0135566186057753,0.4896355725722162,0.0189337636397844,0.0135434575820619,1346.0,0.0,0.0,0.8069544364508394,1.1702778228589004e-16,8.37108160567368e-17,10,10,ranked_lazyfca,
image_segmentation,global_topk,tp,300.0,0.8370218158307224,0.0196941439136416,0.0140873630718073,0.8418660287081339,0.0190204343561468,0.0136054537700883,0.8370218158307224,0.0196941439136416,0.0140873630718073,0.8369447145268987,0.0195811667604859,0.0140065496999592,300.0,0.0,0.0,0.1798561151079136,0.0,0.0,10,10,ranked_lazyfca,
image_segmentation,global_topk,wracc,1346.0,0.551275654585217,0.0243927809289082,0.0174483319906362,0.5741626794258373,0.0212785710751616,0.0152207152389814,0.551275654585217,0.0243927809289082,0.0174483319906362,0.5513967015505579,0.024317320019828,0.0173943542585448,1346.0,0.0,0.0,0.8069544364508394,1.1702778228589004e-16,8.37108160567368e-17,10,10,ranked_lazyfca,
image_segmentation,global_topk,youdens_j,1346.0,0.5517400830877758,0.0241556090239942,0.0172786812178174,0.574401913875598,0.0209912230866918,0.0150151731519896,0.5517400830877758,0.0241556090239942,0.0172786812178174,0.5518524083123696,0.0240808013497724,0.0172251707493278,1346.0,0.0,0.0,0.8069544364508394,1.1702778228589004e-16,8.37108160567368e-17,10,10,ranked_lazyfca,
image_segmentation,ips_knn,imported_baseline,,0.9493843056953112,0.0143121211497634,0.0102375634020199,,,,0.9493843056953112,0.0143121211497634,0.0102375634020199,,,,,,,,,,10,10,imported_baseline,121.13579999999996
image_segmentation,knn,imported_baseline,,0.9493843056953112,0.0143121211497634,0.0102375634020199,,,,0.9493843056953112,0.0143121211497634,0.0102375634020199,,,,,,,,,,10,10,imported_baseline,1.9114
image_segmentation,logistic_regression,imported_baseline,,0.9534703937622984,0.0043963653458373,0.0031447518152958,,,,0.9534703937622984,0.0043963653458373,0.0031447518152958,,,,,,,,,,10,10,imported_baseline,51.9091
image_segmentation,naive_bayes,imported_baseline,,0.7827320522195497,0.0136982778612468,0.009798476873941,,,,0.7827320522195497,0.0136982778612468,0.009798476873941,,,,,,,,,,10,10,imported_baseline,0.0666
image_segmentation,random_forest,imported_baseline,,0.9709429429220864,0.0064318011000954,0.0046007136791527,,,,0.9709429429220864,0.0064318011000954,0.0046007136791527,,,,,,,,,,10,10,imported_baseline,23.3116
image_segmentation,random_topk,random,1.0,0.1443985425809342,0.0049858112038567,0.0035663866855143,0.1452631578947368,0.0051641157167011,0.0036939291885444,0.1443985425809342,0.0049858112038567,0.0035663866855143,0.1444107813842196,0.0049570892057336,0.0035458416332652,1.0,0.0,0.0,0.000599520383693,0.0,0.0,10,50,ranked_lazyfca,
image_segmentation,svm,imported_baseline,,0.9543299281593154,0.0084612880904611,0.0060524203493263,,,,0.9543299281593154,0.0084612880904611,0.0060524203493263,,,,,,,,,,10,10,imported_baseline,0.305
image_segmentation,xgboost,imported_baseline,,0.9768980193117272,0.0089030643140118,0.0063684260657941,,,,0.9768980193117272,0.0089030643140118,0.0063684260657941,,,,,,,,,,10,10,imported_baseline,7.1197
